pair_idx,imageA_name,imageB_name,annotation_idx,pt1_img,pt1_x,pt1_y,pt2_img,pt2_x,pt2_y,label,temperature
0,rgb_04_03600.png,rgb_12_08400.png,0,0,145,318,1,477,162,-1,0.1739
0,rgb_04_03600.png,rgb_12_08400.png,1,0,125,151,0,405,298,1,0.1739
0,rgb_04_03600.png,rgb_12_08400.png,2,1,114,265,1,488,73,-1,0.1739
1,rgb_10_13320.png,rgb_12_08820.png,0,1,268,133,1,391,305,1,0.1744
1,rgb_10_13320.png,rgb_12_08820.png,1,1,65,86,0,242,51,-1,0.1744
1,rgb_10_13320.png,rgb_12_08820.png,2,0,425,225,1,477,286,1,0.1744
2,rgb_05_05520.png,rgb_10_00120.png,0,0,477,144,0,468,292,-1,0.1028
2,rgb_05_05520.png,rgb_10_00120.png,1,0,74,263,1,225,237,0,0.1028
2,rgb_05_05520.png,rgb_10_00120.png,2,1,548,266,0,297,88,-1,0.1028
3,rgb_01_01020.png,rgb_12_11040.png,0,1,165,234,1,568,210,-1,0.2400
3,rgb_01_01020.png,rgb_12_11040.png,1,1,434,196,0,77,48,-1,0.2400
3,rgb_01_01020.png,rgb_12_11040.png,2,1,80,159,1,128,287,1,0.2400
4,rgb_03_01680.png,rgb_09_04380.png,0,0,214,146,0,251,210,0,0.1612
4,rgb_03_01680.png,rgb_09_04380.png,1,1,340,101,0,94,94,1,0.1612
4,rgb_03_01680.png,rgb_09_04380.png,2,0,91,228,1,322,261,0,0.1612
5,rgb_02_02220.png,rgb_08_11610.png,0,0,411,59,1,551,102,1,0.2249
5,rgb_02_02220.png,rgb_08_11610.png,1,0,111,175,0,174,276,0,0.2249
5,rgb_02_02220.png,rgb_08_11610.png,2,0,397,130,1,397,253,-1,0.2249
6,rgb_08_10350.png,rgb_11_11070.png,0,1,85,205,0,340,155,0,0.0617
6,rgb_08_10350.png,rgb_11_11070.png,1,1,565,204,0,314,69,0,0.0617
6,rgb_08_10350.png,rgb_11_11070.png,2,0,560,303,0,88,143,-1,0.0617
7,rgb_05_09180.png,rgb_06_03780.png,0,1,288,242,0,288,215,0,0.2720
7,rgb_05_09180.png,rgb_06_03780.png,1,1,554,210,0,388,144,1,0.2720
7,rgb_05_09180.png,rgb_06_03780.png,2,0,282,167,0,440,59,-1,0.2720
8,rgb_06_04140.png,rgb_10_05580.png,0,1,325,130,1,354,40,-1,0.4197
8,rgb_06_04140.png,rgb_10_05580.png,1,1,502,188,1,225,59,-1,0.4197
8,rgb_06_04140.png,rgb_10_05580.png,2,0,568,173,1,145,234,0,0.4197
9,rgb_05_03120.png,rgb_06_13140.png,0,0,325,45,1,511,99,1,0.0262
9,rgb_05_03120.png,rgb_06_13140.png,1,0,494,212,0,351,98,0,0.0262
9,rgb_05_03120.png,rgb_06_13140.png,2,0,297,226,1,388,274,0,0.0262
10,rgb_05_07560.png,rgb_11_03210.png,0,1,431,139,1,300,279,0,0.4047
10,rgb_05_07560.png,rgb_11_03210.png,1,0,325,310,0,154,135,0,0.4047
10,rgb_05_07560.png,rgb_11_03210.png,2,0,520,298,0,545,48,-1,0.4047
11,rgb_01_12840.png,rgb_08_08970.png,0,1,574,120,1,482,188,1,0.1896
11,rgb_01_12840.png,rgb_08_08970.png,1,0,285,53,1,125,81,0,0.1896
11,rgb_01_12840.png,rgb_08_08970.png,2,1,302,114,0,77,279,1,0.1896
12,rgb_04_01500.png,rgb_04_02580.png,0,0,522,131,1,385,315,1,0.1039
12,rgb_04_01500.png,rgb_04_02580.png,1,0,505,80,0,105,199,1,0.1039
12,rgb_04_01500.png,rgb_04_02580.png,2,0,77,250,0,400,120,-1,0.1039
13,rgb_03_08580.png,rgb_04_13560.png,0,1,402,233,0,208,72,-1,0.1270
13,rgb_03_08580.png,rgb_04_13560.png,1,1,240,118,0,400,207,1,0.1270
13,rgb_03_08580.png,rgb_04_13560.png,2,1,194,311,0,331,173,0,0.1270
14,rgb_04_12840.png,rgb_10_09180.png,0,0,462,131,1,388,271,0,0.1458
14,rgb_04_12840.png,rgb_10_09180.png,1,1,237,234,0,360,160,0,0.1458
14,rgb_04_12840.png,rgb_10_09180.png,2,0,437,57,1,522,216,1,0.1458
15,rgb_11_08310.png,rgb_11_08850.png,0,1,80,115,0,448,270,1,0.0282
15,rgb_11_08310.png,rgb_11_08850.png,1,1,480,171,0,334,56,-1,0.0282
15,rgb_11_08310.png,rgb_11_08850.png,2,1,328,136,1,231,51,-1,0.0282
16,rgb_04_10860.png,rgb_11_08970.png,0,0,422,78,1,351,54,-1,0.0614
16,rgb_04_10860.png,rgb_11_08970.png,1,0,245,93,0,505,46,-1,0.0614
16,rgb_04_10860.png,rgb_11_08970.png,2,0,568,135,0,368,290,1,0.0614
17,rgb_01_02820.png,rgb_08_13170.png,0,1,168,281,0,274,85,-1,0.2782
17,rgb_01_02820.png,rgb_08_13170.png,1,0,91,112,1,62,188,-1,0.2782
17,rgb_01_02820.png,rgb_08_13170.png,2,0,525,159,1,448,93,-1,0.2782
18,rgb_01_04800.png,rgb_10_01020.png,0,1,320,292,1,520,191,0,0.2911
18,rgb_01_04800.png,rgb_10_01020.png,1,1,142,196,1,320,77,-1,0.2911
18,rgb_01_04800.png,rgb_10_01020.png,2,1,262,152,1,134,112,0,0.2911
19,rgb_09_00960.png,rgb_11_03570.png,0,0,328,159,0,225,78,-1,0.1394
19,rgb_09_00960.png,rgb_11_03570.png,1,0,102,152,1,408,136,-1,0.1394
19,rgb_09_00960.png,rgb_11_03570.png,2,0,148,313,1,217,93,-1,0.1394
20,rgb_02_11520.png,rgb_09_06120.png,0,1,494,196,0,314,69,-1,0.2139
20,rgb_02_11520.png,rgb_09_06120.png,1,1,191,96,1,374,303,1,0.2139
20,rgb_02_11520.png,rgb_09_06120.png,2,0,551,197,0,240,176,0,0.2139
21,rgb_03_04080.png,rgb_06_06300.png,0,1,160,191,1,111,255,0,0.2723
21,rgb_03_04080.png,rgb_06_06300.png,1,1,394,91,0,180,48,0,0.2723
21,rgb_03_04080.png,rgb_06_06300.png,2,1,182,77,0,111,168,1,0.2723
22,rgb_10_10380.png,rgb_11_02910.png,0,1,277,133,1,300,51,-1,0.0142
22,rgb_10_10380.png,rgb_11_02910.png,1,1,148,45,0,317,261,1,0.0142
22,rgb_10_10380.png,rgb_11_02910.png,2,1,520,104,0,525,118,0,0.0142
23,rgb_03_05280.png,rgb_12_07740.png,0,0,500,67,1,120,115,1,0.2649
23,rgb_03_05280.png,rgb_12_07740.png,1,0,457,239,0,351,306,0,0.2649
23,rgb_03_05280.png,rgb_12_07740.png,2,1,262,181,0,545,319,0,0.2649
24,rgb_02_07920.png,rgb_08_08610.png,0,1,142,70,1,368,221,1,0.2460
24,rgb_02_07920.png,rgb_08_08610.png,1,0,108,147,1,377,90,-1,0.2460
24,rgb_02_07920.png,rgb_08_08610.png,2,0,471,144,0,482,305,1,0.2460
25,rgb_04_03240.png,rgb_04_09900.png,0,0,108,278,0,440,323,0,0.4154
25,rgb_04_03240.png,rgb_04_09900.png,1,1,188,221,0,457,274,1,0.4154
25,rgb_04_03240.png,rgb_04_09900.png,2,0,465,93,0,462,221,1,0.4154
26,rgb_03_11880.png,rgb_07_01650.png,0,0,260,48,0,574,258,1,0.2438
26,rgb_03_11880.png,rgb_07_01650.png,1,0,137,273,0,425,210,0,0.2438
26,rgb_03_11880.png,rgb_07_01650.png,2,1,480,258,1,160,260,0,0.2438
27,rgb_05_11640.png,rgb_07_07110.png,0,1,434,274,0,545,192,0,0.1759
27,rgb_05_11640.png,rgb_07_07110.png,1,0,477,101,1,205,319,0,0.1759
27,rgb_05_11640.png,rgb_07_07110.png,2,1,71,46,1,337,40,0,0.1759
28,rgb_07_06390.png,rgb_10_12900.png,0,0,520,316,0,120,106,-1,0.1249
28,rgb_07_06390.png,rgb_10_12900.png,1,1,211,194,0,68,315,0,0.1249
28,rgb_07_06390.png,rgb_10_12900.png,2,0,574,194,1,425,196,0,0.1249
29,rgb_09_06240.png,rgb_12_01260.png,0,0,508,75,0,302,130,1,0.3275
29,rgb_09_06240.png,rgb_12_01260.png,1,0,194,191,1,157,247,0,0.3275
29,rgb_09_06240.png,rgb_12_01260.png,2,0,297,188,0,485,186,-1,0.3275
30,rgb_05_04080.png,rgb_08_08850.png,0,0,465,162,1,382,218,0,0.0802
30,rgb_05_04080.png,rgb_08_08850.png,1,1,514,149,0,251,139,-1,0.0802
30,rgb_05_04080.png,rgb_08_08850.png,2,1,502,96,1,368,83,0,0.0802
31,rgb_02_01320.png,rgb_11_12990.png,0,1,374,183,1,477,86,-1,0.1993
31,rgb_02_01320.png,rgb_11_12990.png,1,1,548,189,0,274,61,-1,0.1993
31,rgb_02_01320.png,rgb_11_12990.png,2,1,122,49,0,377,81,1,0.1993
32,rgb_05_08340.png,rgb_07_01350.png,0,1,374,279,0,277,91,-1,0.2635
32,rgb_05_08340.png,rgb_07_01350.png,1,1,208,72,0,517,311,1,0.2635
32,rgb_05_08340.png,rgb_07_01350.png,2,1,288,241,0,88,233,0,0.2635
33,rgb_02_11280.png,rgb_07_05910.png,0,1,548,159,0,400,78,-1,0.0427
33,rgb_02_11280.png,rgb_07_05910.png,1,1,208,306,0,71,146,-1,0.0427
33,rgb_02_11280.png,rgb_07_05910.png,2,1,194,78,0,305,223,0,0.0427
34,rgb_01_10080.png,rgb_02_11160.png,0,0,317,77,1,525,45,0,0.3405
34,rgb_01_10080.png,rgb_02_11160.png,1,0,494,123,1,462,194,-1,0.3405
34,rgb_01_10080.png,rgb_02_11160.png,2,1,171,61,0,202,289,1,0.3405
35,rgb_01_01680.png,rgb_09_05940.png,0,0,220,128,1,68,207,-1,0.2232
35,rgb_01_01680.png,rgb_09_05940.png,1,1,300,165,1,291,295,0,0.2232
35,rgb_01_01680.png,rgb_09_05940.png,2,0,528,294,1,420,284,0,0.2232
36,rgb_09_00300.png,rgb_09_08220.png,0,0,80,305,1,437,45,-1,0.0760
36,rgb_09_00300.png,rgb_09_08220.png,1,0,257,117,0,514,294,-1,0.0760
36,rgb_09_00300.png,rgb_09_08220.png,2,1,185,104,1,202,35,-1,0.0760
37,rgb_05_02040.png,rgb_11_06930.png,0,1,534,171,1,231,266,0,0.1982
37,rgb_05_02040.png,rgb_11_06930.png,1,1,337,313,1,157,197,-1,0.1982
37,rgb_05_02040.png,rgb_11_06930.png,2,0,520,249,0,337,151,-1,0.1982
38,rgb_01_07920.png,rgb_06_05100.png,0,1,551,245,0,554,67,-1,0.2949
38,rgb_01_07920.png,rgb_06_05100.png,1,0,540,253,0,560,316,0,0.2949
38,rgb_01_07920.png,rgb_06_05100.png,2,0,202,316,0,311,204,0,0.2949
39,rgb_01_04200.png,rgb_01_07380.png,0,1,522,43,0,422,48,0,0.3933
39,rgb_01_04200.png,rgb_01_07380.png,1,0,160,234,1,465,247,1,0.3933
39,rgb_01_04200.png,rgb_01_07380.png,2,1,82,236,1,88,51,-1,0.3933
40,rgb_03_03480.png,rgb_12_12960.png,0,1,154,216,0,260,184,0,0.1323
40,rgb_03_03480.png,rgb_12_12960.png,1,1,317,204,0,394,276,0,0.1323
40,rgb_03_03480.png,rgb_12_12960.png,2,1,142,284,0,440,173,0,0.1323
41,rgb_02_12120.png,rgb_12_06360.png,0,0,231,98,1,182,199,1,0.1535
41,rgb_02_12120.png,rgb_12_06360.png,1,1,202,117,0,428,81,-1,0.1535
41,rgb_02_12120.png,rgb_12_06360.png,2,1,357,323,1,434,141,-1,0.1535
42,rgb_02_11940.png,rgb_05_07320.png,0,0,174,48,0,437,64,0,0.1188
42,rgb_02_11940.png,rgb_05_07320.png,1,1,394,221,0,322,170,0,0.1188
42,rgb_02_11940.png,rgb_05_07320.png,2,1,125,257,0,520,160,0,0.1188
43,rgb_07_09150.png,rgb_11_01410.png,0,0,122,252,1,517,247,1,0.2807
43,rgb_07_09150.png,rgb_11_01410.png,1,0,105,101,0,391,91,0,0.2807
43,rgb_07_09150.png,rgb_11_01410.png,2,1,477,112,1,411,257,1,0.2807
44,rgb_10_01980.png,rgb_11_10590.png,0,1,77,263,1,302,167,0,0.1329
44,rgb_10_01980.png,rgb_11_10590.png,1,0,562,199,0,162,273,0,0.1329
44,rgb_10_01980.png,rgb_11_10590.png,2,1,462,165,0,257,56,-1,0.1329
45,rgb_02_05580.png,rgb_12_08700.png,0,1,97,70,1,482,49,-1,0.0210
45,rgb_02_05580.png,rgb_12_08700.png,1,1,237,53,1,431,213,1,0.0210
45,rgb_02_05580.png,rgb_12_08700.png,2,1,385,72,0,328,46,0,0.0210
46,rgb_06_12360.png,rgb_07_07770.png,0,0,131,167,1,80,94,-1,0.2132
46,rgb_06_12360.png,rgb_07_07770.png,1,0,371,257,1,414,122,-1,0.2132
46,rgb_06_12360.png,rgb_07_07770.png,2,0,65,90,0,100,260,0,0.2132
47,rgb_03_13380.png,rgb_04_07200.png,0,1,565,245,0,105,49,-1,0.3035
47,rgb_03_13380.png,rgb_04_07200.png,1,0,125,300,0,262,81,-1,0.3035
47,rgb_03_13380.png,rgb_04_07200.png,2,0,377,78,1,71,126,1,0.3035
48,rgb_09_11760.png,rgb_12_12780.png,0,1,337,208,0,151,260,0,0.5092
48,rgb_09_11760.png,rgb_12_12780.png,1,1,100,99,1,345,160,1,0.5092
48,rgb_09_11760.png,rgb_12_12780.png,2,1,428,319,0,400,250,0,0.5092
49,rgb_03_08340.png,rgb_08_01710.png,0,0,125,114,0,434,40,-1,0.2529
49,rgb_03_08340.png,rgb_08_01710.png,1,0,322,40,0,125,220,1,0.2529
49,rgb_03_08340.png,rgb_08_01710.png,2,1,474,237,0,417,295,0,0.2529
50,rgb_06_06840.png,rgb_09_04260.png,0,0,574,178,1,542,35,-1,0.3316
50,rgb_06_06840.png,rgb_09_04260.png,1,0,494,321,1,365,75,-1,0.3316
50,rgb_06_06840.png,rgb_09_04260.png,2,1,165,287,0,97,225,0,0.3316
51,rgb_08_10650.png,rgb_11_12390.png,0,1,480,282,0,345,186,0,0.2394
51,rgb_08_10650.png,rgb_11_12390.png,1,0,391,292,0,551,154,-1,0.2394
51,rgb_08_10650.png,rgb_11_12390.png,2,1,391,152,1,277,221,0,0.2394
52,rgb_07_03510.png,rgb_12_01020.png,0,0,220,38,1,417,163,1,0.4282
52,rgb_07_03510.png,rgb_12_01020.png,1,0,297,75,1,85,139,1,0.4282
52,rgb_07_03510.png,rgb_12_01020.png,2,1,448,72,1,302,112,1,0.4282
53,rgb_04_12600.png,rgb_09_12360.png,0,1,334,250,1,568,128,-1,0.3337
53,rgb_04_12600.png,rgb_09_12360.png,1,1,528,249,1,142,276,0,0.3337
53,rgb_04_12600.png,rgb_09_12360.png,2,1,382,57,1,437,250,1,0.3337
54,rgb_03_10200.png,rgb_06_12420.png,0,0,405,302,0,388,109,0,0.0579
54,rgb_03_10200.png,rgb_06_12420.png,1,1,220,126,0,291,73,-1,0.0579
54,rgb_03_10200.png,rgb_06_12420.png,2,1,420,135,0,317,141,-1,0.0579
55,rgb_12_04500.png,rgb_12_09840.png,0,0,340,83,1,62,167,1,0.1253
55,rgb_12_04500.png,rgb_12_09840.png,1,1,500,98,0,557,104,0,0.1253
55,rgb_12_04500.png,rgb_12_09840.png,2,1,334,110,0,77,99,1,0.1253
56,rgb_09_10020.png,rgb_11_05430.png,0,0,482,311,1,162,157,0,0.1368
56,rgb_09_10020.png,rgb_11_05430.png,1,0,311,109,0,540,266,1,0.1368
56,rgb_09_10020.png,rgb_11_05430.png,2,1,74,292,1,288,316,1,0.1368
57,rgb_06_04920.png,rgb_08_08550.png,0,0,308,59,1,265,191,1,0.0624
57,rgb_06_04920.png,rgb_08_08550.png,1,0,157,75,0,180,197,1,0.0624
57,rgb_06_04920.png,rgb_08_08550.png,2,1,205,149,1,337,75,-1,0.0624
58,rgb_07_02430.png,rgb_08_05910.png,0,0,420,229,0,411,62,-1,0.0440
58,rgb_07_02430.png,rgb_08_05910.png,1,0,280,83,1,565,151,1,0.0440
58,rgb_07_02430.png,rgb_08_05910.png,2,1,240,159,0,551,62,-1,0.0440
59,rgb_02_10560.png,rgb_11_01710.png,0,0,180,98,0,454,311,0,0.4081
59,rgb_02_10560.png,rgb_11_01710.png,1,1,237,253,0,165,152,0,0.4081
59,rgb_02_10560.png,rgb_11_01710.png,2,1,534,168,0,408,70,-1,0.4081
60,rgb_03_00720.png,rgb_06_11400.png,0,0,108,139,0,397,85,-1,0.1284
60,rgb_03_00720.png,rgb_06_11400.png,1,0,557,51,1,360,77,1,0.1284
60,rgb_03_00720.png,rgb_06_11400.png,2,1,208,171,0,100,245,0,0.1284
61,rgb_04_13680.png,rgb_12_01980.png,0,1,182,94,1,374,204,0,0.1960
61,rgb_04_13680.png,rgb_12_01980.png,1,0,157,115,1,394,260,1,0.1960
61,rgb_04_13680.png,rgb_12_01980.png,2,1,554,268,0,377,289,0,0.1960
62,rgb_01_02700.png,rgb_10_04980.png,0,0,345,51,0,274,151,1,0.0823
62,rgb_01_02700.png,rgb_10_04980.png,1,0,88,200,1,140,284,0,0.0823
62,rgb_01_02700.png,rgb_10_04980.png,2,1,428,194,0,308,104,-1,0.0823
63,rgb_01_06780.png,rgb_10_11400.png,0,0,117,118,1,374,241,0,0.0450
63,rgb_01_06780.png,rgb_10_11400.png,1,1,102,298,1,322,136,1,0.0450
63,rgb_01_06780.png,rgb_10_11400.png,2,1,525,221,0,440,101,1,0.0450
64,rgb_05_03960.png,rgb_11_11790.png,0,1,231,181,1,534,143,0,0.4148
64,rgb_05_03960.png,rgb_11_11790.png,1,1,80,125,0,434,171,1,0.4148
64,rgb_05_03960.png,rgb_11_11790.png,2,0,414,57,1,114,213,1,0.4148
65,rgb_03_01440.png,rgb_05_05160.png,0,1,131,281,0,468,194,0,0.3756
65,rgb_03_01440.png,rgb_05_05160.png,1,0,285,101,0,154,130,-1,0.3756
65,rgb_03_01440.png,rgb_05_05160.png,2,1,425,289,0,205,189,0,0.3756
66,rgb_02_01680.png,rgb_07_07470.png,0,1,140,86,1,571,35,0,0.0179
66,rgb_02_01680.png,rgb_07_07470.png,1,1,128,143,0,165,295,1,0.0179
66,rgb_02_01680.png,rgb_07_07470.png,2,1,554,184,1,125,38,-1,0.0179
67,rgb_01_11160.png,rgb_08_04290.png,0,1,374,294,1,560,298,0,0.3230
67,rgb_01_11160.png,rgb_08_04290.png,1,1,568,210,1,557,125,-1,0.3230
67,rgb_01_11160.png,rgb_08_04290.png,2,0,411,90,1,220,106,-1,0.3230
68,rgb_01_08820.png,rgb_08_06030.png,0,1,154,287,0,565,35,-1,0.2011
68,rgb_01_08820.png,rgb_08_06030.png,1,0,394,255,1,568,61,-1,0.2011
68,rgb_01_08820.png,rgb_08_06030.png,2,1,220,73,0,537,323,-1,0.2011
69,rgb_02_07620.png,rgb_03_05760.png,0,1,485,313,0,248,81,-1,0.0587
69,rgb_02_07620.png,rgb_03_05760.png,1,1,382,69,1,137,73,1,0.0587
69,rgb_02_07620.png,rgb_03_05760.png,2,0,82,215,0,254,245,1,0.0587
70,rgb_02_03900.png,rgb_11_11730.png,0,1,520,323,0,437,83,-1,0.0910
70,rgb_02_03900.png,rgb_11_11730.png,1,1,128,315,0,248,130,0,0.0910
70,rgb_02_03900.png,rgb_11_11730.png,2,1,240,54,0,328,109,1,0.0910
71,rgb_10_12000.png,rgb_12_05220.png,0,0,94,250,1,394,180,0,0.3262
71,rgb_10_12000.png,rgb_12_05220.png,1,1,160,70,1,445,69,0,0.3262
71,rgb_10_12000.png,rgb_12_05220.png,2,0,471,178,0,502,48,-1,0.3262
72,rgb_02_00180.png,rgb_04_10260.png,0,1,191,273,0,517,65,-1,0.1920
72,rgb_02_00180.png,rgb_04_10260.png,1,1,422,260,0,177,261,0,0.1920
72,rgb_02_00180.png,rgb_04_10260.png,2,0,485,131,1,202,149,-1,0.1920
73,rgb_04_08220.png,rgb_09_02940.png,0,0,71,101,0,254,271,1,0.1826
73,rgb_04_08220.png,rgb_09_02940.png,1,0,114,57,0,248,77,0,0.1826
73,rgb_04_08220.png,rgb_09_02940.png,2,1,108,144,1,537,72,-1,0.1826
74,rgb_06_03000.png,rgb_11_00390.png,0,1,74,294,0,334,72,-1,0.1155
74,rgb_06_03000.png,rgb_11_00390.png,1,1,177,146,1,528,125,0,0.1155
74,rgb_06_03000.png,rgb_11_00390.png,2,0,197,268,1,320,123,0,0.1155
75,rgb_05_07920.png,rgb_11_00630.png,0,0,408,252,1,485,192,0,0.2614
75,rgb_05_07920.png,rgb_11_00630.png,1,0,362,110,1,288,176,-1,0.2614
75,rgb_05_07920.png,rgb_11_00630.png,2,1,342,247,0,180,35,-1,0.2614
76,rgb_02_09660.png,rgb_03_06720.png,0,1,440,99,0,177,319,1,0.0487
76,rgb_02_09660.png,rgb_03_06720.png,1,0,414,77,1,397,205,1,0.0487
76,rgb_02_09660.png,rgb_03_06720.png,2,1,360,72,0,194,41,-1,0.0487
77,rgb_06_05160.png,rgb_07_10830.png,0,1,185,152,0,148,186,-1,0.1311
77,rgb_06_05160.png,rgb_07_10830.png,1,1,440,223,0,351,302,1,0.1311
77,rgb_06_05160.png,rgb_07_10830.png,2,1,228,70,0,271,78,1,0.1311
78,rgb_07_00210.png,rgb_07_02850.png,0,0,251,192,1,111,38,-1,0.0102
78,rgb_07_00210.png,rgb_07_02850.png,1,0,294,144,1,554,91,-1,0.0102
78,rgb_07_00210.png,rgb_07_02850.png,2,0,148,131,1,274,48,-1,0.0102
79,rgb_06_02520.png,rgb_11_00870.png,0,0,77,94,0,94,300,0,0.2389
79,rgb_06_02520.png,rgb_11_00870.png,1,0,320,144,0,77,151,-1,0.2389
79,rgb_06_02520.png,rgb_11_00870.png,2,1,205,303,1,417,122,-1,0.2389
80,rgb_07_08190.png,rgb_09_03540.png,0,1,80,168,0,571,57,-1,0.0273
80,rgb_07_08190.png,rgb_09_03540.png,1,0,548,114,0,245,303,0,0.0273
80,rgb_07_08190.png,rgb_09_03540.png,2,0,320,143,1,508,69,-1,0.0273
81,rgb_02_11040.png,rgb_09_03060.png,0,1,202,56,1,160,128,1,0.1362
81,rgb_02_11040.png,rgb_09_03060.png,1,1,142,205,0,525,56,0,0.1362
81,rgb_02_11040.png,rgb_09_03060.png,2,1,402,192,0,497,180,0,0.1362
82,rgb_05_09600.png,rgb_09_09840.png,0,1,334,171,0,420,241,0,0.0138
82,rgb_05_09600.png,rgb_09_09840.png,1,1,200,143,0,108,65,-1,0.0138
82,rgb_05_09600.png,rgb_09_09840.png,2,1,331,250,0,194,197,0,0.0138
83,rgb_07_05010.png,rgb_11_04710.png,0,0,134,73,1,505,109,-1,0.1522
83,rgb_07_05010.png,rgb_11_04710.png,1,0,205,319,1,385,99,-1,0.1522
83,rgb_07_05010.png,rgb_11_04710.png,2,0,148,175,0,562,236,0,0.1522
84,rgb_04_01020.png,rgb_10_03420.png,0,0,468,159,1,177,278,0,0.0913
84,rgb_04_01020.png,rgb_10_03420.png,1,0,537,215,1,508,133,-1,0.0913
84,rgb_04_01020.png,rgb_10_03420.png,2,0,122,126,1,291,117,-1,0.0913
85,rgb_05_01140.png,rgb_05_06300.png,0,1,562,141,1,554,318,1,0.2985
85,rgb_05_01140.png,rgb_05_06300.png,1,0,200,216,1,377,178,0,0.2985
85,rgb_05_01140.png,rgb_05_06300.png,2,0,488,141,0,414,225,1,0.2985
86,rgb_01_04680.png,rgb_09_06540.png,0,1,348,292,0,365,260,0,0.0710
86,rgb_01_04680.png,rgb_09_06540.png,1,1,305,107,0,217,85,1,0.0710
86,rgb_01_04680.png,rgb_09_06540.png,2,0,122,99,1,168,237,1,0.0710
87,rgb_02_12780.png,rgb_08_11010.png,0,0,420,62,1,74,192,1,0.1147
87,rgb_02_12780.png,rgb_08_11010.png,1,0,574,271,0,91,123,-1,0.1147
87,rgb_02_12780.png,rgb_08_11010.png,2,1,168,284,1,480,109,0,0.1147
88,rgb_08_05670.png,rgb_11_05670.png,0,1,211,250,1,457,152,0,0.2109
88,rgb_08_05670.png,rgb_11_05670.png,1,0,382,141,0,448,72,-1,0.2109
88,rgb_08_05670.png,rgb_11_05670.png,2,0,177,270,1,282,282,0,0.2109
89,rgb_01_07800.png,rgb_04_04920.png,0,1,457,88,1,471,311,1,0.3276
89,rgb_01_07800.png,rgb_04_04920.png,1,1,160,101,0,354,64,-1,0.3276
89,rgb_01_07800.png,rgb_04_04920.png,2,0,148,93,1,137,294,1,0.3276
90,rgb_02_11880.png,rgb_10_00660.png,0,1,554,287,1,134,126,-1,0.2246
90,rgb_02_11880.png,rgb_10_00660.png,1,0,491,77,1,137,316,0,0.2246
90,rgb_02_11880.png,rgb_10_00660.png,2,0,437,250,1,251,81,-1,0.2246
91,rgb_06_08580.png,rgb_09_13020.png,0,0,422,241,0,288,303,0,0.4376
91,rgb_06_08580.png,rgb_09_13020.png,1,0,228,62,1,225,215,1,0.4376
91,rgb_06_08580.png,rgb_09_13020.png,2,0,68,154,1,302,176,0,0.4376
92,rgb_07_04890.png,rgb_11_03270.png,0,0,482,225,0,74,318,0,0.2909
92,rgb_07_04890.png,rgb_11_03270.png,1,0,265,294,1,211,59,-1,0.2909
92,rgb_07_04890.png,rgb_11_03270.png,2,1,494,220,1,91,141,-1,0.2909
93,rgb_11_02370.png,rgb_12_10380.png,0,1,440,208,1,302,139,-1,0.1613
93,rgb_11_02370.png,rgb_12_10380.png,1,0,477,258,1,105,204,0,0.1613
93,rgb_11_02370.png,rgb_12_10380.png,2,0,480,102,1,320,69,-1,0.1613
94,rgb_04_04020.png,rgb_09_01920.png,0,0,557,62,1,140,67,0,0.5478
94,rgb_04_04020.png,rgb_09_01920.png,1,0,311,123,1,140,284,0,0.5478
94,rgb_04_04020.png,rgb_09_01920.png,2,1,537,226,0,480,141,0,0.5478
95,rgb_06_08100.png,rgb_06_08880.png,0,0,234,210,1,445,85,-1,0.0520
95,rgb_06_08100.png,rgb_06_08880.png,1,1,400,234,1,94,128,-1,0.0520
95,rgb_06_08100.png,rgb_06_08880.png,2,1,271,242,0,97,86,-1,0.0520
96,rgb_09_10620.png,rgb_12_11220.png,0,1,134,139,0,77,80,0,0.1892
96,rgb_09_10620.png,rgb_12_11220.png,1,0,431,138,0,271,80,-1,0.1892
96,rgb_09_10620.png,rgb_12_11220.png,2,1,280,308,1,557,192,0,0.1892
97,rgb_11_00270.png,rgb_12_06120.png,0,0,200,171,0,62,91,0,0.1149
97,rgb_11_00270.png,rgb_12_06120.png,1,1,454,197,1,377,72,-1,0.1149
97,rgb_11_00270.png,rgb_12_06120.png,2,0,105,266,1,411,319,1,0.1149
98,rgb_04_05700.png,rgb_12_09960.png,0,0,168,200,1,314,152,0,0.3050
98,rgb_04_05700.png,rgb_12_09960.png,1,1,202,112,0,180,86,-1,0.3050
98,rgb_04_05700.png,rgb_12_09960.png,2,0,505,310,0,117,250,0,0.3050
99,rgb_02_08700.png,rgb_07_02490.png,0,0,360,286,0,137,155,-1,0.0892
99,rgb_02_08700.png,rgb_07_02490.png,1,1,525,94,0,148,319,1,0.0892
99,rgb_02_08700.png,rgb_07_02490.png,2,0,297,102,1,100,188,1,0.0892
100,rgb_10_05220.png,rgb_11_05790.png,0,0,420,35,1,85,315,1,0.1549
100,rgb_10_05220.png,rgb_11_05790.png,1,0,474,96,1,200,292,0,0.1549
100,rgb_10_05220.png,rgb_11_05790.png,2,0,268,144,1,477,149,1,0.1549
101,rgb_05_10200.png,rgb_10_10980.png,0,1,451,220,1,554,316,0,0.3311
101,rgb_05_10200.png,rgb_10_10980.png,1,0,125,147,1,62,112,-1,0.3311
101,rgb_05_10200.png,rgb_10_10980.png,2,1,382,250,0,380,178,1,0.3311
102,rgb_05_09300.png,rgb_10_08880.png,0,1,522,221,1,322,49,-1,0.0338
102,rgb_05_09300.png,rgb_10_08880.png,1,0,137,117,0,408,315,1,0.0338
102,rgb_05_09300.png,rgb_10_08880.png,2,0,462,112,1,122,81,0,0.0338
103,rgb_04_12780.png,rgb_05_04320.png,0,0,337,290,1,74,279,-1,0.0999
103,rgb_04_12780.png,rgb_05_04320.png,1,0,420,45,1,360,81,1,0.0999
103,rgb_04_12780.png,rgb_05_04320.png,2,1,268,242,0,100,117,-1,0.0999
104,rgb_06_07500.png,rgb_09_03120.png,0,1,300,231,1,97,173,0,0.2464
104,rgb_06_07500.png,rgb_09_03120.png,1,0,154,72,0,380,213,1,0.2464
104,rgb_06_07500.png,rgb_09_03120.png,2,1,225,167,0,100,274,1,0.2464
105,rgb_05_02580.png,rgb_10_07680.png,0,0,517,122,1,257,319,1,0.1058
105,rgb_05_02580.png,rgb_10_07680.png,1,1,148,282,1,411,94,-1,0.1058
105,rgb_05_02580.png,rgb_10_07680.png,2,0,91,196,1,271,40,-1,0.1058
106,rgb_02_06660.png,rgb_07_00390.png,0,0,168,318,1,385,157,0,0.1888
106,rgb_02_06660.png,rgb_07_00390.png,1,1,545,138,1,417,260,1,0.1888
106,rgb_02_06660.png,rgb_07_00390.png,2,1,234,41,0,94,194,1,0.1888
107,rgb_02_12540.png,rgb_06_06180.png,0,1,122,43,0,551,305,1,0.1500
107,rgb_02_12540.png,rgb_06_06180.png,1,0,482,228,0,140,202,0,0.1500
107,rgb_02_12540.png,rgb_06_06180.png,2,1,162,290,0,477,96,-1,0.1500
108,rgb_03_09000.png,rgb_09_07860.png,0,1,537,225,1,314,189,-1,0.2304
108,rgb_03_09000.png,rgb_09_07860.png,1,1,171,144,0,302,226,0,0.2304
108,rgb_03_09000.png,rgb_09_07860.png,2,0,562,289,1,568,88,-1,0.2304
109,rgb_03_01260.png,rgb_11_09210.png,0,1,497,125,0,557,128,1,0.3370
109,rgb_03_01260.png,rgb_11_09210.png,1,0,142,64,0,74,321,1,0.3370
109,rgb_03_01260.png,rgb_11_09210.png,2,0,368,73,1,368,220,1,0.3370
110,rgb_02_07320.png,rgb_07_00870.png,0,1,305,231,0,280,91,0,0.1920
110,rgb_02_07320.png,rgb_07_00870.png,1,1,382,78,1,102,139,1,0.1920
110,rgb_02_07320.png,rgb_07_00870.png,2,0,551,102,1,388,159,0,0.1920
111,rgb_10_12660.png,rgb_12_10740.png,0,0,497,102,1,385,270,1,0.3035
111,rgb_10_12660.png,rgb_12_10740.png,1,0,205,213,0,405,168,0,0.3035
111,rgb_10_12660.png,rgb_12_10740.png,2,1,520,192,1,251,80,-1,0.3035
112,rgb_03_06900.png,rgb_04_11220.png,0,1,280,163,0,568,45,-1,0.0851
112,rgb_03_06900.png,rgb_04_11220.png,1,1,334,261,0,371,213,0,0.0851
112,rgb_03_06900.png,rgb_04_11220.png,2,1,425,258,0,411,147,0,0.0851
113,rgb_03_04620.png,rgb_06_00420.png,0,1,545,245,0,348,155,0,0.4419
113,rgb_03_04620.png,rgb_06_00420.png,1,1,271,302,0,222,139,-1,0.4419
113,rgb_03_04620.png,rgb_06_00420.png,2,1,137,144,0,562,88,-1,0.4419
114,rgb_01_07140.png,rgb_07_03990.png,0,1,122,41,1,485,110,1,0.0356
114,rgb_01_07140.png,rgb_07_03990.png,1,1,374,143,0,342,49,-1,0.0356
114,rgb_01_07140.png,rgb_07_03990.png,2,1,542,212,0,477,49,-1,0.0356
115,rgb_01_00480.png,rgb_03_02700.png,0,1,525,88,0,248,106,1,0.2329
115,rgb_01_00480.png,rgb_03_02700.png,1,0,417,189,1,182,319,0,0.2329
115,rgb_01_00480.png,rgb_03_02700.png,2,0,560,210,1,431,282,0,0.2329
116,rgb_01_00060.png,rgb_10_11160.png,0,0,214,319,1,280,305,1,0.4091
116,rgb_01_00060.png,rgb_10_11160.png,1,1,220,107,0,97,196,1,0.4091
116,rgb_01_00060.png,rgb_10_11160.png,2,1,360,180,1,551,125,0,0.4091
117,rgb_01_09420.png,rgb_10_00420.png,0,0,182,276,0,514,81,-1,0.4167
117,rgb_01_09420.png,rgb_10_00420.png,1,1,368,204,0,91,126,-1,0.4167
117,rgb_01_09420.png,rgb_10_00420.png,2,0,562,215,0,291,48,-1,0.4167
118,rgb_05_12360.png,rgb_12_04380.png,0,0,148,199,1,131,131,0,0.2465
118,rgb_05_12360.png,rgb_12_04380.png,1,0,277,266,1,228,40,-1,0.2465
118,rgb_05_12360.png,rgb_12_04380.png,2,0,191,294,1,180,91,-1,0.2465
119,rgb_06_00960.png,rgb_12_05820.png,0,1,460,168,0,434,139,-1,0.3350
119,rgb_06_00960.png,rgb_12_05820.png,1,0,362,93,0,214,125,1,0.3350
119,rgb_06_00960.png,rgb_12_05820.png,2,1,77,40,0,214,225,1,0.3350
120,rgb_04_12360.png,rgb_07_08670.png,0,0,94,152,1,177,75,-1,0.1342
120,rgb_04_12360.png,rgb_07_08670.png,1,0,257,81,0,134,221,1,0.1342
120,rgb_04_12360.png,rgb_07_08670.png,2,0,377,281,1,488,183,-1,0.1342
121,rgb_07_02370.png,rgb_09_00600.png,0,0,222,225,1,302,295,0,0.2129
121,rgb_07_02370.png,rgb_09_00600.png,1,1,85,192,0,565,297,0,0.2129
121,rgb_07_02370.png,rgb_09_00600.png,2,1,534,208,0,300,197,0,0.2129
122,rgb_04_02100.png,rgb_04_04620.png,0,1,245,160,1,405,91,-1,0.2044
122,rgb_04_02100.png,rgb_04_04620.png,1,1,360,258,0,340,59,-1,0.2044
122,rgb_04_02100.png,rgb_04_04620.png,2,0,220,181,1,431,199,0,0.2044
123,rgb_04_12660.png,rgb_09_08160.png,0,0,120,125,1,440,135,0,0.0573
123,rgb_04_12660.png,rgb_09_08160.png,1,1,68,318,0,471,75,-1,0.0573
123,rgb_04_12660.png,rgb_09_08160.png,2,1,557,98,0,108,226,1,0.0573
124,rgb_07_02970.png,rgb_11_07230.png,0,1,337,273,0,551,306,0,0.3185
124,rgb_07_02970.png,rgb_11_07230.png,1,1,505,69,1,285,144,1,0.3185
124,rgb_07_02970.png,rgb_11_07230.png,2,0,460,77,1,342,49,0,0.3185
125,rgb_04_04380.png,rgb_06_02880.png,0,0,65,107,0,494,236,0,0.2338
125,rgb_04_04380.png,rgb_06_02880.png,1,0,314,216,0,177,38,-1,0.2338
125,rgb_04_04380.png,rgb_06_02880.png,2,0,405,159,0,111,282,0,0.2338
126,rgb_06_07560.png,rgb_12_09120.png,0,1,445,130,0,328,69,-1,0.2308
126,rgb_06_07560.png,rgb_12_09120.png,1,1,74,306,0,177,191,-1,0.2308
126,rgb_06_07560.png,rgb_12_09120.png,2,1,174,115,1,240,225,1,0.2308
127,rgb_02_11100.png,rgb_05_12240.png,0,0,128,73,0,425,321,0,0.1418
127,rgb_02_11100.png,rgb_05_12240.png,1,0,371,170,1,531,110,-1,0.1418
127,rgb_02_11100.png,rgb_05_12240.png,2,0,102,316,0,437,62,-1,0.1418
128,rgb_04_01560.png,rgb_07_08310.png,0,1,80,178,1,342,141,0,0.2393
128,rgb_04_01560.png,rgb_07_08310.png,1,1,260,289,0,451,126,-1,0.2393
128,rgb_04_01560.png,rgb_07_08310.png,2,1,500,135,0,294,319,1,0.2393
129,rgb_10_13140.png,rgb_12_05760.png,0,0,314,234,0,91,141,0,0.1433
129,rgb_10_13140.png,rgb_12_05760.png,1,0,360,143,0,554,210,0,0.1433
129,rgb_10_13140.png,rgb_12_05760.png,2,0,177,141,1,125,131,0,0.1433
130,rgb_03_01140.png,rgb_03_09060.png,0,0,260,67,0,114,263,1,0.3257
130,rgb_03_01140.png,rgb_03_09060.png,1,0,331,255,1,545,210,-1,0.3257
130,rgb_03_01140.png,rgb_03_09060.png,2,1,394,239,1,274,104,-1,0.3257
131,rgb_08_09990.png,rgb_10_05160.png,0,1,231,38,1,511,109,1,0.2300
131,rgb_08_09990.png,rgb_10_05160.png,1,0,545,75,0,297,93,1,0.2300
131,rgb_08_09990.png,rgb_10_05160.png,2,0,388,155,0,322,212,0,0.2300
132,rgb_08_09870.png,rgb_09_09120.png,0,0,414,96,1,505,321,0,0.2433
132,rgb_08_09870.png,rgb_09_09120.png,1,1,534,155,1,205,109,-1,0.2433
132,rgb_08_09870.png,rgb_09_09120.png,2,1,257,244,1,97,249,0,0.2433
133,rgb_06_05760.png,rgb_12_01740.png,0,1,382,65,1,125,242,1,0.2277
133,rgb_06_05760.png,rgb_12_01740.png,1,0,422,213,0,197,207,-1,0.2277
133,rgb_06_05760.png,rgb_12_01740.png,2,1,245,199,1,245,64,-1,0.2277
134,rgb_05_06780.png,rgb_10_08220.png,0,0,74,141,1,271,295,0,0.1764
134,rgb_05_06780.png,rgb_10_08220.png,1,0,465,292,0,88,75,-1,0.1764
134,rgb_05_06780.png,rgb_10_08220.png,2,1,91,141,0,377,189,1,0.1764
135,rgb_06_03720.png,rgb_08_09690.png,0,1,248,107,1,468,282,1,0.2342
135,rgb_06_03720.png,rgb_08_09690.png,1,1,334,266,0,445,112,0,0.2342
135,rgb_06_03720.png,rgb_08_09690.png,2,0,468,274,1,380,78,-1,0.2342
136,rgb_06_01320.png,rgb_07_04710.png,0,0,491,186,1,308,133,-1,0.1263
136,rgb_06_01320.png,rgb_07_04710.png,1,1,108,143,0,420,110,0,0.1263
136,rgb_06_01320.png,rgb_07_04710.png,2,1,265,302,0,351,157,0,0.1263
137,rgb_04_01800.png,rgb_04_06300.png,0,0,548,323,0,374,255,0,0.1248
137,rgb_04_01800.png,rgb_04_06300.png,1,0,460,300,0,160,75,-1,0.1248
137,rgb_04_01800.png,rgb_04_06300.png,2,1,568,303,0,171,154,-1,0.1248
138,rgb_09_09300.png,rgb_10_03840.png,0,0,402,213,0,397,51,-1,0.1162
138,rgb_09_09300.png,rgb_10_03840.png,1,1,502,126,0,157,104,-1,0.1162
138,rgb_09_09300.png,rgb_10_03840.png,2,1,271,241,1,165,64,0,0.1162
139,rgb_01_04620.png,rgb_03_05640.png,0,0,348,85,0,542,83,-1,0.1086
139,rgb_01_04620.png,rgb_03_05640.png,1,0,188,81,1,457,159,0,0.1086
139,rgb_01_04620.png,rgb_03_05640.png,2,0,557,197,1,322,83,-1,0.1086
140,rgb_02_08040.png,rgb_03_12720.png,0,1,145,49,0,531,208,1,0.2724
140,rgb_02_08040.png,rgb_03_12720.png,1,1,142,162,0,271,155,0,0.2724
140,rgb_02_08040.png,rgb_03_12720.png,2,0,368,253,1,314,180,0,0.2724
141,rgb_01_01740.png,rgb_06_10260.png,0,1,200,263,0,445,260,0,0.0638
141,rgb_01_01740.png,rgb_06_10260.png,1,0,242,257,1,85,170,0,0.0638
141,rgb_01_01740.png,rgb_06_10260.png,2,0,568,81,1,488,85,1,0.0638
142,rgb_02_08820.png,rgb_03_09960.png,0,0,528,313,0,71,80,-1,0.0805
142,rgb_02_08820.png,rgb_03_09960.png,1,0,557,109,0,342,220,1,0.0805
142,rgb_02_08820.png,rgb_03_09960.png,2,0,488,35,1,520,141,1,0.0805
143,rgb_05_10380.png,rgb_12_07620.png,0,0,365,188,0,202,176,0,0.3592
143,rgb_05_10380.png,rgb_12_07620.png,1,1,91,323,0,251,112,-1,0.3592
143,rgb_05_10380.png,rgb_12_07620.png,2,0,62,135,0,197,62,-1,0.3592
144,rgb_01_10680.png,rgb_07_05130.png,0,0,568,138,0,220,64,-1,0.1783
144,rgb_01_10680.png,rgb_07_05130.png,1,1,394,99,0,68,197,1,0.1783
144,rgb_01_10680.png,rgb_07_05130.png,2,1,265,210,0,382,297,0,0.1783
145,rgb_10_00180.png,rgb_10_02220.png,0,0,108,208,0,445,54,-1,0.1904
145,rgb_10_00180.png,rgb_10_02220.png,1,0,517,260,0,497,160,0,0.1904
145,rgb_10_00180.png,rgb_10_02220.png,2,0,114,297,1,65,59,-1,0.1904
146,rgb_09_06480.png,rgb_09_08280.png,0,1,100,138,1,274,155,0,0.1926
146,rgb_09_06480.png,rgb_09_08280.png,1,1,508,319,0,122,257,0,0.1926
146,rgb_09_06480.png,rgb_09_08280.png,2,0,531,176,1,474,149,-1,0.1926
147,rgb_03_10620.png,rgb_11_06690.png,0,1,291,176,0,122,130,0,0.1982
147,rgb_03_10620.png,rgb_11_06690.png,1,0,334,128,0,62,268,0,0.1982
147,rgb_03_10620.png,rgb_11_06690.png,2,1,120,78,1,177,271,1,0.1982
148,rgb_10_02580.png,rgb_11_06270.png,0,1,280,321,0,391,157,0,0.0452
148,rgb_10_02580.png,rgb_11_06270.png,1,0,560,154,1,142,266,0,0.0452
148,rgb_10_02580.png,rgb_11_06270.png,2,0,108,162,1,280,261,0,0.0452
149,rgb_02_09360.png,rgb_05_05580.png,0,1,302,223,1,517,213,-1,0.0851
149,rgb_02_09360.png,rgb_05_05580.png,1,0,100,139,1,494,126,1,0.0851
149,rgb_02_09360.png,rgb_05_05580.png,2,1,188,186,1,140,99,0,0.0851
150,rgb_02_10380.png,rgb_07_06690.png,0,1,251,54,1,465,88,0,0.1588
150,rgb_02_10380.png,rgb_07_06690.png,1,0,154,244,0,540,191,-1,0.1588
150,rgb_02_10380.png,rgb_07_06690.png,2,1,348,67,1,560,196,1,0.1588
151,rgb_05_04920.png,rgb_07_03630.png,0,0,262,228,1,305,208,-1,0.1339
151,rgb_05_04920.png,rgb_07_03630.png,1,1,571,144,1,380,323,1,0.1339
151,rgb_05_04920.png,rgb_07_03630.png,2,0,408,83,1,351,149,1,0.1339
152,rgb_02_03720.png,rgb_05_04620.png,0,0,62,167,1,574,144,-1,0.0740
152,rgb_02_03720.png,rgb_05_04620.png,1,1,174,204,1,431,171,0,0.0740
152,rgb_02_03720.png,rgb_05_04620.png,2,0,342,80,0,382,308,1,0.0740
153,rgb_06_12480.png,rgb_10_06180.png,0,1,448,284,0,200,168,-1,0.0763
153,rgb_06_12480.png,rgb_10_06180.png,1,1,254,173,1,217,85,-1,0.0763
153,rgb_06_12480.png,rgb_10_06180.png,2,1,545,160,0,205,40,-1,0.0763
154,rgb_08_01890.png,rgb_12_02580.png,0,0,391,67,0,80,258,1,0.3682
154,rgb_08_01890.png,rgb_12_02580.png,1,0,445,252,1,325,67,-1,0.3682
154,rgb_08_01890.png,rgb_12_02580.png,2,1,245,311,0,140,56,-1,0.3682
155,rgb_02_05940.png,rgb_03_02220.png,0,0,245,258,1,77,70,-1,0.1385
155,rgb_02_05940.png,rgb_03_02220.png,1,1,385,305,1,514,106,-1,0.1385
155,rgb_02_05940.png,rgb_03_02220.png,2,0,545,303,1,380,144,0,0.1385
156,rgb_02_10320.png,rgb_12_08520.png,0,0,337,90,1,374,80,-1,0.2261
156,rgb_02_10320.png,rgb_12_08520.png,1,0,148,186,0,420,67,0,0.2261
156,rgb_02_10320.png,rgb_12_08520.png,2,1,234,151,1,434,311,0,0.2261
157,rgb_05_12780.png,rgb_07_09510.png,0,1,62,226,0,408,253,0,0.1105
157,rgb_05_12780.png,rgb_07_09510.png,1,0,480,311,0,217,126,0,0.1105
157,rgb_05_12780.png,rgb_07_09510.png,2,0,380,36,1,511,70,0,0.1105
158,rgb_02_12300.png,rgb_05_09780.png,0,0,405,112,0,457,183,0,0.2827
158,rgb_02_12300.png,rgb_05_09780.png,1,1,305,220,1,325,88,-1,0.2827
158,rgb_02_12300.png,rgb_05_09780.png,2,1,231,41,0,200,183,1,0.2827
159,rgb_04_00240.png,rgb_09_02220.png,0,1,502,207,0,531,54,-1,0.1843
159,rgb_04_00240.png,rgb_09_02220.png,1,0,160,213,1,280,45,-1,0.1843
159,rgb_04_00240.png,rgb_09_02220.png,2,1,482,258,1,445,109,-1,0.1843
160,rgb_08_12210.png,rgb_11_09330.png,0,0,491,114,1,65,43,-1,0.0207
160,rgb_08_12210.png,rgb_11_09330.png,1,0,380,101,1,182,70,-1,0.0207
160,rgb_08_12210.png,rgb_11_09330.png,2,0,517,221,1,340,107,-1,0.0207
161,rgb_05_08460.png,rgb_11_10530.png,0,0,400,151,1,505,302,0,0.1454
161,rgb_05_08460.png,rgb_11_10530.png,1,0,80,225,0,537,188,-1,0.1454
161,rgb_05_08460.png,rgb_11_10530.png,2,0,200,72,1,460,70,-1,0.1454
162,rgb_01_07740.png,rgb_12_10500.png,0,1,448,252,0,331,157,0,0.2455
162,rgb_01_07740.png,rgb_12_10500.png,1,0,385,284,1,291,297,-1,0.2455
162,rgb_01_07740.png,rgb_12_10500.png,2,1,160,308,0,277,281,0,0.2455
163,rgb_01_07860.png,rgb_06_07740.png,0,1,208,114,0,365,192,1,0.0747
163,rgb_01_07860.png,rgb_06_07740.png,1,1,565,244,0,237,98,-1,0.0747
163,rgb_01_07860.png,rgb_06_07740.png,2,1,311,112,1,414,136,-1,0.0747
164,rgb_04_01860.png,rgb_07_00990.png,0,0,282,289,1,91,279,0,0.2735
164,rgb_04_01860.png,rgb_07_00990.png,1,1,380,268,1,357,96,0,0.2735
164,rgb_04_01860.png,rgb_07_00990.png,2,1,480,221,0,120,278,0,0.2735
165,rgb_03_02640.png,rgb_08_02070.png,0,1,188,143,0,437,160,0,0.1591
165,rgb_03_02640.png,rgb_08_02070.png,1,1,194,258,1,71,54,-1,0.1591
165,rgb_03_02640.png,rgb_08_02070.png,2,1,382,160,0,497,213,1,0.1591
166,rgb_07_06090.png,rgb_11_12330.png,0,0,77,255,1,391,225,0,0.1693
166,rgb_07_06090.png,rgb_11_12330.png,1,1,82,292,0,77,146,0,0.1693
166,rgb_07_06090.png,rgb_11_12330.png,2,0,520,225,0,425,271,0,0.1693
167,rgb_02_11340.png,rgb_11_08070.png,0,1,571,318,1,351,62,-1,0.2351
167,rgb_02_11340.png,rgb_11_08070.png,1,1,122,46,0,505,281,1,0.2351
167,rgb_02_11340.png,rgb_11_08070.png,2,1,557,188,0,314,249,1,0.2351
168,rgb_08_04410.png,rgb_11_02790.png,0,0,480,181,1,311,65,-1,0.0895
168,rgb_08_04410.png,rgb_11_02790.png,1,0,417,65,1,474,83,1,0.0895
168,rgb_08_04410.png,rgb_11_02790.png,2,1,488,319,0,357,115,0,0.0895
169,rgb_04_02940.png,rgb_09_00360.png,0,0,180,244,1,385,67,-1,0.2175
169,rgb_04_02940.png,rgb_09_00360.png,1,0,465,292,0,151,80,-1,0.2175
169,rgb_04_02940.png,rgb_09_00360.png,2,1,285,157,0,414,178,0,0.2175
170,rgb_11_09570.png,rgb_11_11490.png,0,0,542,268,0,120,191,-1,0.0966
170,rgb_11_09570.png,rgb_11_11490.png,1,0,197,249,0,494,81,-1,0.0966
170,rgb_11_09570.png,rgb_11_11490.png,2,0,305,46,1,225,107,1,0.0966
171,rgb_01_04380.png,rgb_10_11460.png,0,1,528,233,1,465,61,-1,0.0626
171,rgb_01_04380.png,rgb_10_11460.png,1,1,340,303,0,425,106,0,0.0626
171,rgb_01_04380.png,rgb_10_11460.png,2,0,508,289,0,531,102,-1,0.0626
172,rgb_03_06120.png,rgb_10_11340.png,0,1,448,54,1,231,126,1,0.2078
172,rgb_03_06120.png,rgb_10_11340.png,1,1,314,205,0,257,96,0,0.2078
172,rgb_03_06120.png,rgb_10_11340.png,2,0,385,56,1,434,162,1,0.2078
173,rgb_03_02040.png,rgb_12_02520.png,0,1,71,114,0,277,189,1,0.0436
173,rgb_03_02040.png,rgb_12_02520.png,1,1,565,316,0,114,115,-1,0.0436
173,rgb_03_02040.png,rgb_12_02520.png,2,1,262,109,0,248,313,1,0.0436
174,rgb_02_00720.png,rgb_08_04050.png,0,0,408,98,0,345,266,1,0.5679
174,rgb_02_00720.png,rgb_08_04050.png,1,0,151,77,0,208,294,1,0.5679
174,rgb_02_00720.png,rgb_08_04050.png,2,1,300,45,0,480,188,1,0.5679
175,rgb_01_12540.png,rgb_12_04740.png,0,0,182,216,0,297,305,0,0.2745
175,rgb_01_12540.png,rgb_12_04740.png,1,1,474,239,0,234,78,-1,0.2745
175,rgb_01_12540.png,rgb_12_04740.png,2,1,120,231,0,508,162,0,0.2745
176,rgb_11_12750.png,rgb_12_02820.png,0,1,148,107,0,120,59,-1,0.2344
176,rgb_11_12750.png,rgb_12_02820.png,1,1,411,165,0,245,133,-1,0.2344
176,rgb_11_12750.png,rgb_12_02820.png,2,0,160,223,0,214,57,-1,0.2344
177,rgb_10_04320.png,rgb_11_04590.png,0,1,142,123,1,102,297,1,0.1926
177,rgb_10_04320.png,rgb_11_04590.png,1,1,234,160,1,391,130,0,0.1926
177,rgb_10_04320.png,rgb_11_04590.png,2,0,317,163,0,220,70,-1,0.1926
178,rgb_02_10800.png,rgb_10_05760.png,0,1,74,48,0,397,107,1,0.1156
178,rgb_02_10800.png,rgb_10_05760.png,1,0,131,102,0,120,210,1,0.1156
178,rgb_02_10800.png,rgb_10_05760.png,2,1,397,157,1,200,35,-1,0.1156
179,rgb_01_12900.png,rgb_03_07080.png,0,1,62,94,0,134,315,1,0.0961
179,rgb_01_12900.png,rgb_03_07080.png,1,0,554,51,1,348,231,1,0.0961
179,rgb_01_12900.png,rgb_03_07080.png,2,1,471,181,1,160,77,-1,0.0961
180,rgb_02_05040.png,rgb_05_11460.png,0,0,331,302,0,71,323,-1,0.3856
180,rgb_02_05040.png,rgb_05_11460.png,1,0,488,199,1,217,67,-1,0.3856
180,rgb_02_05040.png,rgb_05_11460.png,2,1,262,202,1,100,93,0,0.3856
181,rgb_03_06540.png,rgb_11_01230.png,0,0,497,265,0,522,94,-1,0.0844
181,rgb_03_06540.png,rgb_11_01230.png,1,1,297,38,0,71,99,1,0.0844
181,rgb_03_06540.png,rgb_11_01230.png,2,0,508,159,1,385,207,0,0.0844
182,rgb_01_11880.png,rgb_05_02160.png,0,1,468,287,1,451,143,0,0.6710
182,rgb_01_11880.png,rgb_05_02160.png,1,0,334,56,0,454,40,0,0.6710
182,rgb_01_11880.png,rgb_05_02160.png,2,1,320,90,1,202,83,-1,0.6710
183,rgb_05_04680.png,rgb_11_00450.png,0,1,540,290,0,394,260,0,0.1765
183,rgb_05_04680.png,rgb_11_00450.png,1,0,328,294,0,388,110,-1,0.1765
183,rgb_05_04680.png,rgb_11_00450.png,2,0,205,36,0,137,284,1,0.1765
184,rgb_01_02880.png,rgb_04_02820.png,0,0,357,154,1,408,159,0,0.1656
184,rgb_01_02880.png,rgb_04_02820.png,1,1,408,90,0,228,255,1,0.1656
184,rgb_01_02880.png,rgb_04_02820.png,2,0,177,302,1,308,289,0,0.1656
185,rgb_05_04500.png,rgb_10_10260.png,0,1,71,123,0,280,210,1,0.1485
185,rgb_05_04500.png,rgb_10_10260.png,1,0,177,94,0,62,212,1,0.1485
185,rgb_05_04500.png,rgb_10_10260.png,2,0,480,207,1,280,273,0,0.1485
186,rgb_01_06960.png,rgb_09_12720.png,0,1,328,104,1,100,73,0,0.2692
186,rgb_01_06960.png,rgb_09_12720.png,1,1,165,233,0,365,260,0,0.2692
186,rgb_01_06960.png,rgb_09_12720.png,2,0,185,239,1,545,73,-1,0.2692
187,rgb_01_04500.png,rgb_09_07440.png,0,1,442,234,0,502,234,1,0.3612
187,rgb_01_04500.png,rgb_09_07440.png,1,1,85,62,0,314,98,1,0.3612
187,rgb_01_04500.png,rgb_09_07440.png,2,0,120,249,0,397,149,0,0.3612
188,rgb_03_04140.png,rgb_11_07110.png,0,1,137,143,1,451,54,-1,0.2304
188,rgb_03_04140.png,rgb_11_07110.png,1,0,291,85,1,305,268,1,0.2304
188,rgb_03_04140.png,rgb_11_07110.png,2,1,125,36,0,477,197,1,0.2304
189,rgb_06_01260.png,rgb_08_03690.png,0,1,245,315,0,531,167,-1,0.1690
189,rgb_06_01260.png,rgb_08_03690.png,1,1,371,93,1,268,62,-1,0.1690
189,rgb_06_01260.png,rgb_08_03690.png,2,1,560,245,1,340,181,0,0.1690
190,rgb_06_11940.png,rgb_11_02190.png,0,1,565,157,0,505,290,0,0.2475
190,rgb_06_11940.png,rgb_11_02190.png,1,0,357,155,1,280,91,-1,0.2475
190,rgb_06_11940.png,rgb_11_02190.png,2,1,180,176,0,400,306,0,0.2475
191,rgb_08_01230.png,rgb_12_10980.png,0,0,85,208,1,457,123,-1,0.3972
191,rgb_08_01230.png,rgb_12_10980.png,1,0,237,67,1,300,273,1,0.3972
191,rgb_08_01230.png,rgb_12_10980.png,2,1,545,128,0,362,204,1,0.3972
192,rgb_03_10740.png,rgb_05_12480.png,0,0,77,48,0,471,130,1,0.5114
192,rgb_03_10740.png,rgb_05_12480.png,1,0,171,83,1,314,93,-1,0.5114
192,rgb_03_10740.png,rgb_05_12480.png,2,1,174,258,1,557,204,0,0.5114
193,rgb_05_05040.png,rgb_07_03450.png,0,0,560,102,1,365,218,1,0.0456
193,rgb_05_05040.png,rgb_07_03450.png,1,0,148,242,0,62,287,-1,0.0456
193,rgb_05_05040.png,rgb_07_03450.png,2,0,128,85,0,491,143,1,0.0456
194,rgb_02_01920.png,rgb_07_07170.png,0,1,188,67,1,325,305,1,0.2234
194,rgb_02_01920.png,rgb_07_07170.png,1,0,488,286,0,328,59,-1,0.2234
194,rgb_02_01920.png,rgb_07_07170.png,2,1,488,241,1,325,49,-1,0.2234
195,rgb_06_09780.png,rgb_08_13050.png,0,1,277,61,1,517,199,1,0.1358
195,rgb_06_09780.png,rgb_08_13050.png,1,1,240,266,1,422,99,0,0.1358
195,rgb_06_09780.png,rgb_08_13050.png,2,0,420,200,0,62,81,-1,0.1358
196,rgb_08_07830.png,rgb_12_03360.png,0,1,351,120,1,297,321,0,0.1200
196,rgb_08_07830.png,rgb_12_03360.png,1,0,174,218,1,368,260,1,0.1200
196,rgb_08_07830.png,rgb_12_03360.png,2,0,77,88,0,428,146,1,0.1200
197,rgb_07_08010.png,rgb_11_11130.png,0,1,262,141,0,245,197,0,0.4378
197,rgb_07_08010.png,rgb_11_11130.png,1,1,162,106,0,525,67,-1,0.4378
197,rgb_07_08010.png,rgb_11_11130.png,2,0,320,61,1,62,266,1,0.4378
198,rgb_07_10530.png,rgb_09_02040.png,0,1,120,229,1,91,101,-1,0.2572
198,rgb_07_10530.png,rgb_09_02040.png,1,1,542,61,0,428,284,1,0.2572
198,rgb_07_10530.png,rgb_09_02040.png,2,1,154,303,1,94,168,0,0.2572
199,rgb_06_06120.png,rgb_11_12870.png,0,0,454,65,0,445,266,1,0.2560
199,rgb_06_06120.png,rgb_11_12870.png,1,1,100,204,0,380,229,0,0.2560
199,rgb_06_06120.png,rgb_11_12870.png,2,0,294,38,0,205,143,1,0.2560
200,rgb_04_06840.png,rgb_08_03570.png,0,0,168,261,1,385,104,-1,0.2298
200,rgb_04_06840.png,rgb_08_03570.png,1,1,534,186,0,511,67,-1,0.2298
200,rgb_04_06840.png,rgb_08_03570.png,2,1,71,65,0,65,98,1,0.2298
201,rgb_04_06360.png,rgb_07_01950.png,0,1,462,178,1,562,93,-1,0.2034
201,rgb_04_06360.png,rgb_07_01950.png,1,0,340,170,0,502,194,0,0.2034
201,rgb_04_06360.png,rgb_07_01950.png,2,1,217,157,1,474,241,1,0.2034
202,rgb_01_10200.png,rgb_09_08520.png,0,0,454,98,1,445,101,-1,0.1786
202,rgb_01_10200.png,rgb_09_08520.png,1,0,257,218,0,194,94,-1,0.1786
202,rgb_01_10200.png,rgb_09_08520.png,2,0,288,88,0,377,289,0,0.1786
203,rgb_05_04380.png,rgb_07_04530.png,0,1,148,257,0,488,257,0,0.0485
203,rgb_05_04380.png,rgb_07_04530.png,1,1,82,205,0,294,43,-1,0.0485
203,rgb_05_04380.png,rgb_07_04530.png,2,1,342,51,0,474,43,0,0.0485
204,rgb_02_11700.png,rgb_05_09840.png,0,0,368,102,0,122,234,0,0.1233
204,rgb_02_11700.png,rgb_05_09840.png,1,1,117,160,0,211,318,1,0.1233
204,rgb_02_11700.png,rgb_05_09840.png,2,1,328,163,0,500,45,-1,0.1233
205,rgb_12_01920.png,rgb_12_02160.png,0,1,460,57,0,568,36,-1,0.1191
205,rgb_12_01920.png,rgb_12_02160.png,1,1,548,78,1,411,278,1,0.1191
205,rgb_12_01920.png,rgb_12_02160.png,2,1,437,202,0,88,59,-1,0.1191
206,rgb_01_07500.png,rgb_02_04380.png,0,0,322,122,1,520,159,0,0.0945
206,rgb_01_07500.png,rgb_02_04380.png,1,1,62,268,0,194,163,-1,0.0945
206,rgb_01_07500.png,rgb_02_04380.png,2,1,208,62,1,102,96,-1,0.0945
207,rgb_03_03300.png,rgb_06_05940.png,0,1,234,281,0,520,125,-1,0.1402
207,rgb_03_03300.png,rgb_06_05940.png,1,1,77,242,0,131,59,-1,0.1402
207,rgb_03_03300.png,rgb_06_05940.png,2,1,565,189,1,534,123,1,0.1402
208,rgb_03_03180.png,rgb_12_03240.png,0,0,497,102,1,445,167,1,0.1610
208,rgb_03_03180.png,rgb_12_03240.png,1,0,328,160,1,400,225,0,0.1610
208,rgb_03_03180.png,rgb_12_03240.png,2,0,254,106,1,71,244,-1,0.1610
209,rgb_03_05940.png,rgb_07_02610.png,0,0,531,151,1,411,48,-1,0.4023
209,rgb_03_05940.png,rgb_07_02610.png,1,1,62,90,1,488,202,0,0.4023
209,rgb_03_05940.png,rgb_07_02610.png,2,0,422,300,0,334,298,0,0.4023
210,rgb_03_09120.png,rgb_04_07320.png,0,0,374,226,1,94,306,0,0.2626
210,rgb_03_09120.png,rgb_04_07320.png,1,0,294,101,0,525,247,1,0.2626
210,rgb_03_09120.png,rgb_04_07320.png,2,1,531,43,1,180,298,1,0.2626
211,rgb_01_06480.png,rgb_03_12900.png,0,0,160,271,1,420,268,0,0.2964
211,rgb_01_06480.png,rgb_03_12900.png,1,1,237,250,1,537,90,-1,0.2964
211,rgb_01_06480.png,rgb_03_12900.png,2,0,391,57,1,374,75,0,0.2964
212,rgb_02_12960.png,rgb_08_04950.png,0,1,82,261,0,268,276,1,0.1275
212,rgb_02_12960.png,rgb_08_04950.png,1,1,168,138,1,391,133,1,0.1275
212,rgb_02_12960.png,rgb_08_04950.png,2,0,268,112,0,68,303,1,0.1275
213,rgb_07_05730.png,rgb_12_07500.png,0,1,74,110,0,328,200,0,0.2868
213,rgb_07_05730.png,rgb_12_07500.png,1,0,122,117,0,317,260,1,0.2868
213,rgb_07_05730.png,rgb_12_07500.png,2,0,245,78,0,422,144,1,0.2868
214,rgb_08_04350.png,rgb_12_06900.png,0,0,562,239,1,231,258,0,0.1665
214,rgb_08_04350.png,rgb_12_06900.png,1,0,348,41,1,414,154,1,0.1665
214,rgb_08_04350.png,rgb_12_06900.png,2,1,74,298,0,202,255,0,0.1665
215,rgb_01_04980.png,rgb_03_00600.png,0,1,522,258,1,74,94,0,0.4223
215,rgb_01_04980.png,rgb_03_00600.png,1,0,322,313,0,248,141,0,0.4223
215,rgb_01_04980.png,rgb_03_00600.png,2,1,411,139,0,345,151,1,0.4223
216,rgb_07_05790.png,rgb_11_08490.png,0,1,248,188,1,554,192,0,0.2763
216,rgb_07_05790.png,rgb_11_08490.png,1,1,431,253,0,505,138,0,0.2763
216,rgb_07_05790.png,rgb_11_08490.png,2,1,265,35,1,162,144,1,0.2763
217,rgb_01_11520.png,rgb_09_05040.png,0,0,137,273,0,305,120,0,0.2692
217,rgb_01_11520.png,rgb_09_05040.png,1,0,94,194,1,345,189,0,0.2692
217,rgb_01_11520.png,rgb_09_05040.png,2,1,245,276,1,428,109,-1,0.2692
218,rgb_09_04800.png,rgb_09_11460.png,0,1,74,253,1,485,83,-1,0.5753
218,rgb_09_04800.png,rgb_09_11460.png,1,1,414,258,0,377,287,0,0.5753
218,rgb_09_04800.png,rgb_09_11460.png,2,0,340,135,1,228,167,0,0.5753
219,rgb_04_10500.png,rgb_05_08700.png,0,0,80,40,1,71,78,1,0.3506
219,rgb_04_10500.png,rgb_05_08700.png,1,1,262,266,0,460,167,0,0.3506
219,rgb_04_10500.png,rgb_05_08700.png,2,0,128,118,1,514,204,1,0.3506
220,rgb_01_08460.png,rgb_12_08880.png,0,1,337,323,0,62,268,0,0.2827
220,rgb_01_08460.png,rgb_12_08880.png,1,1,394,178,0,234,173,0,0.2827
220,rgb_01_08460.png,rgb_12_08880.png,2,0,342,263,1,460,294,0,0.2827
221,rgb_09_09780.png,rgb_12_07320.png,0,1,474,144,0,80,260,1,0.0131
221,rgb_09_09780.png,rgb_12_07320.png,1,1,191,117,0,400,282,1,0.0131
221,rgb_09_09780.png,rgb_12_07320.png,2,1,325,81,0,114,313,1,0.0131
222,rgb_02_08460.png,rgb_06_13080.png,0,1,65,57,1,525,155,1,0.0969
222,rgb_02_08460.png,rgb_06_13080.png,1,0,368,194,1,400,202,0,0.0969
222,rgb_02_08460.png,rgb_06_13080.png,2,0,125,118,1,545,86,-1,0.0969
223,rgb_04_13920.png,rgb_12_00000.png,0,0,354,323,1,182,226,0,0.2126
223,rgb_04_13920.png,rgb_12_00000.png,1,1,140,149,0,334,70,-1,0.2126
223,rgb_04_13920.png,rgb_12_00000.png,2,0,182,106,1,365,35,0,0.2126
224,rgb_02_04140.png,rgb_09_04320.png,0,1,97,120,0,374,300,1,0.1937
224,rgb_02_04140.png,rgb_09_04320.png,1,1,100,229,0,240,104,1,0.1937
224,rgb_02_04140.png,rgb_09_04320.png,2,0,80,310,1,400,178,0,0.1937
225,rgb_05_11280.png,rgb_12_12840.png,0,1,417,221,1,525,73,-1,0.2717
225,rgb_05_11280.png,rgb_12_12840.png,1,0,277,313,1,237,125,-1,0.2717
225,rgb_05_11280.png,rgb_12_12840.png,2,1,342,51,1,137,141,1,0.2717
226,rgb_01_11040.png,rgb_08_11130.png,0,1,260,86,0,105,244,1,0.3090
226,rgb_01_11040.png,rgb_08_11130.png,1,0,180,126,0,291,289,1,0.3090
226,rgb_01_11040.png,rgb_08_11130.png,2,0,205,75,0,428,67,0,0.3090
227,rgb_01_06060.png,rgb_11_01290.png,0,1,240,54,0,297,294,1,0.2425
227,rgb_01_06060.png,rgb_11_01290.png,1,1,571,223,0,257,154,0,0.2425
227,rgb_01_06060.png,rgb_11_01290.png,2,0,302,61,1,337,122,1,0.2425
228,rgb_06_01560.png,rgb_11_12930.png,0,1,114,286,0,65,180,0,0.4175
228,rgb_06_01560.png,rgb_11_12930.png,1,0,237,51,1,380,67,-1,0.4175
228,rgb_06_01560.png,rgb_11_12930.png,2,0,357,186,0,462,70,-1,0.4175
229,rgb_05_11340.png,rgb_05_13020.png,0,0,477,191,1,325,141,0,0.3004
229,rgb_05_11340.png,rgb_05_13020.png,1,0,520,46,0,174,146,1,0.3004
229,rgb_05_11340.png,rgb_05_13020.png,2,1,494,93,1,245,274,1,0.3004
230,rgb_06_07320.png,rgb_08_08490.png,0,0,217,236,1,102,225,0,0.1163
230,rgb_06_07320.png,rgb_08_08490.png,1,1,568,252,1,534,154,-1,0.1163
230,rgb_06_07320.png,rgb_08_08490.png,2,1,351,273,1,140,86,-1,0.1163
231,rgb_01_08100.png,rgb_02_09540.png,0,1,88,258,1,297,78,-1,0.2461
231,rgb_01_08100.png,rgb_02_09540.png,1,1,311,244,1,531,279,0,0.2461
231,rgb_01_08100.png,rgb_02_09540.png,2,1,540,165,0,431,311,0,0.2461
232,rgb_05_11820.png,rgb_12_12060.png,0,0,517,83,1,357,171,0,0.1711
232,rgb_05_11820.png,rgb_12_12060.png,1,0,248,242,0,82,192,0,0.1711
232,rgb_05_11820.png,rgb_12_12060.png,2,0,125,88,0,311,152,1,0.1711
233,rgb_08_05430.png,rgb_12_06660.png,0,0,140,138,1,314,120,0,0.0645
233,rgb_08_05430.png,rgb_12_06660.png,1,1,174,154,0,74,99,-1,0.0645
233,rgb_08_05430.png,rgb_12_06660.png,2,0,520,276,0,205,271,-1,0.0645
234,rgb_09_02700.png,rgb_12_06180.png,0,1,94,270,1,477,123,0,0.2782
234,rgb_09_02700.png,rgb_12_06180.png,1,1,357,54,1,557,302,1,0.2782
234,rgb_09_02700.png,rgb_12_06180.png,2,0,457,270,1,314,115,0,0.2782
235,rgb_04_13440.png,rgb_08_05850.png,0,0,148,229,0,171,106,-1,0.2354
235,rgb_04_13440.png,rgb_08_05850.png,1,0,414,73,0,468,247,1,0.2354
235,rgb_04_13440.png,rgb_08_05850.png,2,1,351,261,0,497,110,-1,0.2354
236,rgb_10_06600.png,rgb_12_08760.png,0,0,520,86,1,117,155,1,0.2430
236,rgb_10_06600.png,rgb_12_08760.png,1,1,77,265,1,345,73,-1,0.2430
236,rgb_10_06600.png,rgb_12_08760.png,2,1,500,54,0,205,83,1,0.2430
237,rgb_06_12780.png,rgb_08_07050.png,0,1,511,212,0,85,54,-1,0.1703
237,rgb_06_12780.png,rgb_08_07050.png,1,1,137,184,0,397,167,1,0.1703
237,rgb_06_12780.png,rgb_08_07050.png,2,1,380,220,0,254,245,0,0.1703
238,rgb_02_07380.png,rgb_03_02460.png,0,1,540,43,1,74,115,1,0.1059
238,rgb_02_07380.png,rgb_03_02460.png,1,1,291,208,0,128,102,0,0.1059
238,rgb_02_07380.png,rgb_03_02460.png,2,1,197,171,1,368,271,0,0.1059
239,rgb_04_05100.png,rgb_12_10440.png,0,1,382,90,1,171,126,1,0.0255
239,rgb_04_05100.png,rgb_12_10440.png,1,1,351,147,0,374,131,1,0.0255
239,rgb_04_05100.png,rgb_12_10440.png,2,1,388,36,1,502,131,1,0.0255
240,rgb_03_01380.png,rgb_08_00510.png,0,1,360,196,0,234,62,0,0.0746
240,rgb_03_01380.png,rgb_08_00510.png,1,0,497,70,1,371,252,1,0.0746
240,rgb_03_01380.png,rgb_08_00510.png,2,0,408,302,0,148,104,-1,0.0746
241,rgb_04_00120.png,rgb_10_00840.png,0,1,137,48,1,91,268,1,0.3171
241,rgb_04_00120.png,rgb_10_00840.png,1,1,560,117,0,294,216,1,0.3171
241,rgb_04_00120.png,rgb_10_00840.png,2,1,145,189,1,371,149,0,0.3171
242,rgb_07_04770.png,rgb_08_11070.png,0,0,71,279,1,368,120,-1,0.0984
242,rgb_07_04770.png,rgb_08_11070.png,1,0,225,234,1,177,286,0,0.0984
242,rgb_07_04770.png,rgb_08_11070.png,2,1,574,261,0,560,152,1,0.0984
243,rgb_03_06600.png,rgb_04_03180.png,0,1,442,189,1,134,178,1,0.3497
243,rgb_03_06600.png,rgb_04_03180.png,1,0,531,279,0,380,278,0,0.3497
243,rgb_03_06600.png,rgb_04_03180.png,2,0,185,157,1,360,278,0,0.3497
244,rgb_03_08940.png,rgb_12_05280.png,0,1,500,45,0,291,109,1,0.1718
244,rgb_03_08940.png,rgb_12_05280.png,1,0,308,218,1,362,115,-1,0.1718
244,rgb_03_08940.png,rgb_12_05280.png,2,0,134,75,0,437,197,1,0.1718
245,rgb_02_10920.png,rgb_11_03870.png,0,1,465,115,0,220,315,0,0.2606
245,rgb_02_10920.png,rgb_11_03870.png,1,1,445,241,0,254,170,0,0.2606
245,rgb_02_10920.png,rgb_11_03870.png,2,1,340,310,0,568,123,-1,0.2606
246,rgb_05_02760.png,rgb_07_06210.png,0,0,391,67,0,300,93,1,0.3267
246,rgb_05_02760.png,rgb_07_06210.png,1,0,480,106,1,225,81,0,0.3267
246,rgb_05_02760.png,rgb_07_06210.png,2,0,288,141,0,105,163,1,0.3267
247,rgb_05_12300.png,rgb_11_13110.png,0,0,540,139,1,502,90,-1,0.1418
247,rgb_05_12300.png,rgb_11_13110.png,1,0,222,54,0,94,144,1,0.1418
247,rgb_05_12300.png,rgb_11_13110.png,2,1,248,323,1,417,141,0,0.1418
248,rgb_03_10800.png,rgb_11_05730.png,0,0,322,152,0,522,69,-1,0.3874
248,rgb_03_10800.png,rgb_11_05730.png,1,1,534,138,1,448,91,-1,0.3874
248,rgb_03_10800.png,rgb_11_05730.png,2,1,120,96,0,320,101,1,0.3874
249,rgb_02_02760.png,rgb_12_03900.png,0,1,531,48,1,214,93,1,0.1346
249,rgb_02_02760.png,rgb_12_03900.png,1,0,262,125,0,177,268,1,0.1346
249,rgb_02_02760.png,rgb_12_03900.png,2,0,482,69,0,71,310,1,0.1346
250,rgb_10_07200.png,rgb_12_05040.png,0,0,322,290,1,171,143,0,0.1970
250,rgb_10_07200.png,rgb_12_05040.png,1,1,137,189,0,100,147,1,0.1970
250,rgb_10_07200.png,rgb_12_05040.png,2,0,485,261,1,108,250,-1,0.1970
251,rgb_01_04020.png,rgb_11_05610.png,0,1,462,160,0,217,46,-1,0.0255
251,rgb_01_04020.png,rgb_11_05610.png,1,1,325,252,0,562,136,0,0.0255
251,rgb_01_04020.png,rgb_11_05610.png,2,1,565,200,0,477,77,-1,0.0255
252,rgb_08_09750.png,rgb_10_03120.png,0,1,482,229,0,182,152,-1,0.2569
252,rgb_08_09750.png,rgb_10_03120.png,1,0,237,266,0,74,147,-1,0.2569
252,rgb_08_09750.png,rgb_10_03120.png,2,1,357,94,0,300,228,1,0.2569
253,rgb_01_09960.png,rgb_04_08640.png,0,1,500,199,0,251,184,1,0.2470
253,rgb_01_09960.png,rgb_04_08640.png,1,0,331,94,1,120,118,0,0.2470
253,rgb_01_09960.png,rgb_04_08640.png,2,1,208,305,1,220,126,0,0.2470
254,rgb_02_01020.png,rgb_04_12480.png,0,1,325,80,0,491,118,0,0.1919
254,rgb_02_01020.png,rgb_04_12480.png,1,1,502,212,1,425,261,0,0.1919
254,rgb_02_01020.png,rgb_04_12480.png,2,0,62,208,1,514,94,0,0.1919
255,rgb_01_03000.png,rgb_07_09930.png,0,1,171,189,0,305,271,0,0.1829
255,rgb_01_03000.png,rgb_07_09930.png,1,1,380,181,1,320,88,-1,0.1829
255,rgb_01_03000.png,rgb_07_09930.png,2,1,74,297,0,382,184,0,0.1829
256,rgb_03_04560.png,rgb_09_05820.png,0,1,502,93,1,331,120,1,0.1182
256,rgb_03_04560.png,rgb_09_05820.png,1,1,77,302,0,257,205,0,0.1182
256,rgb_03_04560.png,rgb_09_05820.png,2,0,237,139,0,148,51,-1,0.1182
257,rgb_08_10410.png,rgb_12_09060.png,0,0,545,189,0,297,122,-1,0.2349
257,rgb_08_10410.png,rgb_12_09060.png,1,1,468,112,0,302,205,1,0.2349
257,rgb_08_10410.png,rgb_12_09060.png,2,1,568,163,0,120,218,0,0.2349
258,rgb_05_10260.png,rgb_07_06150.png,0,1,268,57,0,371,104,1,0.2449
258,rgb_05_10260.png,rgb_07_06150.png,1,1,280,130,1,397,141,0,0.2449
258,rgb_05_10260.png,rgb_07_06150.png,2,1,191,125,0,220,144,0,0.2449
259,rgb_07_00090.png,rgb_12_06600.png,0,1,82,125,1,480,255,0,0.2354
259,rgb_07_00090.png,rgb_12_06600.png,1,1,397,319,1,131,233,0,0.2354
259,rgb_07_00090.png,rgb_12_06600.png,2,1,120,64,1,348,154,1,0.2354
260,rgb_09_12840.png,rgb_10_01500.png,0,0,234,194,0,337,155,-1,0.0681
260,rgb_09_12840.png,rgb_10_01500.png,1,1,188,210,1,431,125,-1,0.0681
260,rgb_09_12840.png,rgb_10_01500.png,2,0,174,292,0,94,146,-1,0.0681
261,rgb_02_10500.png,rgb_04_12720.png,0,1,511,241,0,165,57,-1,0.3145
261,rgb_02_10500.png,rgb_04_12720.png,1,0,488,99,1,374,123,1,0.3145
261,rgb_02_10500.png,rgb_04_12720.png,2,0,314,78,1,122,88,0,0.3145
262,rgb_03_11820.png,rgb_11_13230.png,0,0,117,38,0,457,131,1,0.1560
262,rgb_03_11820.png,rgb_11_13230.png,1,0,540,278,1,494,102,1,0.1560
262,rgb_03_11820.png,rgb_11_13230.png,2,1,308,114,1,137,51,-1,0.1560
263,rgb_06_00240.png,rgb_07_04830.png,0,0,431,282,0,137,194,-1,0.4448
263,rgb_06_00240.png,rgb_07_04830.png,1,1,425,276,0,65,165,-1,0.4448
263,rgb_06_00240.png,rgb_07_04830.png,2,1,562,110,1,560,38,-1,0.4448
264,rgb_04_08040.png,rgb_12_04980.png,0,0,322,189,1,371,59,-1,0.4378
264,rgb_04_08040.png,rgb_12_04980.png,1,0,477,163,1,548,126,0,0.4378
264,rgb_04_08040.png,rgb_12_04980.png,2,1,82,294,0,568,274,1,0.4378
265,rgb_04_03420.png,rgb_11_00570.png,0,1,128,231,1,377,144,-1,0.0676
265,rgb_04_03420.png,rgb_11_00570.png,1,1,568,276,0,140,86,-1,0.0676
265,rgb_04_03420.png,rgb_11_00570.png,2,0,131,295,0,525,151,-1,0.0676
266,rgb_11_04830.png,rgb_12_04020.png,0,1,142,77,1,260,49,-1,0.0985
266,rgb_11_04830.png,rgb_12_04020.png,1,1,548,191,0,148,54,-1,0.0985
266,rgb_11_04830.png,rgb_12_04020.png,2,0,277,199,1,548,109,-1,0.0985
267,rgb_09_03180.png,rgb_09_04680.png,0,1,334,231,1,65,143,-1,0.0359
267,rgb_09_03180.png,rgb_09_04680.png,1,0,445,90,0,374,40,-1,0.0359
267,rgb_09_03180.png,rgb_09_04680.png,2,1,134,212,0,357,300,1,0.0359
268,rgb_02_02580.png,rgb_09_09960.png,0,1,565,271,1,371,157,0,0.1612
268,rgb_02_02580.png,rgb_09_09960.png,1,1,517,212,0,242,59,-1,0.1612
268,rgb_02_02580.png,rgb_09_09960.png,2,0,434,189,0,117,242,-1,0.1612
269,rgb_08_05490.png,rgb_12_03960.png,0,0,400,180,1,285,85,-1,0.0768
269,rgb_08_05490.png,rgb_12_03960.png,1,0,517,45,1,505,154,1,0.0768
269,rgb_08_05490.png,rgb_12_03960.png,2,0,560,94,1,465,110,1,0.0768
270,rgb_05_03420.png,rgb_10_09360.png,0,1,162,255,0,97,85,-1,0.0723
270,rgb_05_03420.png,rgb_10_09360.png,1,1,545,57,1,77,128,0,0.0723
270,rgb_05_03420.png,rgb_10_09360.png,2,1,217,133,1,234,302,1,0.0723
271,rgb_09_10800.png,rgb_12_10320.png,0,1,165,70,0,162,160,1,0.3449
271,rgb_09_10800.png,rgb_12_10320.png,1,0,437,173,0,360,61,-1,0.3449
271,rgb_09_10800.png,rgb_12_10320.png,2,0,574,93,1,522,102,1,0.3449
272,rgb_02_12840.png,rgb_03_11160.png,0,1,97,122,0,520,163,0,0.4465
272,rgb_02_12840.png,rgb_03_11160.png,1,1,457,298,0,468,69,-1,0.4465
272,rgb_02_12840.png,rgb_03_11160.png,2,1,94,196,0,485,261,0,0.4465
273,rgb_02_12900.png,rgb_08_12990.png,0,0,388,244,0,257,221,0,0.3563
273,rgb_02_12900.png,rgb_08_12990.png,1,1,574,255,0,528,91,-1,0.3563
273,rgb_02_12900.png,rgb_08_12990.png,2,1,485,205,1,282,117,1,0.3563
274,rgb_08_06330.png,rgb_11_04110.png,0,1,117,75,0,471,281,1,0.0998
274,rgb_08_06330.png,rgb_11_04110.png,1,0,145,41,0,145,115,1,0.0998
274,rgb_08_06330.png,rgb_11_04110.png,2,0,380,123,1,434,51,-1,0.0998
275,rgb_04_07740.png,rgb_06_03240.png,0,0,528,43,0,568,295,1,0.1760
275,rgb_04_07740.png,rgb_06_03240.png,1,1,197,144,0,442,171,0,0.1760
275,rgb_04_07740.png,rgb_06_03240.png,2,1,80,106,0,277,173,0,0.1760
276,rgb_04_10800.png,rgb_10_05340.png,0,0,345,154,1,440,128,-1,0.1945
276,rgb_04_10800.png,rgb_10_05340.png,1,1,188,40,1,254,310,1,0.1945
276,rgb_04_10800.png,rgb_10_05340.png,2,1,297,215,0,174,120,-1,0.1945
277,rgb_04_08820.png,rgb_10_07500.png,0,0,414,154,0,568,315,0,0.2569
277,rgb_04_08820.png,rgb_10_07500.png,1,0,65,77,0,131,237,1,0.2569
277,rgb_04_08820.png,rgb_10_07500.png,2,1,77,101,1,74,155,1,0.2569
278,rgb_01_08760.png,rgb_12_09660.png,0,1,377,101,1,220,318,1,0.2665
278,rgb_01_08760.png,rgb_12_09660.png,1,0,242,202,1,240,90,-1,0.2665
278,rgb_01_08760.png,rgb_12_09660.png,2,1,537,141,1,65,61,-1,0.2665
279,rgb_01_09120.png,rgb_03_01320.png,0,1,62,62,0,531,112,1,0.2872
279,rgb_01_09120.png,rgb_03_01320.png,1,0,411,180,1,225,216,-1,0.2872
279,rgb_01_09120.png,rgb_03_01320.png,2,0,94,167,1,414,165,0,0.2872
280,rgb_05_12600.png,rgb_08_08730.png,0,1,534,118,1,465,234,1,0.2133
280,rgb_05_12600.png,rgb_08_08730.png,1,1,394,64,0,214,125,1,0.2133
280,rgb_05_12600.png,rgb_08_08730.png,2,0,565,114,1,168,120,1,0.2133
281,rgb_10_03660.png,rgb_12_06780.png,0,1,560,197,1,445,220,0,0.3047
281,rgb_10_03660.png,rgb_12_06780.png,1,0,291,183,1,282,136,0,0.3047
281,rgb_10_03660.png,rgb_12_06780.png,2,1,194,175,0,160,62,-1,0.3047
282,rgb_04_07620.png,rgb_12_00480.png,0,0,560,43,1,82,152,1,0.2303
282,rgb_04_07620.png,rgb_12_00480.png,1,0,394,123,1,242,199,-1,0.2303
282,rgb_04_07620.png,rgb_12_00480.png,2,1,525,114,0,348,228,1,0.2303
283,rgb_05_11100.png,rgb_10_11040.png,0,1,245,245,0,262,255,1,0.1804
283,rgb_05_11100.png,rgb_10_11040.png,1,1,82,120,0,445,242,1,0.1804
283,rgb_05_11100.png,rgb_10_11040.png,2,0,128,199,1,262,53,-1,0.1804
284,rgb_05_07020.png,rgb_07_09570.png,0,0,462,192,1,245,194,0,0.0966
284,rgb_05_07020.png,rgb_07_09570.png,1,1,482,64,0,505,46,0,0.0966
284,rgb_05_07020.png,rgb_07_09570.png,2,0,500,281,1,160,319,0,0.0966
285,rgb_04_13380.png,rgb_10_06660.png,0,1,562,289,0,285,128,0,0.2273
285,rgb_04_13380.png,rgb_10_06660.png,1,1,222,99,0,194,318,1,0.2273
285,rgb_04_13380.png,rgb_10_06660.png,2,0,142,80,0,420,181,1,0.2273
286,rgb_04_01620.png,rgb_07_06510.png,0,1,145,120,1,422,143,1,0.1257
286,rgb_04_01620.png,rgb_07_06510.png,1,0,551,315,1,228,86,-1,0.1257
286,rgb_04_01620.png,rgb_07_06510.png,2,1,474,197,0,491,75,-1,0.1257
287,rgb_01_11100.png,rgb_09_00060.png,0,0,545,302,1,185,273,0,0.2015
287,rgb_01_11100.png,rgb_09_00060.png,1,0,134,181,1,65,133,-1,0.2015
287,rgb_01_11100.png,rgb_09_00060.png,2,0,560,81,0,534,138,0,0.2015
288,rgb_06_07440.png,rgb_06_09120.png,0,1,188,225,0,105,101,0,0.0635
288,rgb_06_07440.png,rgb_06_09120.png,1,1,311,35,0,280,64,1,0.0635
288,rgb_06_07440.png,rgb_06_09120.png,2,1,445,321,1,285,94,-1,0.0635
289,rgb_05_00180.png,rgb_05_01680.png,0,0,340,64,1,122,294,1,0.2787
289,rgb_05_00180.png,rgb_05_01680.png,1,1,454,69,1,540,112,1,0.2787
289,rgb_05_00180.png,rgb_05_01680.png,2,1,260,297,0,171,57,-1,0.2787
290,rgb_03_13080.png,rgb_06_10080.png,0,1,117,115,0,342,118,1,0.1776
290,rgb_03_13080.png,rgb_06_10080.png,1,0,88,85,1,228,62,0,0.1776
290,rgb_03_13080.png,rgb_06_10080.png,2,0,168,57,0,180,271,1,0.1776
291,rgb_04_04080.png,rgb_06_00780.png,0,1,357,110,0,65,191,1,0.0928
291,rgb_04_04080.png,rgb_06_00780.png,1,1,491,245,0,160,88,-1,0.0928
291,rgb_04_04080.png,rgb_06_00780.png,2,1,340,294,0,382,101,-1,0.0928
292,rgb_05_03480.png,rgb_05_10320.png,0,1,100,162,0,428,115,-1,0.2134
292,rgb_05_03480.png,rgb_05_10320.png,1,0,542,125,0,500,173,1,0.2134
292,rgb_05_03480.png,rgb_05_10320.png,2,0,125,143,1,257,102,1,0.2134
293,rgb_01_11700.png,rgb_11_10350.png,0,0,242,184,1,297,141,0,0.2619
293,rgb_01_11700.png,rgb_11_10350.png,1,1,194,191,0,445,228,0,0.2619
293,rgb_01_11700.png,rgb_11_10350.png,2,0,251,96,1,348,99,1,0.2619
294,rgb_02_04800.png,rgb_04_13860.png,0,0,262,94,1,497,247,0,0.4923
294,rgb_02_04800.png,rgb_04_13860.png,1,1,511,46,0,128,231,1,0.4923
294,rgb_02_04800.png,rgb_04_13860.png,2,0,377,94,1,77,115,-1,0.4923
295,rgb_04_10920.png,rgb_07_06570.png,0,1,497,65,0,217,162,1,0.3607
295,rgb_04_10920.png,rgb_07_06570.png,1,0,128,175,1,514,212,0,0.3607
295,rgb_04_10920.png,rgb_07_06570.png,2,0,237,321,0,365,289,0,0.3607
296,rgb_08_12930.png,rgb_10_13020.png,0,0,80,131,1,322,204,1,0.2274
296,rgb_08_12930.png,rgb_10_13020.png,1,0,468,250,1,531,107,-1,0.2274
296,rgb_08_12930.png,rgb_10_13020.png,2,0,388,171,0,400,59,-1,0.2274
297,rgb_07_04230.png,rgb_10_10200.png,0,0,414,323,1,151,123,-1,0.0968
297,rgb_07_04230.png,rgb_10_10200.png,1,1,268,284,0,348,215,0,0.0968
297,rgb_07_04230.png,rgb_10_10200.png,2,0,471,226,1,542,46,-1,0.0968
298,rgb_04_05820.png,rgb_04_11460.png,0,0,542,151,1,248,247,0,0.1893
298,rgb_04_05820.png,rgb_04_11460.png,1,1,320,91,0,291,229,1,0.1893
298,rgb_04_05820.png,rgb_04_11460.png,2,1,74,252,0,142,226,0,0.1893
299,rgb_03_12960.png,rgb_06_01980.png,0,1,294,306,0,217,40,-1,0.2961
299,rgb_03_12960.png,rgb_06_01980.png,1,0,562,170,1,242,208,0,0.2961
299,rgb_03_12960.png,rgb_06_01980.png,2,1,402,107,1,468,261,1,0.2961
300,rgb_04_13140.png,rgb_09_12060.png,0,1,360,300,0,182,126,-1,0.2872
300,rgb_04_13140.png,rgb_09_12060.png,1,1,305,242,0,397,278,1,0.2872
300,rgb_04_13140.png,rgb_09_12060.png,2,0,254,36,0,108,102,1,0.2872
301,rgb_07_03210.png,rgb_09_06360.png,0,0,517,126,0,205,171,0,0.1606
301,rgb_07_03210.png,rgb_09_06360.png,1,0,245,263,0,82,181,0,0.1606
301,rgb_07_03210.png,rgb_09_06360.png,2,1,437,86,0,402,266,1,0.1606
302,rgb_05_10560.png,rgb_09_01320.png,0,1,505,289,0,394,228,1,0.2984
302,rgb_05_10560.png,rgb_09_01320.png,1,1,531,73,0,277,69,0,0.2984
302,rgb_05_10560.png,rgb_09_01320.png,2,0,548,212,0,137,93,-1,0.2984
303,rgb_10_06120.png,rgb_11_01530.png,0,0,302,234,0,242,114,-1,0.3896
303,rgb_10_06120.png,rgb_11_01530.png,1,0,457,210,1,234,157,-1,0.3896
303,rgb_10_06120.png,rgb_11_01530.png,2,1,368,276,0,500,274,0,0.3896
304,rgb_05_01020.png,rgb_06_02580.png,0,1,137,118,1,360,223,1,0.1219
304,rgb_05_01020.png,rgb_06_02580.png,1,0,548,168,1,308,289,1,0.1219
304,rgb_05_01020.png,rgb_06_02580.png,2,1,417,115,0,145,245,0,0.1219
305,rgb_02_02400.png,rgb_11_01890.png,0,1,417,102,0,222,263,1,0.0443
305,rgb_02_02400.png,rgb_11_01890.png,1,1,320,284,0,125,160,-1,0.0443
305,rgb_02_02400.png,rgb_11_01890.png,2,1,137,199,1,265,72,-1,0.0443
306,rgb_07_10290.png,rgb_08_09510.png,0,0,485,109,0,554,257,0,0.1822
306,rgb_07_10290.png,rgb_08_09510.png,1,0,145,258,1,97,289,0,0.1822
306,rgb_07_10290.png,rgb_08_09510.png,2,0,337,204,0,285,135,0,0.1822
307,rgb_06_03900.png,rgb_06_10980.png,0,0,331,207,1,242,149,1,0.3679
307,rgb_06_03900.png,rgb_06_10980.png,1,1,574,212,1,94,163,0,0.3679
307,rgb_06_03900.png,rgb_06_10980.png,2,1,300,86,1,191,77,-1,0.3679
308,rgb_08_06570.png,rgb_10_12540.png,0,0,391,162,1,568,75,-1,0.1339
308,rgb_08_06570.png,rgb_10_12540.png,1,0,562,205,0,328,90,-1,0.1339
308,rgb_08_06570.png,rgb_10_12540.png,2,0,108,178,1,74,48,-1,0.1339
309,rgb_02_09000.png,rgb_12_09540.png,0,1,280,183,0,102,199,-1,0.1149
309,rgb_02_09000.png,rgb_12_09540.png,1,0,217,258,1,531,242,-1,0.1149
309,rgb_02_09000.png,rgb_12_09540.png,2,0,111,98,0,454,170,1,0.1149
310,rgb_03_09360.png,rgb_12_02760.png,0,0,120,36,1,505,80,1,0.1250
310,rgb_03_09360.png,rgb_12_02760.png,1,0,108,180,0,388,69,-1,0.1250
310,rgb_03_09360.png,rgb_12_02760.png,2,0,65,125,1,94,54,0,0.1250
311,rgb_09_01860.png,rgb_11_02610.png,0,0,197,244,1,168,189,0,0.1491
311,rgb_09_01860.png,rgb_11_02610.png,1,0,265,101,0,382,80,-1,0.1491
311,rgb_09_01860.png,rgb_11_02610.png,2,1,220,93,0,97,270,0,0.1491
312,rgb_09_09180.png,rgb_10_01080.png,0,1,325,284,0,157,163,-1,0.2326
312,rgb_09_09180.png,rgb_10_01080.png,1,1,382,144,0,280,257,0,0.2326
312,rgb_09_09180.png,rgb_10_01080.png,2,0,228,36,1,251,57,0,0.2326
313,rgb_01_10440.png,rgb_09_13140.png,0,0,362,286,1,71,215,-1,0.1590
313,rgb_01_10440.png,rgb_09_13140.png,1,0,537,90,1,200,212,0,0.1590
313,rgb_01_10440.png,rgb_09_13140.png,2,1,337,102,1,245,130,-1,0.1590
314,rgb_07_08550.png,rgb_09_04560.png,0,0,82,274,0,511,178,0,0.3135
314,rgb_07_08550.png,rgb_09_04560.png,1,1,337,215,0,400,75,-1,0.3135
314,rgb_07_08550.png,rgb_09_04560.png,2,0,545,130,0,177,305,0,0.3135
315,rgb_06_02700.png,rgb_12_12900.png,0,1,174,109,0,268,128,1,0.1075
315,rgb_06_02700.png,rgb_12_12900.png,1,1,542,318,0,185,160,0,0.1075
315,rgb_06_02700.png,rgb_12_12900.png,2,0,62,147,1,431,45,-1,0.1075
316,rgb_02_02880.png,rgb_03_08160.png,0,1,74,245,1,217,196,1,0.1015
316,rgb_02_02880.png,rgb_03_08160.png,1,0,402,131,1,280,81,-1,0.1015
316,rgb_02_02880.png,rgb_03_08160.png,2,1,120,323,1,165,114,-1,0.1015
317,rgb_01_02280.png,rgb_12_12240.png,0,0,388,40,1,508,149,1,0.1425
317,rgb_01_02280.png,rgb_12_12240.png,1,1,422,94,0,505,118,1,0.1425
317,rgb_01_02280.png,rgb_12_12240.png,2,1,185,109,1,294,279,1,0.1425
318,rgb_02_01260.png,rgb_12_12540.png,0,1,328,53,0,460,81,1,0.1044
318,rgb_02_01260.png,rgb_12_12540.png,1,0,342,136,1,457,215,-1,0.1044
318,rgb_02_01260.png,rgb_12_12540.png,2,0,85,143,0,434,308,1,0.1044
319,rgb_01_08520.png,rgb_09_10080.png,0,1,162,295,0,200,53,-1,0.0755
319,rgb_01_08520.png,rgb_09_10080.png,1,0,362,98,1,474,163,1,0.0755
319,rgb_01_08520.png,rgb_09_10080.png,2,1,268,146,1,100,46,-1,0.0755
320,rgb_03_13260.png,rgb_05_02520.png,0,0,525,207,0,131,115,-1,0.2094
320,rgb_03_13260.png,rgb_05_02520.png,1,0,405,46,0,271,122,1,0.2094
320,rgb_03_13260.png,rgb_05_02520.png,2,1,377,170,0,302,321,1,0.2094
321,rgb_08_02490.png,rgb_10_08160.png,0,1,160,139,1,314,62,-1,0.0961
321,rgb_08_02490.png,rgb_10_08160.png,1,0,497,210,1,91,189,-1,0.0961
321,rgb_08_02490.png,rgb_10_08160.png,2,0,85,81,0,454,46,-1,0.0961
322,rgb_08_07950.png,rgb_10_09600.png,0,1,428,35,1,380,78,1,0.1975
322,rgb_08_07950.png,rgb_10_09600.png,1,1,514,45,0,351,276,1,0.1975
322,rgb_08_07950.png,rgb_10_09600.png,2,1,468,216,1,294,88,-1,0.1975
323,rgb_10_08700.png,rgb_11_07290.png,0,0,522,199,0,325,57,-1,0.0729
323,rgb_10_08700.png,rgb_11_07290.png,1,0,220,91,0,385,220,1,0.0729
323,rgb_10_08700.png,rgb_11_07290.png,2,0,62,49,1,222,48,1,0.0729
324,rgb_03_03840.png,rgb_04_08400.png,0,1,571,152,1,305,183,1,0.1385
324,rgb_03_03840.png,rgb_04_08400.png,1,0,240,93,0,302,57,-1,0.1385
324,rgb_03_03840.png,rgb_04_08400.png,2,1,571,62,0,545,114,1,0.1385
325,rgb_07_06630.png,rgb_12_01440.png,0,0,128,263,1,411,157,-1,0.3049
325,rgb_07_06630.png,rgb_12_01440.png,1,0,508,220,1,257,112,-1,0.3049
325,rgb_07_06630.png,rgb_12_01440.png,2,0,65,143,1,462,107,-1,0.3049
326,rgb_02_05340.png,rgb_02_12420.png,0,1,148,125,0,394,61,-1,0.1004
326,rgb_02_05340.png,rgb_02_12420.png,1,1,480,114,0,320,114,0,0.1004
326,rgb_02_05340.png,rgb_02_12420.png,2,1,537,229,1,217,88,-1,0.1004
327,rgb_06_08640.png,rgb_07_01890.png,0,0,77,88,1,237,226,1,0.1070
327,rgb_06_08640.png,rgb_07_01890.png,1,0,268,135,1,451,303,0,0.1070
327,rgb_06_08640.png,rgb_07_01890.png,2,0,471,310,1,522,160,0,0.1070
328,rgb_06_02100.png,rgb_11_07410.png,0,1,411,90,1,62,316,1,0.3798
328,rgb_06_02100.png,rgb_11_07410.png,1,0,334,319,0,534,91,-1,0.3798
328,rgb_06_02100.png,rgb_11_07410.png,2,0,165,255,1,197,118,-1,0.3798
329,rgb_01_10140.png,rgb_08_10770.png,0,1,317,271,0,391,221,0,0.0202
329,rgb_01_10140.png,rgb_08_10770.png,1,1,517,78,0,122,295,1,0.0202
329,rgb_01_10140.png,rgb_08_10770.png,2,1,251,237,0,180,51,-1,0.0202
330,rgb_05_05820.png,rgb_10_11520.png,0,0,297,130,0,540,115,0,0.1533
330,rgb_05_05820.png,rgb_10_11520.png,1,1,537,138,0,448,51,-1,0.1533
330,rgb_05_05820.png,rgb_10_11520.png,2,1,314,163,0,345,80,-1,0.1533
331,rgb_06_02460.png,rgb_06_10920.png,0,0,85,204,1,414,118,-1,0.2233
331,rgb_06_02460.png,rgb_06_10920.png,1,0,68,255,1,182,114,-1,0.2233
331,rgb_06_02460.png,rgb_06_10920.png,2,0,240,131,1,451,233,0,0.2233
332,rgb_06_05640.png,rgb_09_01980.png,0,0,460,286,1,414,104,-1,0.1022
332,rgb_06_05640.png,rgb_09_01980.png,1,0,451,208,1,222,152,-1,0.1022
332,rgb_06_05640.png,rgb_09_01980.png,2,0,208,289,1,122,141,-1,0.1022
333,rgb_03_06240.png,rgb_06_13800.png,0,0,405,110,1,497,184,-1,0.1747
333,rgb_03_06240.png,rgb_06_13800.png,1,0,457,62,1,91,261,1,0.1747
333,rgb_03_06240.png,rgb_06_13800.png,2,1,380,138,1,108,165,0,0.1747
334,rgb_02_03180.png,rgb_04_06180.png,0,0,331,205,0,400,118,-1,0.1429
334,rgb_02_03180.png,rgb_04_06180.png,1,0,362,268,0,188,112,-1,0.1429
334,rgb_02_03180.png,rgb_04_06180.png,2,1,120,77,0,468,178,1,0.1429
335,rgb_07_09090.png,rgb_10_09300.png,0,1,77,144,1,280,249,0,0.2108
335,rgb_07_09090.png,rgb_10_09300.png,1,0,254,154,0,525,167,0,0.2108
335,rgb_07_09090.png,rgb_10_09300.png,2,1,274,48,1,374,91,1,0.2108
336,rgb_01_09240.png,rgb_10_08400.png,0,0,485,73,0,454,281,1,0.2195
336,rgb_01_09240.png,rgb_10_08400.png,1,0,525,234,0,294,81,-1,0.2195
336,rgb_01_09240.png,rgb_10_08400.png,2,1,122,160,0,574,313,1,0.2195
337,rgb_04_13080.png,rgb_09_01260.png,0,1,397,36,1,388,180,1,0.2123
337,rgb_04_13080.png,rgb_09_01260.png,1,1,105,271,1,148,125,-1,0.2123
337,rgb_04_13080.png,rgb_09_01260.png,2,0,240,146,1,94,202,0,0.2123
338,rgb_01_09480.png,rgb_05_05640.png,0,1,68,77,0,517,263,1,0.4376
338,rgb_01_09480.png,rgb_05_05640.png,1,1,537,247,1,528,102,1,0.4376
338,rgb_01_09480.png,rgb_05_05640.png,2,1,200,146,1,471,160,0,0.4376
339,rgb_01_12180.png,rgb_03_00420.png,0,1,105,125,0,340,228,1,0.1031
339,rgb_01_12180.png,rgb_03_00420.png,1,0,134,46,1,271,78,1,0.1031
339,rgb_01_12180.png,rgb_03_00420.png,2,0,440,204,0,448,107,-1,0.1031
340,rgb_03_07800.png,rgb_06_14100.png,0,1,291,54,1,254,114,1,0.1935
340,rgb_03_07800.png,rgb_06_14100.png,1,1,511,80,0,497,196,0,0.1935
340,rgb_03_07800.png,rgb_06_14100.png,2,1,500,323,0,148,35,-1,0.1935
341,rgb_01_05040.png,rgb_12_01500.png,0,1,525,77,0,191,247,1,0.2894
341,rgb_01_05040.png,rgb_12_01500.png,1,0,228,196,0,108,93,-1,0.2894
341,rgb_01_05040.png,rgb_12_01500.png,2,1,397,117,1,437,191,1,0.2894
342,rgb_08_08910.png,rgb_10_07560.png,0,0,111,204,1,71,112,-1,0.2568
342,rgb_08_08910.png,rgb_10_07560.png,1,0,145,131,1,262,244,-1,0.2568
342,rgb_08_08910.png,rgb_10_07560.png,2,0,288,183,1,417,106,-1,0.2568
343,rgb_10_12840.png,rgb_11_03930.png,0,0,277,202,1,71,93,-1,0.3426
343,rgb_10_12840.png,rgb_11_03930.png,1,0,200,236,0,117,292,0,0.3426
343,rgb_10_12840.png,rgb_11_03930.png,2,0,514,85,1,162,242,1,0.3426
344,rgb_01_12480.png,rgb_11_07950.png,0,1,260,208,0,122,120,-1,0.0379
344,rgb_01_12480.png,rgb_11_07950.png,1,1,540,35,1,505,101,1,0.0379
344,rgb_01_12480.png,rgb_11_07950.png,2,1,148,191,0,428,114,1,0.0379
345,rgb_03_12540.png,rgb_10_05700.png,0,0,411,49,0,100,98,1,0.3024
345,rgb_03_12540.png,rgb_10_05700.png,1,1,231,289,0,340,163,0,0.3024
345,rgb_03_12540.png,rgb_10_05700.png,2,1,442,77,1,191,123,1,0.3024
346,rgb_04_10980.png,rgb_06_00660.png,0,1,528,56,0,148,231,1,0.0701
346,rgb_04_10980.png,rgb_06_00660.png,1,0,540,40,0,108,175,1,0.0701
346,rgb_04_10980.png,rgb_06_00660.png,2,0,385,85,1,254,286,1,0.0701
347,rgb_05_06720.png,rgb_07_01110.png,0,0,457,144,1,405,318,0,0.0276
347,rgb_05_06720.png,rgb_07_01110.png,1,1,517,94,0,520,106,1,0.0276
347,rgb_05_06720.png,rgb_07_01110.png,2,0,234,189,1,391,59,-1,0.0276
348,rgb_02_07020.png,rgb_10_02340.png,0,1,234,162,0,402,72,-1,0.1077
348,rgb_02_07020.png,rgb_10_02340.png,1,1,537,290,0,314,196,0,0.1077
348,rgb_02_07020.png,rgb_10_02340.png,2,0,540,180,1,348,200,-1,0.1077
349,rgb_03_05400.png,rgb_11_08550.png,0,1,540,93,0,234,289,0,0.2422
349,rgb_03_05400.png,rgb_11_08550.png,1,1,302,53,0,177,96,1,0.2422
349,rgb_03_05400.png,rgb_11_08550.png,2,1,71,218,0,188,200,-1,0.2422
350,rgb_05_10080.png,rgb_11_10110.png,0,0,517,90,0,325,69,-1,0.3213
350,rgb_05_10080.png,rgb_11_10110.png,1,0,197,242,0,502,200,1,0.3213
350,rgb_05_10080.png,rgb_11_10110.png,2,0,314,199,0,525,279,1,0.3213
351,rgb_05_10440.png,rgb_07_05250.png,0,0,340,86,1,340,208,0,0.3512
351,rgb_05_10440.png,rgb_07_05250.png,1,1,357,131,0,222,104,-1,0.3512
351,rgb_05_10440.png,rgb_07_05250.png,2,1,494,271,0,448,261,1,0.3512
352,rgb_01_05880.png,rgb_09_08580.png,0,0,348,225,0,102,281,0,0.2480
352,rgb_01_05880.png,rgb_09_08580.png,1,1,545,270,1,420,252,0,0.2480
352,rgb_01_05880.png,rgb_09_08580.png,2,0,160,152,1,174,290,0,0.2480
353,rgb_01_00600.png,rgb_12_11520.png,0,1,108,141,0,417,218,1,0.2556
353,rgb_01_00600.png,rgb_12_11520.png,1,0,502,36,0,445,93,1,0.2556
353,rgb_01_00600.png,rgb_12_11520.png,2,1,234,290,1,160,86,-1,0.2556
354,rgb_05_07800.png,rgb_06_04740.png,0,1,471,289,0,405,135,0,0.0726
354,rgb_05_07800.png,rgb_06_04740.png,1,0,68,69,1,314,152,1,0.0726
354,rgb_05_07800.png,rgb_06_04740.png,2,0,394,292,1,314,93,-1,0.0726
355,rgb_04_00480.png,rgb_05_06900.png,0,1,77,69,0,131,258,1,0.2882
355,rgb_04_00480.png,rgb_05_06900.png,1,1,574,70,0,320,213,1,0.2882
355,rgb_04_00480.png,rgb_05_06900.png,2,0,434,49,1,305,266,1,0.2882
356,rgb_03_12840.png,rgb_07_01470.png,0,0,208,90,1,242,200,1,0.1424
356,rgb_03_12840.png,rgb_07_01470.png,1,1,191,88,1,382,186,1,0.1424
356,rgb_03_12840.png,rgb_07_01470.png,2,1,197,302,0,180,204,0,0.1424
357,rgb_06_04380.png,rgb_09_04980.png,0,0,365,94,1,111,308,-1,0.1443
357,rgb_06_04380.png,rgb_09_04980.png,1,1,554,46,0,108,234,1,0.1443
357,rgb_06_04380.png,rgb_09_04980.png,2,1,380,70,0,68,96,1,0.1443
358,rgb_01_06540.png,rgb_08_01470.png,0,1,100,241,1,545,102,-1,0.2949
358,rgb_01_06540.png,rgb_08_01470.png,1,0,268,123,1,245,101,0,0.2949
358,rgb_01_06540.png,rgb_08_01470.png,2,1,511,270,1,431,80,-1,0.2949
359,rgb_06_05700.png,rgb_09_00540.png,0,1,88,247,0,137,321,1,0.2096
359,rgb_06_05700.png,rgb_09_00540.png,1,1,548,163,1,442,165,0,0.2096
359,rgb_06_05700.png,rgb_09_00540.png,2,1,317,297,1,142,141,0,0.2096
360,rgb_10_02940.png,rgb_12_09360.png,0,0,294,249,1,360,168,-1,0.3159
360,rgb_10_02940.png,rgb_12_09360.png,1,1,502,228,0,274,120,-1,0.3159
360,rgb_10_02940.png,rgb_12_09360.png,2,1,394,258,1,125,138,-1,0.3159
361,rgb_03_05340.png,rgb_10_01860.png,0,1,171,168,0,560,252,1,0.1339
361,rgb_03_05340.png,rgb_10_01860.png,1,1,300,168,1,197,81,-1,0.1339
361,rgb_03_05340.png,rgb_10_01860.png,2,0,268,104,1,231,210,-1,0.1339
362,rgb_03_05820.png,rgb_04_10740.png,0,0,431,118,0,214,80,-1,0.0510
362,rgb_03_05820.png,rgb_04_10740.png,1,1,368,186,0,362,83,-1,0.0510
362,rgb_03_05820.png,rgb_04_10740.png,2,1,231,151,0,277,306,1,0.0510
363,rgb_12_00960.png,rgb_12_07560.png,0,0,568,106,1,134,120,1,0.1236
363,rgb_12_00960.png,rgb_12_07560.png,1,1,162,305,0,285,80,-1,0.1236
363,rgb_12_00960.png,rgb_12_07560.png,2,1,454,321,1,331,80,-1,0.1236
364,rgb_01_10800.png,rgb_08_05190.png,0,1,285,213,0,560,181,0,0.1318
364,rgb_01_10800.png,rgb_08_05190.png,1,0,374,196,1,80,197,-1,0.1318
364,rgb_01_10800.png,rgb_08_05190.png,2,0,442,263,1,448,73,-1,0.1318
365,rgb_02_09060.png,rgb_11_03630.png,0,0,471,77,1,337,186,1,0.3792
365,rgb_02_09060.png,rgb_11_03630.png,1,0,268,242,0,542,117,-1,0.3792
365,rgb_02_09060.png,rgb_11_03630.png,2,0,517,265,1,162,144,-1,0.3792
366,rgb_05_10680.png,rgb_09_07680.png,0,0,91,311,1,542,118,-1,0.0915
366,rgb_05_10680.png,rgb_09_07680.png,1,1,508,43,1,265,73,1,0.0915
366,rgb_05_10680.png,rgb_09_07680.png,2,1,174,200,0,560,194,1,0.0915
367,rgb_01_09900.png,rgb_03_11760.png,0,1,485,194,1,320,115,1,0.1643
367,rgb_01_09900.png,rgb_03_11760.png,1,0,402,310,0,405,106,0,0.1643
367,rgb_01_09900.png,rgb_03_11760.png,2,0,140,91,1,562,231,1,0.1643
368,rgb_03_07260.png,rgb_08_00030.png,0,0,142,236,0,574,126,0,0.2161
368,rgb_03_07260.png,rgb_08_00030.png,1,0,411,265,1,528,310,0,0.2161
368,rgb_03_07260.png,rgb_08_00030.png,2,0,442,321,0,371,90,-1,0.2161
369,rgb_06_12180.png,rgb_09_10200.png,0,1,491,278,1,371,186,0,0.5382
369,rgb_06_12180.png,rgb_09_10200.png,1,0,320,270,0,177,107,-1,0.5382
369,rgb_06_12180.png,rgb_09_10200.png,2,0,522,218,0,408,213,1,0.5382
370,rgb_03_12780.png,rgb_08_03150.png,0,0,545,199,0,105,57,-1,0.2012
370,rgb_03_12780.png,rgb_08_03150.png,1,1,477,122,0,214,98,-1,0.2012
370,rgb_03_12780.png,rgb_08_03150.png,2,0,482,123,1,294,221,1,0.2012
371,rgb_08_08370.png,rgb_08_10530.png,0,0,294,49,1,362,319,1,0.1954
371,rgb_08_08370.png,rgb_08_10530.png,1,1,354,106,1,565,173,1,0.1954
371,rgb_08_08370.png,rgb_08_10530.png,2,0,320,221,0,188,130,-1,0.1954
372,rgb_05_08040.png,rgb_09_09660.png,0,0,265,141,1,197,184,-1,0.2876
372,rgb_05_08040.png,rgb_09_09660.png,1,0,400,236,1,502,287,0,0.2876
372,rgb_05_08040.png,rgb_09_09660.png,2,1,128,118,1,128,276,1,0.2876
373,rgb_03_10020.png,rgb_07_08790.png,0,1,542,81,0,268,204,1,0.4215
373,rgb_03_10020.png,rgb_07_08790.png,1,1,420,284,1,540,271,0,0.4215
373,rgb_03_10020.png,rgb_07_08790.png,2,1,365,215,0,442,242,1,0.4215
374,rgb_05_11040.png,rgb_09_11580.png,0,1,271,313,1,377,128,-1,0.0730
374,rgb_05_11040.png,rgb_09_11580.png,1,0,288,282,1,525,271,0,0.0730
374,rgb_05_11040.png,rgb_09_11580.png,2,0,354,75,1,465,81,-1,0.0730
375,rgb_02_08220.png,rgb_02_10200.png,0,0,491,90,0,365,173,1,0.2782
375,rgb_02_08220.png,rgb_02_10200.png,1,0,117,268,1,228,170,1,0.2782
375,rgb_02_08220.png,rgb_02_10200.png,2,0,125,135,0,217,83,-1,0.2782
376,rgb_06_12240.png,rgb_08_00690.png,0,0,65,43,0,217,78,1,0.1501
376,rgb_06_12240.png,rgb_08_00690.png,1,1,382,271,1,560,135,-1,0.1501
376,rgb_06_12240.png,rgb_08_00690.png,2,0,420,99,0,394,228,0,0.1501
377,rgb_02_03600.png,rgb_06_01080.png,0,0,322,298,0,97,38,-1,0.6362
377,rgb_02_03600.png,rgb_06_01080.png,1,0,485,250,0,231,163,-1,0.6362
377,rgb_02_03600.png,rgb_06_01080.png,2,0,180,53,1,571,90,0,0.6362
378,rgb_08_05970.png,rgb_12_00600.png,0,1,551,173,0,554,143,1,0.3565
378,rgb_08_05970.png,rgb_12_00600.png,1,1,517,53,0,422,192,1,0.3565
378,rgb_08_05970.png,rgb_12_00600.png,2,1,351,316,0,231,73,-1,0.3565
379,rgb_06_00120.png,rgb_07_05190.png,0,0,254,273,1,474,192,-1,0.2212
379,rgb_06_00120.png,rgb_07_05190.png,1,1,480,318,0,517,125,-1,0.2212
379,rgb_06_00120.png,rgb_07_05190.png,2,1,222,61,0,205,81,1,0.2212
380,rgb_08_03630.png,rgb_11_03510.png,0,0,454,281,0,248,51,-1,0.3561
380,rgb_08_03630.png,rgb_11_03510.png,1,0,125,216,0,85,54,-1,0.3561
380,rgb_08_03630.png,rgb_11_03510.png,2,0,360,114,0,322,178,0,0.3561
381,rgb_02_00600.png,rgb_12_04800.png,0,1,100,154,0,268,323,1,0.0106
381,rgb_02_00600.png,rgb_12_04800.png,1,0,288,81,1,525,70,0,0.0106
381,rgb_02_00600.png,rgb_12_04800.png,2,0,462,41,1,545,171,1,0.0106
382,rgb_05_08640.png,rgb_06_01620.png,0,1,105,268,1,74,94,-1,0.1606
382,rgb_05_08640.png,rgb_06_01620.png,1,0,562,163,0,208,112,-1,0.1606
382,rgb_05_08640.png,rgb_06_01620.png,2,0,448,35,1,117,155,1,0.1606
383,rgb_02_08160.png,rgb_03_01860.png,0,1,511,191,0,120,96,0,0.2345
383,rgb_02_08160.png,rgb_03_01860.png,1,1,271,318,0,568,104,0,0.2345
383,rgb_02_08160.png,rgb_03_01860.png,2,0,297,170,1,80,176,0,0.2345
384,rgb_04_11280.png,rgb_12_03540.png,0,1,97,265,1,114,75,-1,0.3508
384,rgb_04_11280.png,rgb_12_03540.png,1,1,180,231,0,302,186,-1,0.3508
384,rgb_04_11280.png,rgb_12_03540.png,2,1,211,276,0,534,77,1,0.3508
385,rgb_04_02760.png,rgb_07_03810.png,0,0,200,167,1,165,122,-1,0.1286
385,rgb_04_02760.png,rgb_07_03810.png,1,0,357,199,0,245,73,-1,0.1286
385,rgb_04_02760.png,rgb_07_03810.png,2,1,100,162,0,154,70,-1,0.1286
386,rgb_10_00300.png,rgb_10_12180.png,0,0,500,196,1,245,54,-1,0.0784
386,rgb_10_00300.png,rgb_10_12180.png,1,0,297,170,0,525,117,-1,0.0784
386,rgb_10_00300.png,rgb_10_12180.png,2,0,420,216,1,191,109,-1,0.0784
387,rgb_01_06120.png,rgb_03_04440.png,0,1,314,261,0,237,102,-1,0.1495
387,rgb_01_06120.png,rgb_03_04440.png,1,0,168,136,1,454,189,1,0.1495
387,rgb_01_06120.png,rgb_03_04440.png,2,1,228,175,0,494,56,-1,0.1495
388,rgb_05_08940.png,rgb_06_08520.png,0,1,300,197,0,491,122,-1,0.0908
388,rgb_05_08940.png,rgb_06_08520.png,1,0,554,171,0,102,171,0,0.0908
388,rgb_05_08940.png,rgb_06_08520.png,2,1,517,204,0,157,91,-1,0.0908
389,rgb_01_01080.png,rgb_04_06600.png,0,1,382,128,1,554,45,-1,0.1125
389,rgb_01_01080.png,rgb_04_06600.png,1,1,451,45,0,362,98,1,0.1125
389,rgb_01_01080.png,rgb_04_06600.png,2,0,468,165,0,108,62,-1,0.1125
390,rgb_04_03360.png,rgb_08_07350.png,0,0,451,266,0,382,94,-1,0.0428
390,rgb_04_03360.png,rgb_08_07350.png,1,0,365,298,1,508,91,-1,0.0428
390,rgb_04_03360.png,rgb_08_07350.png,2,1,354,151,0,528,110,-1,0.0428
391,rgb_03_13200.png,rgb_12_00840.png,0,1,454,261,1,302,107,-1,0.2527
391,rgb_03_13200.png,rgb_12_00840.png,1,1,385,94,0,425,139,1,0.2527
391,rgb_03_13200.png,rgb_12_00840.png,2,0,142,241,0,254,136,-1,0.2527
392,rgb_04_10140.png,rgb_11_02010.png,0,1,457,308,0,300,229,-1,0.5668
392,rgb_04_10140.png,rgb_11_02010.png,1,1,305,176,1,74,143,-1,0.5668
392,rgb_04_10140.png,rgb_11_02010.png,2,1,465,90,0,282,287,1,0.5668
393,rgb_05_09480.png,rgb_06_02760.png,0,1,91,155,0,434,160,1,0.3712
393,rgb_05_09480.png,rgb_06_02760.png,1,1,457,189,0,480,234,0,0.3712
393,rgb_05_09480.png,rgb_06_02760.png,2,0,334,139,0,322,67,-1,0.3712
394,rgb_01_07620.png,rgb_02_04680.png,0,0,117,101,1,511,310,0,0.2864
394,rgb_01_07620.png,rgb_02_04680.png,1,1,377,159,1,554,231,0,0.2864
394,rgb_01_07620.png,rgb_02_04680.png,2,1,240,244,0,197,81,-1,0.2864
395,rgb_04_07860.png,rgb_09_01020.png,0,1,62,163,0,134,261,1,0.0650
395,rgb_04_07860.png,rgb_09_01020.png,1,0,414,165,0,285,183,0,0.0650
395,rgb_04_07860.png,rgb_09_01020.png,2,1,414,279,0,337,268,1,0.0650
396,rgb_03_03600.png,rgb_09_10320.png,0,1,345,123,0,117,175,1,0.2490
396,rgb_03_03600.png,rgb_09_10320.png,1,1,271,239,1,140,86,-1,0.2490
396,rgb_03_03600.png,rgb_09_10320.png,2,1,431,141,0,157,316,1,0.2490
397,rgb_09_07020.png,rgb_12_04440.png,0,0,437,205,1,497,286,1,0.1098
397,rgb_09_07020.png,rgb_12_04440.png,1,0,197,191,1,120,77,-1,0.1098
397,rgb_09_07020.png,rgb_12_04440.png,2,0,374,35,1,334,70,1,0.1098
398,rgb_02_05700.png,rgb_12_07260.png,0,0,491,38,1,88,138,1,0.4525
398,rgb_02_05700.png,rgb_12_07260.png,1,1,160,194,0,325,176,1,0.4525
398,rgb_02_05700.png,rgb_12_07260.png,2,0,151,292,1,525,122,-1,0.4525
399,rgb_05_05700.png,rgb_12_10200.png,0,0,171,67,1,417,101,1,0.1325
399,rgb_05_05700.png,rgb_12_10200.png,1,0,371,143,1,188,109,0,0.1325
399,rgb_05_05700.png,rgb_12_10200.png,2,1,528,202,0,500,183,1,0.1325
400,rgb_03_06420.png,rgb_09_12480.png,0,1,502,274,1,302,107,0,0.2088
400,rgb_03_06420.png,rgb_09_12480.png,1,0,388,215,0,542,122,-1,0.2088
400,rgb_03_06420.png,rgb_09_12480.png,2,1,405,128,0,440,149,0,0.2088
401,rgb_03_08280.png,rgb_07_10710.png,0,1,228,181,1,528,90,-1,0.2686
401,rgb_03_08280.png,rgb_07_10710.png,1,1,448,252,0,442,205,0,0.2686
401,rgb_03_08280.png,rgb_07_10710.png,2,1,297,109,1,471,311,1,0.2686
402,rgb_07_04650.png,rgb_09_06000.png,0,0,405,126,0,405,313,1,0.0225
402,rgb_07_04650.png,rgb_09_06000.png,1,0,148,144,0,502,110,-1,0.0225
402,rgb_07_04650.png,rgb_09_06000.png,2,0,551,292,1,562,163,-1,0.0225
403,rgb_09_08820.png,rgb_12_00300.png,0,1,420,115,0,471,297,1,0.1764
403,rgb_09_08820.png,rgb_12_00300.png,1,0,317,255,0,234,133,-1,0.1764
403,rgb_09_08820.png,rgb_12_00300.png,2,0,348,122,1,497,310,0,0.1764
404,rgb_06_09600.png,rgb_08_01350.png,0,0,328,290,0,291,98,-1,0.0553
404,rgb_06_09600.png,rgb_08_01350.png,1,1,522,208,0,74,94,-1,0.0553
404,rgb_06_09600.png,rgb_08_01350.png,2,1,85,88,0,71,289,1,0.0553
405,rgb_01_05400.png,rgb_07_00690.png,0,1,180,51,0,468,54,0,0.1253
405,rgb_01_05400.png,rgb_07_00690.png,1,1,345,128,0,334,212,1,0.1253
405,rgb_01_05400.png,rgb_07_00690.png,2,0,357,83,1,248,265,0,0.1253
406,rgb_10_10320.png,rgb_12_05100.png,0,1,225,122,1,91,268,-1,0.0705
406,rgb_10_10320.png,rgb_12_05100.png,1,0,274,294,1,128,88,-1,0.0705
406,rgb_10_10320.png,rgb_12_05100.png,2,1,505,41,0,205,109,1,0.0705
407,rgb_01_06420.png,rgb_02_00900.png,0,0,240,65,0,320,278,1,0.1615
407,rgb_01_06420.png,rgb_02_00900.png,1,0,128,270,0,502,102,-1,0.1615
407,rgb_01_06420.png,rgb_02_00900.png,2,0,485,54,1,220,114,1,0.1615
408,rgb_04_00600.png,rgb_12_09180.png,0,1,545,226,0,502,229,1,0.3112
408,rgb_04_00600.png,rgb_12_09180.png,1,1,222,149,1,314,207,1,0.3112
408,rgb_04_00600.png,rgb_12_09180.png,2,1,142,316,1,80,205,-1,0.3112
409,rgb_03_01800.png,rgb_11_02070.png,0,0,300,35,1,111,146,1,0.0843
409,rgb_03_01800.png,rgb_11_02070.png,1,1,294,123,0,534,245,1,0.0843
409,rgb_03_01800.png,rgb_11_02070.png,2,1,520,323,0,151,96,-1,0.0843
410,rgb_01_12960.png,rgb_03_02340.png,0,0,540,85,0,457,237,0,0.1410
410,rgb_01_12960.png,rgb_03_02340.png,1,0,300,284,0,420,57,-1,0.1410
410,rgb_01_12960.png,rgb_03_02340.png,2,0,88,205,0,248,107,0,0.1410
411,rgb_06_04860.png,rgb_11_09810.png,0,0,194,260,0,445,36,-1,0.1172
411,rgb_06_04860.png,rgb_11_09810.png,1,0,348,38,1,280,109,1,0.1172
411,rgb_06_04860.png,rgb_11_09810.png,2,1,482,101,1,560,292,0,0.1172
412,rgb_01_13020.png,rgb_08_08250.png,0,0,362,64,1,422,253,1,0.3757
412,rgb_01_13020.png,rgb_08_08250.png,1,0,454,41,1,360,96,0,0.3757
412,rgb_01_13020.png,rgb_08_08250.png,2,0,160,223,0,265,56,-1,0.3757
413,rgb_06_08040.png,rgb_10_05280.png,0,1,237,218,1,442,136,-1,0.1862
413,rgb_06_08040.png,rgb_10_05280.png,1,0,197,215,1,497,223,-1,0.1862
413,rgb_06_08040.png,rgb_10_05280.png,2,0,68,136,1,85,78,-1,0.1862
414,rgb_03_09900.png,rgb_06_13440.png,0,0,497,45,1,294,107,1,0.0187
414,rgb_03_09900.png,rgb_06_13440.png,1,1,534,120,0,328,315,1,0.0187
414,rgb_03_09900.png,rgb_06_13440.png,2,0,208,99,1,440,69,-1,0.0187
415,rgb_06_05880.png,rgb_09_01800.png,0,1,205,110,0,322,306,1,0.1129
415,rgb_06_05880.png,rgb_09_01800.png,1,1,382,212,0,97,178,-1,0.1129
415,rgb_06_05880.png,rgb_09_01800.png,2,0,168,284,1,400,144,-1,0.1129
416,rgb_02_04980.png,rgb_11_11250.png,0,1,505,112,1,414,319,1,0.4372
416,rgb_02_04980.png,rgb_11_11250.png,1,0,548,154,0,494,73,-1,0.4372
416,rgb_02_04980.png,rgb_11_11250.png,2,1,342,213,0,271,94,-1,0.4372
417,rgb_04_06000.png,rgb_10_08100.png,0,1,97,242,1,394,162,0,0.3123
417,rgb_04_06000.png,rgb_10_08100.png,1,0,554,133,0,260,126,-1,0.3123
417,rgb_04_06000.png,rgb_10_08100.png,2,0,80,167,0,254,46,-1,0.3123
418,rgb_06_01800.png,rgb_10_03000.png,0,1,165,274,1,531,59,-1,0.2785
418,rgb_06_01800.png,rgb_10_03000.png,1,1,445,40,0,388,253,1,0.2785
418,rgb_06_01800.png,rgb_10_03000.png,2,0,117,196,0,394,61,-1,0.2785
419,rgb_04_05280.png,rgb_06_13560.png,0,0,151,165,1,257,38,-1,0.2950
419,rgb_04_05280.png,rgb_06_13560.png,1,0,225,260,1,520,131,-1,0.2950
419,rgb_04_05280.png,rgb_06_13560.png,2,0,422,258,1,311,152,0,0.2950
420,rgb_06_10800.png,rgb_08_10170.png,0,1,277,133,1,348,286,0,0.3028
420,rgb_06_10800.png,rgb_08_10170.png,1,1,200,265,0,274,126,-1,0.3028
420,rgb_06_10800.png,rgb_08_10170.png,2,1,185,160,1,537,133,-1,0.3028
421,rgb_02_06540.png,rgb_06_13020.png,0,1,377,133,0,288,212,1,0.2083
421,rgb_02_06540.png,rgb_06_13020.png,1,0,374,191,1,574,120,-1,0.2083
421,rgb_02_06540.png,rgb_06_13020.png,2,1,391,257,1,85,107,-1,0.2083
422,rgb_10_01320.png,rgb_11_09690.png,0,1,311,257,0,151,159,-1,0.5480
422,rgb_10_01320.png,rgb_11_09690.png,1,0,342,149,1,428,175,0,0.5480
422,rgb_10_01320.png,rgb_11_09690.png,2,0,460,294,1,82,173,0,0.5480
423,rgb_04_11580.png,rgb_11_13170.png,0,0,97,130,0,414,204,-1,0.2333
423,rgb_04_11580.png,rgb_11_13170.png,1,0,177,221,0,200,53,-1,0.2333
423,rgb_04_11580.png,rgb_11_13170.png,2,1,425,213,1,388,115,0,0.2333
424,rgb_09_05220.png,rgb_11_03390.png,0,1,357,204,1,511,133,1,0.2562
424,rgb_09_05220.png,rgb_11_03390.png,1,0,80,123,1,534,191,1,0.2562
424,rgb_09_05220.png,rgb_11_03390.png,2,0,291,54,1,491,316,1,0.2562
425,rgb_10_08340.png,rgb_11_04530.png,0,0,405,200,0,514,78,-1,0.2312
425,rgb_10_08340.png,rgb_11_04530.png,1,0,191,104,1,342,323,1,0.2312
425,rgb_10_08340.png,rgb_11_04530.png,2,0,102,255,1,388,64,-1,0.2312
426,rgb_02_07560.png,rgb_02_11760.png,0,0,85,96,1,291,36,0,0.0537
426,rgb_02_07560.png,rgb_02_11760.png,1,0,545,154,1,117,80,-1,0.0537
426,rgb_02_07560.png,rgb_02_11760.png,2,0,114,176,1,251,244,1,0.0537
427,rgb_02_03840.png,rgb_08_09570.png,0,1,402,41,0,400,204,1,0.2792
427,rgb_02_03840.png,rgb_08_09570.png,1,0,314,48,1,71,130,0,0.2792
427,rgb_02_03840.png,rgb_08_09570.png,2,1,245,305,1,191,114,-1,0.2792
428,rgb_06_11460.png,rgb_08_01530.png,0,0,437,57,0,205,109,1,0.2105
428,rgb_06_11460.png,rgb_08_01530.png,1,0,271,305,0,491,244,1,0.2105
428,rgb_06_11460.png,rgb_08_01530.png,2,1,271,139,0,391,202,0,0.2105
429,rgb_03_00780.png,rgb_06_06000.png,0,1,80,313,0,237,215,1,0.0444
429,rgb_03_00780.png,rgb_06_06000.png,1,1,248,207,1,354,94,-1,0.0444
429,rgb_03_00780.png,rgb_06_06000.png,2,1,117,186,1,237,54,-1,0.0444
430,rgb_09_04620.png,rgb_09_08340.png,0,1,194,123,0,502,106,-1,0.2855
430,rgb_09_04620.png,rgb_09_08340.png,1,1,485,122,1,85,136,-1,0.2855
430,rgb_09_04620.png,rgb_09_08340.png,2,1,377,221,1,262,199,0,0.2855
431,rgb_05_00720.png,rgb_10_02700.png,0,0,351,234,1,497,147,0,0.4079
431,rgb_05_00720.png,rgb_10_02700.png,1,1,248,141,1,517,273,1,0.4079
431,rgb_05_00720.png,rgb_10_02700.png,2,1,222,237,1,345,136,-1,0.4079
432,rgb_03_06660.png,rgb_07_05850.png,0,1,211,118,0,408,171,1,0.3773
432,rgb_03_06660.png,rgb_07_05850.png,1,1,574,149,0,388,231,0,0.3773
432,rgb_03_06660.png,rgb_07_05850.png,2,0,557,53,1,322,181,1,0.3773
433,rgb_08_08670.png,rgb_10_09060.png,0,0,208,110,1,151,260,1,0.1402
433,rgb_08_08670.png,rgb_10_09060.png,1,0,374,266,0,411,167,-1,0.1402
433,rgb_08_08670.png,rgb_10_09060.png,2,1,251,313,1,94,107,-1,0.1402
434,rgb_04_07020.png,rgb_10_10440.png,0,0,114,36,0,460,73,0,0.2167
434,rgb_04_07020.png,rgb_10_10440.png,1,0,228,303,1,120,208,0,0.2167
434,rgb_04_07020.png,rgb_10_10440.png,2,1,174,249,0,534,268,1,0.2167
435,rgb_02_03780.png,rgb_04_04320.png,0,1,242,205,1,482,94,-1,0.0286
435,rgb_02_03780.png,rgb_04_04320.png,1,0,77,35,1,405,192,-1,0.0286
435,rgb_02_03780.png,rgb_04_04320.png,2,1,268,35,0,508,99,1,0.0286
436,rgb_01_02160.png,rgb_03_00540.png,0,1,234,319,1,454,98,-1,0.2934
436,rgb_01_02160.png,rgb_03_00540.png,1,1,137,56,0,571,212,1,0.2934
436,rgb_01_02160.png,rgb_03_00540.png,2,0,394,194,1,300,35,-1,0.2934
437,rgb_03_10500.png,rgb_12_02340.png,0,1,240,90,0,220,313,1,0.0413
437,rgb_03_10500.png,rgb_12_02340.png,1,1,511,210,0,225,64,-1,0.0413
437,rgb_03_10500.png,rgb_12_02340.png,2,0,502,284,1,480,147,0,0.0413
438,rgb_02_04920.png,rgb_09_00840.png,0,0,154,128,0,131,62,-1,0.3338
438,rgb_02_04920.png,rgb_09_00840.png,1,0,474,284,0,425,197,0,0.3338
438,rgb_02_04920.png,rgb_09_00840.png,2,0,368,73,0,328,159,1,0.3338
439,rgb_03_00660.png,rgb_05_12660.png,0,1,411,114,1,311,282,1,0.0577
439,rgb_03_00660.png,rgb_05_12660.png,1,0,320,70,1,520,255,1,0.0577
439,rgb_03_00660.png,rgb_05_12660.png,2,0,454,62,1,302,118,1,0.0577
440,rgb_03_10080.png,rgb_09_11280.png,0,0,328,168,1,257,270,0,0.1374
440,rgb_03_10080.png,rgb_09_11280.png,1,0,488,69,1,160,157,1,0.1374
440,rgb_03_10080.png,rgb_09_11280.png,2,1,62,282,1,522,149,-1,0.1374
441,rgb_01_05220.png,rgb_10_07260.png,0,0,471,72,1,377,212,1,0.0941
441,rgb_01_05220.png,rgb_10_07260.png,1,0,97,72,0,91,245,1,0.0941
441,rgb_01_05220.png,rgb_10_07260.png,2,1,357,135,0,548,315,1,0.0941
442,rgb_04_09420.png,rgb_10_10500.png,0,1,442,146,1,482,98,-1,0.4249
442,rgb_04_09420.png,rgb_10_10500.png,1,1,111,173,0,368,313,0,0.4249
442,rgb_04_09420.png,rgb_10_10500.png,2,1,211,126,1,194,188,1,0.4249
443,rgb_09_05580.png,rgb_12_10620.png,0,1,491,73,0,500,115,1,0.3199
443,rgb_09_05580.png,rgb_12_10620.png,1,1,297,86,0,362,210,1,0.3199
443,rgb_09_05580.png,rgb_12_10620.png,2,0,114,147,1,477,263,0,0.3199
444,rgb_02_02100.png,rgb_11_08370.png,0,1,405,229,1,174,120,-1,0.2082
444,rgb_02_02100.png,rgb_11_08370.png,1,1,517,323,0,148,186,-1,0.2082
444,rgb_02_02100.png,rgb_11_08370.png,2,1,165,271,1,225,80,-1,0.2082
445,rgb_04_12960.png,rgb_10_04620.png,0,1,317,302,0,385,180,-1,0.1865
445,rgb_04_12960.png,rgb_10_04620.png,1,0,268,165,0,448,128,-1,0.1865
445,rgb_04_12960.png,rgb_10_04620.png,2,1,425,221,1,62,106,-1,0.1865
446,rgb_01_00960.png,rgb_10_06240.png,0,0,391,94,0,94,263,1,0.2916
446,rgb_01_00960.png,rgb_10_06240.png,1,0,571,48,1,385,104,1,0.2916
446,rgb_01_00960.png,rgb_10_06240.png,2,0,251,81,1,120,205,-1,0.2916
447,rgb_04_09120.png,rgb_09_02460.png,0,1,514,72,1,191,215,1,0.1299
447,rgb_04_09120.png,rgb_09_02460.png,1,1,334,135,0,302,43,-1,0.1299
447,rgb_04_09120.png,rgb_09_02460.png,2,1,494,208,0,125,125,0,0.1299
448,rgb_05_08100.png,rgb_07_08610.png,0,1,517,229,1,368,241,0,0.1532
448,rgb_05_08100.png,rgb_07_08610.png,1,0,431,220,1,477,160,0,0.1532
448,rgb_05_08100.png,rgb_07_08610.png,2,0,262,96,0,151,233,0,0.1532
449,rgb_08_04170.png,rgb_10_04260.png,0,0,468,81,1,174,126,1,0.1584
449,rgb_08_04170.png,rgb_10_04260.png,1,0,325,90,0,477,228,1,0.1584
449,rgb_08_04170.png,rgb_10_04260.png,2,1,288,125,1,251,204,1,0.1584
450,rgb_02_00840.png,rgb_04_02160.png,0,1,265,183,1,157,258,0,0.1171
450,rgb_02_00840.png,rgb_04_02160.png,1,0,122,215,1,574,115,-1,0.1171
450,rgb_02_00840.png,rgb_04_02160.png,2,1,282,294,1,371,70,-1,0.1171
451,rgb_05_07260.png,rgb_08_00330.png,0,0,71,290,1,554,141,0,0.1283
451,rgb_05_07260.png,rgb_08_00330.png,1,0,331,202,0,302,80,0,0.1283
451,rgb_05_07260.png,rgb_08_00330.png,2,1,505,302,0,557,250,0,0.1283
452,rgb_06_06240.png,rgb_12_01080.png,0,1,248,130,1,537,265,0,0.0832
452,rgb_06_06240.png,rgb_12_01080.png,1,1,157,210,0,560,78,-1,0.0832
452,rgb_06_06240.png,rgb_12_01080.png,2,0,434,295,1,562,152,-1,0.0832
453,rgb_02_07800.png,rgb_08_09930.png,0,0,420,261,0,477,107,-1,0.1888
453,rgb_02_07800.png,rgb_08_09930.png,1,1,222,234,0,188,298,0,0.1888
453,rgb_02_07800.png,rgb_08_09930.png,2,1,174,159,1,565,278,1,0.1888
454,rgb_01_06660.png,rgb_01_08040.png,0,1,71,65,0,65,149,1,0.3002
454,rgb_01_06660.png,rgb_01_08040.png,1,0,474,136,1,348,109,0,0.3002
454,rgb_01_06660.png,rgb_01_08040.png,2,0,177,286,1,82,149,0,0.3002
455,rgb_03_13020.png,rgb_09_00900.png,0,1,311,244,0,497,310,1,0.2232
455,rgb_03_13020.png,rgb_09_00900.png,1,0,451,93,0,480,157,1,0.2232
455,rgb_03_13020.png,rgb_09_00900.png,2,1,560,130,1,280,104,-1,0.2232
456,rgb_03_05700.png,rgb_08_12750.png,0,1,302,192,0,322,292,1,0.3000
456,rgb_03_05700.png,rgb_08_12750.png,1,0,140,102,1,82,160,-1,0.3000
456,rgb_03_05700.png,rgb_08_12750.png,2,1,514,104,0,454,45,-1,0.3000
457,rgb_11_02670.png,rgb_11_04170.png,0,0,400,194,1,180,94,-1,0.0837
457,rgb_11_02670.png,rgb_11_04170.png,1,1,351,143,1,260,295,1,0.0837
457,rgb_11_02670.png,rgb_11_04170.png,2,1,400,72,0,82,67,1,0.0837
458,rgb_04_01200.png,rgb_11_10950.png,0,1,385,200,1,168,136,0,0.1692
458,rgb_04_01200.png,rgb_11_10950.png,1,0,448,61,1,205,202,1,0.1692
458,rgb_04_01200.png,rgb_11_10950.png,2,0,445,146,0,125,318,0,0.1692
459,rgb_03_06360.png,rgb_10_02160.png,0,0,68,41,0,417,80,1,0.0759
459,rgb_03_06360.png,rgb_10_02160.png,1,0,322,78,1,71,258,1,0.0759
459,rgb_03_06360.png,rgb_10_02160.png,2,1,348,133,0,562,323,1,0.0759
460,rgb_08_11550.png,rgb_11_12210.png,0,0,400,204,0,420,310,0,0.1966
460,rgb_08_11550.png,rgb_11_12210.png,1,1,80,208,0,380,252,0,0.1966
460,rgb_08_11550.png,rgb_11_12210.png,2,1,562,64,0,268,139,1,0.1966
461,rgb_09_05100.png,rgb_12_09720.png,0,0,214,72,0,342,138,1,0.3211
461,rgb_09_05100.png,rgb_12_09720.png,1,0,431,268,0,280,321,0,0.3211
461,rgb_09_05100.png,rgb_12_09720.png,2,0,531,208,1,211,289,0,0.3211
462,rgb_02_01740.png,rgb_04_03780.png,0,1,511,57,0,480,61,0,0.1323
462,rgb_02_01740.png,rgb_04_03780.png,1,1,574,282,1,137,155,-1,0.1323
462,rgb_02_01740.png,rgb_04_03780.png,2,0,268,48,0,311,139,1,0.1323
463,rgb_01_06180.png,rgb_11_13290.png,0,1,191,310,1,551,168,-1,0.2229
463,rgb_01_06180.png,rgb_11_13290.png,1,1,362,65,1,85,159,1,0.2229
463,rgb_01_06180.png,rgb_11_13290.png,2,1,462,46,1,331,303,1,0.2229
464,rgb_03_04200.png,rgb_11_00210.png,0,1,157,94,1,554,151,-1,0.1566
464,rgb_03_04200.png,rgb_11_00210.png,1,1,265,165,0,168,200,1,0.1566
464,rgb_03_04200.png,rgb_11_00210.png,2,0,477,123,1,71,180,1,0.1566
465,rgb_07_03690.png,rgb_12_09600.png,0,0,180,41,0,574,43,0,0.2232
465,rgb_07_03690.png,rgb_12_09600.png,1,1,574,323,1,74,59,-1,0.2232
465,rgb_07_03690.png,rgb_12_09600.png,2,1,537,239,0,317,204,0,0.2232
466,rgb_07_00570.png,rgb_12_07920.png,0,0,165,165,1,91,270,-1,0.2000
466,rgb_07_00570.png,rgb_12_07920.png,1,1,228,261,1,237,149,-1,0.2000
466,rgb_07_00570.png,rgb_12_07920.png,2,1,377,163,0,402,281,0,0.2000
467,rgb_04_03840.png,rgb_05_02880.png,0,0,480,40,0,154,151,1,0.1772
467,rgb_04_03840.png,rgb_05_02880.png,1,1,537,101,0,574,138,1,0.1772
467,rgb_04_03840.png,rgb_05_02880.png,2,1,94,260,0,242,59,0,0.1772
468,rgb_09_08940.png,rgb_12_04260.png,0,0,454,292,1,340,135,-1,0.0337
468,rgb_09_08940.png,rgb_12_04260.png,1,0,485,96,1,137,242,1,0.0337
468,rgb_09_08940.png,rgb_12_04260.png,2,1,511,297,0,254,112,0,0.0337
469,rgb_01_08580.png,rgb_04_05340.png,0,1,125,210,0,71,85,-1,0.0932
469,rgb_01_08580.png,rgb_04_05340.png,1,1,65,298,0,357,98,-1,0.0932
469,rgb_01_08580.png,rgb_04_05340.png,2,1,471,279,1,231,102,0,0.0932
470,rgb_11_01170.png,rgb_11_06450.png,0,0,311,144,1,502,300,0,0.0319
470,rgb_11_01170.png,rgb_11_06450.png,1,1,408,302,0,297,81,-1,0.0319
470,rgb_11_01170.png,rgb_11_06450.png,2,0,125,313,1,117,93,0,0.0319
471,rgb_02_09840.png,rgb_06_12660.png,0,1,277,188,0,365,85,-1,0.2228
471,rgb_02_09840.png,rgb_06_12660.png,1,1,405,208,0,242,101,-1,0.2228
471,rgb_02_09840.png,rgb_06_12660.png,2,1,525,274,1,285,241,1,0.2228
472,rgb_02_04560.png,rgb_05_06120.png,0,1,388,323,1,428,126,-1,0.2697
472,rgb_02_04560.png,rgb_05_06120.png,1,1,540,284,1,157,210,-1,0.2697
472,rgb_02_04560.png,rgb_05_06120.png,2,0,122,118,1,317,221,0,0.2697
473,rgb_10_03540.png,rgb_10_06420.png,0,1,277,147,1,422,112,-1,0.0570
473,rgb_10_03540.png,rgb_10_06420.png,1,1,117,180,0,62,75,-1,0.0570
473,rgb_10_03540.png,rgb_10_06420.png,2,0,105,141,0,454,318,1,0.0570
474,rgb_01_09000.png,rgb_02_05220.png,0,1,368,287,1,80,72,-1,0.1912
474,rgb_01_09000.png,rgb_02_05220.png,1,0,291,159,1,411,178,0,0.1912
474,rgb_01_09000.png,rgb_02_05220.png,2,0,337,41,1,460,120,1,0.1912
475,rgb_11_00090.png,rgb_12_07440.png,0,0,305,122,1,168,260,0,0.1203
475,rgb_11_00090.png,rgb_12_07440.png,1,0,248,188,0,431,88,-1,0.1203
475,rgb_11_00090.png,rgb_12_07440.png,2,1,551,242,0,574,61,-1,0.1203
476,rgb_08_03510.png,rgb_09_00720.png,0,1,551,98,0,462,139,1,0.0777
476,rgb_08_03510.png,rgb_09_00720.png,1,0,162,215,1,571,199,-1,0.0777
476,rgb_08_03510.png,rgb_09_00720.png,2,0,134,305,0,200,114,0,0.0777
477,rgb_06_07260.png,rgb_12_06300.png,0,1,280,323,1,374,126,-1,0.2370
477,rgb_06_07260.png,rgb_12_06300.png,1,1,231,41,1,174,138,1,0.2370
477,rgb_06_07260.png,rgb_12_06300.png,2,1,231,176,0,345,46,-1,0.2370
478,rgb_06_00600.png,rgb_07_07530.png,0,1,451,115,1,322,96,-1,0.1461
478,rgb_06_00600.png,rgb_07_07530.png,1,1,571,85,1,154,189,0,0.1461
478,rgb_06_00600.png,rgb_07_07530.png,2,1,271,173,0,108,93,0,0.1461
479,rgb_08_09150.png,rgb_11_06510.png,0,0,314,99,0,165,46,-1,0.0418
479,rgb_08_09150.png,rgb_11_06510.png,1,0,491,155,1,465,130,-1,0.0418
479,rgb_08_09150.png,rgb_11_06510.png,2,0,71,75,1,100,57,0,0.0418
480,rgb_10_02100.png,rgb_10_04500.png,0,0,68,205,0,508,260,0,0.2126
480,rgb_10_02100.png,rgb_10_04500.png,1,0,345,120,0,397,305,1,0.2126
480,rgb_10_02100.png,rgb_10_04500.png,2,0,145,234,1,251,56,-1,0.2126
481,rgb_01_10500.png,rgb_09_11700.png,0,1,380,258,1,228,143,-1,0.2192
481,rgb_01_10500.png,rgb_09_11700.png,1,1,571,115,1,197,302,1,0.2192
481,rgb_01_10500.png,rgb_09_11700.png,2,0,477,295,1,268,191,0,0.2192
482,rgb_07_00030.png,rgb_08_02850.png,0,1,317,133,1,434,102,0,0.1794
482,rgb_07_00030.png,rgb_08_02850.png,1,0,511,212,0,68,289,0,0.1794
482,rgb_07_00030.png,rgb_08_02850.png,2,0,437,316,1,228,56,-1,0.1794
483,rgb_05_09660.png,rgb_10_11700.png,0,0,425,101,1,380,99,-1,0.0387
483,rgb_05_09660.png,rgb_10_11700.png,1,0,571,154,1,151,147,-1,0.0387
483,rgb_05_09660.png,rgb_10_11700.png,2,0,214,112,1,480,308,0,0.0387
484,rgb_06_04440.png,rgb_07_04410.png,0,1,451,90,0,237,226,1,0.4271
484,rgb_06_04440.png,rgb_07_04410.png,1,1,254,128,1,128,188,0,0.4271
484,rgb_06_04440.png,rgb_07_04410.png,2,0,431,88,1,362,188,1,0.4271
485,rgb_02_06600.png,rgb_08_06870.png,0,0,180,289,0,314,96,-1,0.0839
485,rgb_02_06600.png,rgb_08_06870.png,1,1,414,234,0,548,80,-1,0.0839
485,rgb_02_06600.png,rgb_08_06870.png,2,0,165,135,1,488,305,-1,0.0839
486,rgb_04_00780.png,rgb_10_03720.png,0,0,397,323,1,562,102,-1,0.0360
486,rgb_04_00780.png,rgb_10_03720.png,1,0,251,231,1,91,181,-1,0.0360
486,rgb_04_00780.png,rgb_10_03720.png,2,1,137,83,0,405,257,0,0.0360
487,rgb_04_03060.png,rgb_06_03180.png,0,0,157,287,0,168,54,-1,0.5391
487,rgb_04_03060.png,rgb_06_03180.png,1,1,302,69,0,217,171,1,0.5391
487,rgb_04_03060.png,rgb_06_03180.png,2,0,80,104,1,165,200,1,0.5391
488,rgb_01_00240.png,rgb_08_12690.png,0,1,508,120,0,568,300,1,0.0657
488,rgb_01_00240.png,rgb_08_12690.png,1,1,251,221,0,322,75,-1,0.0657
488,rgb_01_00240.png,rgb_08_12690.png,2,1,448,253,0,77,49,-1,0.0657
489,rgb_02_06840.png,rgb_04_12000.png,0,0,197,88,0,188,266,0,0.1454
489,rgb_02_06840.png,rgb_04_12000.png,1,0,571,189,1,77,310,0,0.1454
489,rgb_02_06840.png,rgb_04_12000.png,2,1,65,110,0,145,194,1,0.1454
490,rgb_01_06360.png,rgb_04_12180.png,0,0,211,220,1,282,130,0,0.2100
490,rgb_01_06360.png,rgb_04_12180.png,1,1,354,61,0,134,112,1,0.2100
490,rgb_01_06360.png,rgb_04_12180.png,2,1,62,215,0,240,316,0,0.2100
491,rgb_04_06060.png,rgb_11_05130.png,0,1,197,306,0,145,101,-1,0.0644
491,rgb_04_06060.png,rgb_11_05130.png,1,1,437,146,0,71,321,1,0.0644
491,rgb_04_06060.png,rgb_11_05130.png,2,0,480,91,1,448,311,0,0.0644
492,rgb_03_09420.png,rgb_11_11430.png,0,0,525,212,1,182,234,-1,0.2742
492,rgb_03_09420.png,rgb_11_11430.png,1,1,480,276,0,542,86,-1,0.2742
492,rgb_03_09420.png,rgb_11_11430.png,2,1,445,35,1,145,101,1,0.2742
493,rgb_03_10920.png,rgb_12_12180.png,0,0,377,94,0,220,163,1,0.2192
493,rgb_03_10920.png,rgb_12_12180.png,1,1,165,91,0,142,204,1,0.2192
493,rgb_03_10920.png,rgb_12_12180.png,2,1,360,223,0,165,311,1,0.2192
494,rgb_11_00690.png,rgb_11_12150.png,0,1,117,287,0,531,261,0,0.1378
494,rgb_11_00690.png,rgb_11_12150.png,1,1,91,147,0,111,80,-1,0.1378
494,rgb_11_00690.png,rgb_11_12150.png,2,1,102,85,0,117,141,1,0.1378
495,rgb_02_01800.png,rgb_06_01380.png,0,1,302,62,0,242,128,1,0.0881
495,rgb_02_01800.png,rgb_06_01380.png,1,0,328,120,0,525,117,-1,0.0881
495,rgb_02_01800.png,rgb_06_01380.png,2,1,308,282,1,565,171,-1,0.0881
496,rgb_09_12420.png,rgb_11_11550.png,0,1,554,250,0,294,308,0,0.2759
496,rgb_09_12420.png,rgb_11_11550.png,1,1,400,208,1,320,149,0,0.2759
496,rgb_09_12420.png,rgb_11_11550.png,2,1,371,57,1,525,48,0,0.2759
497,rgb_01_01800.png,rgb_08_08130.png,0,1,205,194,1,165,90,-1,0.4227
497,rgb_01_01800.png,rgb_08_08130.png,1,0,188,257,1,331,171,-1,0.4227
497,rgb_01_01800.png,rgb_08_08130.png,2,1,200,289,1,494,311,0,0.4227
498,rgb_06_12300.png,rgb_07_02250.png,0,0,508,189,1,294,180,0,0.0509
498,rgb_06_12300.png,rgb_07_02250.png,1,0,254,81,1,257,305,1,0.0509
498,rgb_06_12300.png,rgb_07_02250.png,2,0,448,94,1,128,249,0,0.0509
499,rgb_01_13080.png,rgb_03_08700.png,0,0,491,186,0,128,35,-1,0.3400
499,rgb_01_13080.png,rgb_03_08700.png,1,1,471,146,0,377,67,-1,0.3400
499,rgb_01_13080.png,rgb_03_08700.png,2,1,545,75,1,194,268,1,0.3400
500,rgb_01_01920.png,rgb_12_02400.png,0,1,320,192,1,502,120,-1,0.1796
500,rgb_01_01920.png,rgb_12_02400.png,1,1,82,297,1,291,249,0,0.1796
500,rgb_01_01920.png,rgb_12_02400.png,2,1,88,196,0,505,194,1,0.1796
501,rgb_01_08400.png,rgb_03_08220.png,0,1,228,303,0,62,98,-1,0.2200
501,rgb_01_08400.png,rgb_03_08220.png,1,1,408,61,1,405,120,1,0.2200
501,rgb_01_08400.png,rgb_03_08220.png,2,1,480,93,0,320,321,1,0.2200
502,rgb_02_07080.png,rgb_05_02220.png,0,1,280,99,1,111,73,0,0.1925
502,rgb_02_07080.png,rgb_05_02220.png,1,1,560,96,1,251,303,1,0.1925
502,rgb_02_07080.png,rgb_05_02220.png,2,0,91,149,0,394,93,-1,0.1925
503,rgb_06_11760.png,rgb_09_05280.png,0,1,171,69,0,502,122,1,0.1647
503,rgb_06_11760.png,rgb_09_05280.png,1,1,428,120,0,568,247,0,0.1647
503,rgb_06_11760.png,rgb_09_05280.png,2,1,400,260,0,385,128,-1,0.1647
504,rgb_01_08640.png,rgb_12_03660.png,0,1,214,278,1,214,78,-1,0.0444
504,rgb_01_08640.png,rgb_12_03660.png,1,1,137,157,0,548,62,-1,0.0444
504,rgb_01_08640.png,rgb_12_03660.png,2,1,500,122,0,302,149,1,0.0444
505,rgb_02_10440.png,rgb_03_13320.png,0,1,377,200,0,322,192,0,0.5606
505,rgb_02_10440.png,rgb_03_13320.png,1,1,522,266,1,160,88,-1,0.5606
505,rgb_02_10440.png,rgb_03_13320.png,2,0,417,180,0,148,263,1,0.5606
506,rgb_03_04020.png,rgb_06_03120.png,0,0,522,91,1,280,104,1,0.0501
506,rgb_03_04020.png,rgb_06_03120.png,1,0,560,138,0,148,70,-1,0.0501
506,rgb_03_04020.png,rgb_06_03120.png,2,1,100,188,1,480,81,-1,0.0501
507,rgb_05_00660.png,rgb_12_12600.png,0,1,174,180,0,362,93,-1,0.0675
507,rgb_05_00660.png,rgb_12_12600.png,1,0,82,138,1,82,155,0,0.0675
507,rgb_05_00660.png,rgb_12_12600.png,2,1,302,138,0,345,319,0,0.0675
508,rgb_04_07500.png,rgb_06_13680.png,0,1,197,218,1,365,114,0,0.0986
508,rgb_04_07500.png,rgb_06_13680.png,1,0,414,131,1,148,67,-1,0.0986
508,rgb_04_07500.png,rgb_06_13680.png,2,0,531,186,1,522,98,0,0.0986
509,rgb_05_13140.png,rgb_10_11100.png,0,1,445,81,1,117,298,1,0.2551
509,rgb_05_13140.png,rgb_10_11100.png,1,1,248,218,0,374,143,0,0.2551
509,rgb_05_13140.png,rgb_10_11100.png,2,0,454,40,1,245,67,1,0.2551
510,rgb_08_07170.png,rgb_09_08460.png,0,0,391,213,1,362,102,0,0.1774
510,rgb_08_07170.png,rgb_09_08460.png,1,1,65,223,1,554,98,-1,0.1774
510,rgb_08_07170.png,rgb_09_08460.png,2,0,431,281,1,137,118,-1,0.1774
511,rgb_02_00660.png,rgb_07_05670.png,0,1,368,126,0,71,265,1,0.1044
511,rgb_02_00660.png,rgb_07_05670.png,1,0,231,298,1,225,110,-1,0.1044
511,rgb_02_00660.png,rgb_07_05670.png,2,0,331,261,1,191,220,0,0.1044
512,rgb_08_13230.png,rgb_12_07140.png,0,0,211,54,1,520,321,1,0.3749
512,rgb_08_13230.png,rgb_12_07140.png,1,0,302,308,0,140,86,-1,0.3749
512,rgb_08_13230.png,rgb_12_07140.png,2,0,200,163,0,502,149,-1,0.3749
513,rgb_03_00120.png,rgb_05_01320.png,0,0,288,231,0,548,115,0,0.1344
513,rgb_03_00120.png,rgb_05_01320.png,1,1,108,143,0,405,300,1,0.1344
513,rgb_03_00120.png,rgb_05_01320.png,2,1,562,245,1,128,244,0,0.1344
514,rgb_04_07560.png,rgb_04_07920.png,0,0,322,316,1,305,80,0,0.2978
514,rgb_04_07560.png,rgb_04_07920.png,1,0,245,155,1,540,295,-1,0.2978
514,rgb_04_07560.png,rgb_04_07920.png,2,0,88,173,1,160,139,-1,0.2978
515,rgb_03_07500.png,rgb_06_09060.png,0,1,82,144,0,108,287,0,0.1429
515,rgb_03_07500.png,rgb_06_09060.png,1,1,308,181,0,191,242,0,0.1429
515,rgb_03_07500.png,rgb_06_09060.png,2,0,91,196,0,174,35,-1,0.1429
516,rgb_05_09000.png,rgb_11_05490.png,0,0,417,252,0,417,192,0,0.4171
516,rgb_05_09000.png,rgb_11_05490.png,1,1,177,141,1,440,298,1,0.4171
516,rgb_05_09000.png,rgb_11_05490.png,2,0,305,43,0,377,98,1,0.4171
517,rgb_05_08760.png,rgb_12_00720.png,0,0,314,48,1,271,54,0,0.1852
517,rgb_05_08760.png,rgb_12_00720.png,1,1,271,286,0,382,229,1,0.1852
517,rgb_05_08760.png,rgb_12_00720.png,2,1,368,252,0,497,75,-1,0.1852
518,rgb_05_08220.png,rgb_09_07560.png,0,1,351,268,0,525,107,-1,0.2101
518,rgb_05_08220.png,rgb_09_07560.png,1,1,380,94,0,337,255,0,0.2101
518,rgb_05_08220.png,rgb_09_07560.png,2,0,80,273,0,68,136,-1,0.2101
519,rgb_02_01140.png,rgb_08_06270.png,0,1,482,273,0,380,181,0,0.1254
519,rgb_02_01140.png,rgb_08_06270.png,1,1,265,225,0,157,278,0,0.1254
519,rgb_02_01140.png,rgb_08_06270.png,2,0,65,61,1,497,152,1,0.1254
520,rgb_05_12420.png,rgb_10_12960.png,0,1,474,133,0,222,73,-1,0.0359
520,rgb_05_12420.png,rgb_10_12960.png,1,1,562,118,1,82,101,-1,0.0359
520,rgb_05_12420.png,rgb_10_12960.png,2,1,365,223,1,171,64,-1,0.0359
521,rgb_01_04920.png,rgb_09_03780.png,0,0,548,67,1,520,300,1,0.1463
521,rgb_01_04920.png,rgb_09_03780.png,1,1,462,128,0,434,242,1,0.1463
521,rgb_01_04920.png,rgb_09_03780.png,2,0,317,144,1,334,86,-1,0.1463
522,rgb_03_00360.png,rgb_04_12420.png,0,1,211,168,0,171,135,0,0.3034
522,rgb_03_00360.png,rgb_04_12420.png,1,1,322,305,1,431,81,-1,0.3034
522,rgb_03_00360.png,rgb_04_12420.png,2,1,65,284,1,371,162,0,0.3034
523,rgb_06_01140.png,rgb_12_03300.png,0,1,171,305,1,551,107,0,0.1503
523,rgb_06_01140.png,rgb_12_03300.png,1,0,274,110,1,337,274,1,0.1503
523,rgb_06_01140.png,rgb_12_03300.png,2,1,254,123,0,322,282,1,0.1503
524,rgb_03_02820.png,rgb_06_05460.png,0,0,314,287,1,400,221,-1,0.2980
524,rgb_03_02820.png,rgb_06_05460.png,1,1,148,139,1,485,311,1,0.2980
524,rgb_03_02820.png,rgb_06_05460.png,2,0,411,229,0,297,94,0,0.2980
525,rgb_04_04860.png,rgb_11_10470.png,0,1,357,70,1,337,302,1,0.2164
525,rgb_04_04860.png,rgb_11_10470.png,1,0,148,69,1,231,106,1,0.2164
525,rgb_04_04860.png,rgb_11_10470.png,2,0,280,310,1,222,213,-1,0.2164
526,rgb_04_06420.png,rgb_11_08010.png,0,1,471,213,0,65,125,0,0.2349
526,rgb_04_06420.png,rgb_11_08010.png,1,0,154,163,0,305,115,-1,0.2349
526,rgb_04_06420.png,rgb_11_08010.png,2,1,560,136,0,428,91,-1,0.2349
527,rgb_02_04080.png,rgb_08_04890.png,0,1,537,40,0,391,271,1,0.4261
527,rgb_02_04080.png,rgb_08_04890.png,1,1,445,260,1,217,305,0,0.4261
527,rgb_02_04080.png,rgb_08_04890.png,2,0,82,249,1,291,120,-1,0.4261
528,rgb_07_08430.png,rgb_09_03000.png,0,1,382,85,1,380,218,1,0.1184
528,rgb_07_08430.png,rgb_09_03000.png,1,0,400,43,1,251,73,0,0.1184
528,rgb_07_08430.png,rgb_09_03000.png,2,1,194,233,0,97,266,0,0.1184
529,rgb_08_12510.png,rgb_12_07200.png,0,0,557,186,1,320,223,1,0.0904
529,rgb_08_12510.png,rgb_12_07200.png,1,0,217,303,0,220,141,0,0.0904
529,rgb_08_12510.png,rgb_12_07200.png,2,0,485,218,1,417,319,1,0.0904
530,rgb_11_01050.png,rgb_11_10650.png,0,1,334,247,0,531,205,-1,0.4326
530,rgb_11_01050.png,rgb_11_10650.png,1,0,254,90,1,234,242,1,0.4326
530,rgb_11_01050.png,rgb_11_10650.png,2,0,128,70,1,271,56,-1,0.4326
531,rgb_07_09750.png,rgb_09_06720.png,0,1,374,149,1,565,189,-1,0.1740
531,rgb_07_09750.png,rgb_09_06720.png,1,1,254,265,1,182,117,0,0.1740
531,rgb_07_09750.png,rgb_09_06720.png,2,1,422,279,1,548,139,-1,0.1740
532,rgb_04_12300.png,rgb_06_02280.png,0,1,85,125,0,88,255,1,0.2142
532,rgb_04_12300.png,rgb_06_02280.png,1,0,237,131,0,405,300,1,0.2142
532,rgb_04_12300.png,rgb_06_02280.png,2,1,242,234,1,548,143,-1,0.2142
533,rgb_07_03570.png,rgb_07_06870.png,0,1,160,45,0,194,284,1,0.1084
533,rgb_07_03570.png,rgb_07_06870.png,1,0,288,186,0,540,180,0,0.1084
533,rgb_07_03570.png,rgb_07_06870.png,2,0,391,281,0,154,125,0,0.1084
534,rgb_05_02460.png,rgb_09_06060.png,0,0,77,284,0,131,59,-1,0.3798
534,rgb_05_02460.png,rgb_09_06060.png,1,1,331,226,1,420,125,0,0.3798
534,rgb_05_02460.png,rgb_09_06060.png,2,0,274,189,0,154,133,-1,0.3798
535,rgb_09_00660.png,rgb_10_08820.png,0,1,365,93,0,314,157,1,0.0833
535,rgb_09_00660.png,rgb_10_08820.png,1,1,311,183,0,154,202,0,0.0833
535,rgb_09_00660.png,rgb_10_08820.png,2,1,534,157,1,137,64,-1,0.0833
536,rgb_05_06360.png,rgb_09_04020.png,0,1,514,114,0,365,191,1,0.0977
536,rgb_05_06360.png,rgb_09_04020.png,1,1,185,144,1,317,276,1,0.0977
536,rgb_05_06360.png,rgb_09_04020.png,2,0,557,35,1,400,45,0,0.0977
537,rgb_08_11670.png,rgb_09_04860.png,0,0,108,123,1,174,49,-1,0.3118
537,rgb_08_11670.png,rgb_09_04860.png,1,0,514,139,0,482,244,1,0.3118
537,rgb_08_11670.png,rgb_09_04860.png,2,0,160,183,1,271,133,-1,0.3118
538,rgb_11_11370.png,rgb_12_11700.png,0,0,65,104,1,434,181,1,0.2252
538,rgb_11_11370.png,rgb_12_11700.png,1,0,554,131,0,314,323,1,0.2252
538,rgb_11_11370.png,rgb_12_11700.png,2,1,234,61,1,157,175,1,0.2252
539,rgb_08_03990.png,rgb_12_05700.png,0,0,231,318,0,91,99,-1,0.2104
539,rgb_08_03990.png,rgb_12_05700.png,1,1,442,255,1,460,130,-1,0.2104
539,rgb_08_03990.png,rgb_12_05700.png,2,1,85,72,1,180,229,1,0.2104
540,rgb_02_03240.png,rgb_12_07680.png,0,0,420,43,1,500,167,1,0.4340
540,rgb_02_03240.png,rgb_12_07680.png,1,0,314,38,0,300,261,1,0.4340
540,rgb_02_03240.png,rgb_12_07680.png,2,0,488,93,0,400,101,1,0.4340
541,rgb_03_07620.png,rgb_07_06330.png,0,0,134,165,0,240,75,-1,0.2795
541,rgb_03_07620.png,rgb_07_06330.png,1,0,362,45,0,374,249,1,0.2795
541,rgb_03_07620.png,rgb_07_06330.png,2,0,80,268,1,288,36,-1,0.2795
542,rgb_04_08760.png,rgb_11_08430.png,0,0,402,268,0,571,131,-1,0.1616
542,rgb_04_08760.png,rgb_11_08430.png,1,1,145,165,1,320,319,0,0.1616
542,rgb_04_08760.png,rgb_11_08430.png,2,0,122,73,0,520,83,0,0.1616
543,rgb_01_01200.png,rgb_01_07020.png,0,0,514,123,1,360,261,1,0.0710
543,rgb_01_01200.png,rgb_01_07020.png,1,1,71,36,1,440,80,0,0.0710
543,rgb_01_01200.png,rgb_01_07020.png,2,1,477,146,1,334,215,1,0.0710
544,rgb_05_08880.png,rgb_08_10110.png,0,0,114,265,1,191,133,0,0.0683
544,rgb_05_08880.png,rgb_08_10110.png,1,0,160,139,0,505,221,1,0.0683
544,rgb_05_08880.png,rgb_08_10110.png,2,0,342,215,0,88,80,-1,0.0683
545,rgb_02_05520.png,rgb_10_09840.png,0,1,325,196,0,194,77,0,0.3305
545,rgb_02_05520.png,rgb_10_09840.png,1,1,537,234,1,497,167,0,0.3305
545,rgb_02_05520.png,rgb_10_09840.png,2,0,117,170,1,505,295,1,0.3305
546,rgb_01_12720.png,rgb_04_07980.png,0,1,240,231,0,162,189,0,0.0703
546,rgb_01_12720.png,rgb_04_07980.png,1,1,400,141,1,351,208,0,0.0703
546,rgb_01_12720.png,rgb_04_07980.png,2,1,571,133,0,311,225,1,0.0703
547,rgb_08_07470.png,rgb_11_12570.png,0,0,208,194,1,300,112,-1,0.0217
547,rgb_08_07470.png,rgb_11_12570.png,1,0,317,220,1,411,118,-1,0.0217
547,rgb_08_07470.png,rgb_11_12570.png,2,1,497,273,0,457,90,-1,0.0217
548,rgb_05_06420.png,rgb_11_02490.png,0,0,471,273,1,151,180,-1,0.1188
548,rgb_05_06420.png,rgb_11_02490.png,1,1,100,123,0,457,207,1,0.1188
548,rgb_05_06420.png,rgb_11_02490.png,2,1,245,282,1,431,160,0,0.1188
549,rgb_01_11340.png,rgb_09_09060.png,0,1,511,59,1,114,138,1,0.2822
549,rgb_01_11340.png,rgb_09_09060.png,1,0,305,208,1,468,147,0,0.2822
549,rgb_01_11340.png,rgb_09_09060.png,2,1,211,88,0,465,64,0,0.2822
550,rgb_07_04950.png,rgb_11_01650.png,0,1,120,260,1,362,99,-1,0.3157
550,rgb_07_04950.png,rgb_11_01650.png,1,0,425,72,1,254,163,1,0.3157
550,rgb_07_04950.png,rgb_11_01650.png,2,0,140,294,1,88,85,-1,0.3157
551,rgb_04_08160.png,rgb_06_03960.png,0,0,68,70,1,462,75,1,0.0613
551,rgb_04_08160.png,rgb_06_03960.png,1,0,71,175,1,497,138,-1,0.0613
551,rgb_04_08160.png,rgb_06_03960.png,2,1,277,40,1,151,57,1,0.0613
552,rgb_09_03360.png,rgb_09_06300.png,0,1,151,253,1,531,135,-1,0.1070
552,rgb_09_03360.png,rgb_09_06300.png,1,0,548,162,0,211,53,-1,0.1070
552,rgb_09_03360.png,rgb_09_06300.png,2,1,540,270,0,277,298,0,0.1070
553,rgb_04_06240.png,rgb_10_06900.png,0,0,174,86,0,388,165,1,0.2092
553,rgb_04_06240.png,rgb_10_06900.png,1,0,451,78,1,231,252,1,0.2092
553,rgb_04_06240.png,rgb_10_06900.png,2,0,268,311,0,531,112,0,0.2092
554,rgb_06_10020.png,rgb_08_12150.png,0,0,445,213,0,77,123,-1,0.4586
554,rgb_06_10020.png,rgb_08_12150.png,1,0,260,189,0,497,292,1,0.4586
554,rgb_06_10020.png,rgb_08_12150.png,2,1,405,162,1,122,36,-1,0.4586
555,rgb_04_11160.png,rgb_09_01380.png,0,1,537,144,0,460,255,1,0.1253
555,rgb_04_11160.png,rgb_09_01380.png,1,0,357,69,1,191,258,1,0.1253
555,rgb_04_11160.png,rgb_09_01380.png,2,1,105,99,0,160,114,1,0.1253
556,rgb_01_02640.png,rgb_09_09720.png,0,1,165,255,1,194,54,-1,0.2016
556,rgb_01_02640.png,rgb_09_09720.png,1,1,62,154,0,191,146,0,0.2016
556,rgb_01_02640.png,rgb_09_09720.png,2,0,571,112,1,542,180,1,0.2016
557,rgb_01_01500.png,rgb_02_09780.png,0,1,271,88,1,374,316,1,0.0168
557,rgb_01_01500.png,rgb_02_09780.png,1,1,425,93,0,531,292,1,0.0168
557,rgb_01_01500.png,rgb_02_09780.png,2,1,165,115,0,422,321,1,0.0168
558,rgb_01_03600.png,rgb_07_05610.png,0,0,562,40,1,242,207,1,0.2257
558,rgb_01_03600.png,rgb_07_05610.png,1,1,71,168,1,274,152,0,0.2257
558,rgb_01_03600.png,rgb_07_05610.png,2,1,122,207,1,148,125,0,0.2257
559,rgb_07_07410.png,rgb_10_04920.png,0,0,531,70,0,80,85,-1,0.0670
559,rgb_07_07410.png,rgb_10_04920.png,1,1,402,226,1,114,215,0,0.0670
559,rgb_07_07410.png,rgb_10_04920.png,2,1,568,250,0,114,135,-1,0.0670
560,rgb_04_03720.png,rgb_11_07170.png,0,1,565,236,0,571,94,-1,0.1509
560,rgb_04_03720.png,rgb_11_07170.png,1,1,325,290,0,437,284,0,0.1509
560,rgb_04_03720.png,rgb_11_07170.png,2,1,305,208,0,145,165,-1,0.1509
561,rgb_03_11340.png,rgb_10_04080.png,0,0,154,221,0,454,162,0,0.1438
561,rgb_03_11340.png,rgb_10_04080.png,1,1,534,40,0,420,93,0,0.1438
561,rgb_03_11340.png,rgb_10_04080.png,2,1,125,135,1,411,85,-1,0.1438
562,rgb_08_03810.png,rgb_08_08070.png,0,0,128,57,0,565,133,1,0.0568
562,rgb_08_03810.png,rgb_08_08070.png,1,1,182,99,0,162,118,1,0.0568
562,rgb_08_03810.png,rgb_08_08070.png,2,1,548,319,0,248,75,-1,0.0568
563,rgb_02_07200.png,rgb_06_09240.png,0,1,528,199,1,374,73,-1,0.0608
563,rgb_02_07200.png,rgb_06_09240.png,1,1,357,271,1,191,126,-1,0.0608
563,rgb_02_07200.png,rgb_06_09240.png,2,1,571,88,0,165,94,1,0.0608
564,rgb_05_01800.png,rgb_12_08640.png,0,0,362,226,1,365,229,0,0.3984
564,rgb_05_01800.png,rgb_12_08640.png,1,0,162,276,1,402,46,-1,0.3984
564,rgb_05_01800.png,rgb_12_08640.png,2,0,394,146,0,351,62,-1,0.3984
565,rgb_06_11040.png,rgb_08_02130.png,0,1,397,184,0,482,237,1,0.3253
565,rgb_06_11040.png,rgb_08_02130.png,1,1,171,75,0,462,96,1,0.3253
565,rgb_06_11040.png,rgb_08_02130.png,2,1,208,180,0,105,162,0,0.3253
566,rgb_06_05040.png,rgb_08_11850.png,0,1,211,244,1,485,99,0,0.4163
566,rgb_06_05040.png,rgb_08_11850.png,1,0,145,270,0,488,316,1,0.4163
566,rgb_06_05040.png,rgb_08_11850.png,2,0,180,155,1,517,183,-1,0.4163
567,rgb_02_00000.png,rgb_08_07770.png,0,1,288,199,1,442,274,0,0.3067
567,rgb_02_00000.png,rgb_08_07770.png,1,0,397,279,1,422,107,0,0.3067
567,rgb_02_00000.png,rgb_08_07770.png,2,1,517,106,1,531,51,-1,0.3067
568,rgb_10_06300.png,rgb_12_10080.png,0,1,214,173,1,254,107,1,0.1940
568,rgb_10_06300.png,rgb_12_10080.png,1,0,68,167,1,120,94,-1,0.1940
568,rgb_10_06300.png,rgb_12_10080.png,2,1,528,48,1,417,102,1,0.1940
569,rgb_04_03660.png,rgb_08_09030.png,0,0,254,147,1,408,90,-1,0.0258
569,rgb_04_03660.png,rgb_08_09030.png,1,1,237,139,0,237,73,-1,0.0258
569,rgb_04_03660.png,rgb_08_09030.png,2,1,125,86,1,571,112,1,0.0258
570,rgb_01_03060.png,rgb_03_08880.png,0,1,348,78,1,271,102,1,0.0478
570,rgb_01_03060.png,rgb_03_08880.png,1,1,111,41,0,160,139,1,0.0478
570,rgb_01_03060.png,rgb_03_08880.png,2,1,291,152,0,328,260,1,0.0478
571,rgb_07_01770.png,rgb_09_06180.png,0,1,342,257,1,97,167,-1,0.2099
571,rgb_07_01770.png,rgb_09_06180.png,1,1,482,255,1,74,109,0,0.2099
571,rgb_07_01770.png,rgb_09_06180.png,2,0,325,176,0,265,107,0,0.2099
572,rgb_03_09180.png,rgb_06_09000.png,0,1,571,93,1,485,184,1,0.1417
572,rgb_03_09180.png,rgb_06_09000.png,1,0,388,41,1,200,112,1,0.1417
572,rgb_03_09180.png,rgb_06_09000.png,2,1,417,125,1,345,313,0,0.1417
573,rgb_03_09240.png,rgb_06_05580.png,0,1,377,318,1,91,239,-1,0.2660
573,rgb_03_09240.png,rgb_06_05580.png,1,0,465,316,0,377,94,0,0.2660
573,rgb_03_09240.png,rgb_06_05580.png,2,1,545,45,1,120,323,1,0.2660
574,rgb_06_00480.png,rgb_08_09390.png,0,1,74,196,1,400,80,-1,0.1531
574,rgb_06_00480.png,rgb_08_09390.png,1,0,497,115,1,280,266,0,0.1531
574,rgb_06_00480.png,rgb_08_09390.png,2,1,525,125,1,142,40,-1,0.1531
575,rgb_04_07440.png,rgb_11_06150.png,0,0,471,223,1,480,176,0,0.1219
575,rgb_04_07440.png,rgb_11_06150.png,1,0,322,245,1,211,265,0,0.1219
575,rgb_04_07440.png,rgb_11_06150.png,2,0,520,176,1,391,130,1,0.1219
576,rgb_01_08160.png,rgb_02_03360.png,0,1,88,72,1,340,184,1,0.2543
576,rgb_01_08160.png,rgb_02_03360.png,1,1,545,297,1,245,53,-1,0.2543
576,rgb_01_08160.png,rgb_02_03360.png,2,1,71,300,1,174,225,1,0.2543
577,rgb_05_01920.png,rgb_06_00360.png,0,1,551,306,1,117,112,0,0.2767
577,rgb_05_01920.png,rgb_06_00360.png,1,0,280,183,0,397,263,0,0.2767
577,rgb_05_01920.png,rgb_06_00360.png,2,1,220,155,0,271,107,0,0.2767
578,rgb_04_00000.png,rgb_05_00060.png,0,0,505,53,1,120,168,1,0.1604
578,rgb_04_00000.png,rgb_05_00060.png,1,0,188,253,0,165,81,0,0.1604
578,rgb_04_00000.png,rgb_05_00060.png,2,1,345,36,1,485,270,1,0.1604
579,rgb_05_13320.png,rgb_08_03450.png,0,1,122,110,1,220,90,-1,0.1315
579,rgb_05_13320.png,rgb_08_03450.png,1,1,551,290,0,157,126,0,0.1315
579,rgb_05_13320.png,rgb_08_03450.png,2,0,154,258,0,420,69,-1,0.1315
580,rgb_01_00000.png,rgb_10_00000.png,0,0,180,46,1,485,168,1,0.2143
580,rgb_01_00000.png,rgb_10_00000.png,1,0,300,135,1,502,286,0,0.2143
580,rgb_01_00000.png,rgb_10_00000.png,2,1,354,144,0,480,237,1,0.2143
581,rgb_02_07440.png,rgb_07_06750.png,0,0,517,191,1,280,141,0,0.2292
581,rgb_02_07440.png,rgb_07_06750.png,1,1,440,231,0,134,263,0,0.2292
581,rgb_02_07440.png,rgb_07_06750.png,2,1,94,115,1,248,239,0,0.2292
582,rgb_01_10860.png,rgb_04_05580.png,0,0,288,104,1,171,213,1,0.2710
582,rgb_01_10860.png,rgb_04_05580.png,1,1,511,252,0,394,225,-1,0.2710
582,rgb_01_10860.png,rgb_04_05580.png,2,1,388,239,1,271,258,0,0.2710
583,rgb_02_02040.png,rgb_06_01860.png,0,0,445,323,0,268,112,0,0.2940
583,rgb_02_02040.png,rgb_06_01860.png,1,0,148,163,0,268,215,1,0.2940
583,rgb_02_02040.png,rgb_06_01860.png,2,1,297,175,1,80,265,0,0.2940
584,rgb_03_01740.png,rgb_08_07230.png,0,1,157,197,0,522,268,1,0.1160
584,rgb_03_01740.png,rgb_08_07230.png,1,1,382,200,1,108,131,-1,0.1160
584,rgb_03_01740.png,rgb_08_07230.png,2,1,471,247,0,191,115,-1,0.1160
585,rgb_05_12540.png,rgb_10_08760.png,0,0,120,234,1,562,109,-1,0.4740
585,rgb_05_12540.png,rgb_10_08760.png,1,0,351,99,1,371,274,1,0.4740
585,rgb_05_12540.png,rgb_10_08760.png,2,1,111,146,1,220,180,0,0.4740
586,rgb_01_10260.png,rgb_11_04290.png,0,0,308,200,1,465,67,-1,0.4319
586,rgb_01_10260.png,rgb_11_04290.png,1,0,151,231,1,434,154,-1,0.4319
586,rgb_01_10260.png,rgb_11_04290.png,2,0,477,170,1,74,239,-1,0.4319
587,rgb_04_09300.png,rgb_12_13020.png,0,0,491,192,1,122,154,-1,0.1265
587,rgb_04_09300.png,rgb_12_13020.png,1,0,74,242,0,77,115,-1,0.1265
587,rgb_04_09300.png,rgb_12_13020.png,2,1,145,99,0,214,253,1,0.1265
588,rgb_05_00600.png,rgb_09_09240.png,0,0,562,85,0,345,123,1,0.1456
588,rgb_05_00600.png,rgb_09_09240.png,1,1,160,278,0,71,146,0,0.1456
588,rgb_05_00600.png,rgb_09_09240.png,2,0,408,318,0,240,85,-1,0.1456
589,rgb_05_00000.png,rgb_09_12600.png,0,0,491,36,0,122,64,1,0.0968
589,rgb_05_00000.png,rgb_09_12600.png,1,1,568,192,1,97,149,1,0.0968
589,rgb_05_00000.png,rgb_09_12600.png,2,1,160,316,0,434,323,0,0.0968
590,rgb_03_09600.png,rgb_06_08400.png,0,1,377,310,1,517,88,0,0.1739
590,rgb_03_09600.png,rgb_06_08400.png,1,1,100,276,0,371,61,-1,0.1739
590,rgb_03_09600.png,rgb_06_08400.png,2,0,237,56,0,408,318,1,0.1739
591,rgb_06_03300.png,rgb_09_13080.png,0,0,405,170,1,305,302,0,0.0315
591,rgb_06_03300.png,rgb_09_13080.png,1,0,502,197,0,528,123,-1,0.0315
591,rgb_06_03300.png,rgb_09_13080.png,2,1,188,146,1,462,181,1,0.0315
592,rgb_04_01680.png,rgb_09_00420.png,0,0,191,300,1,91,67,-1,0.3209
592,rgb_04_01680.png,rgb_09_00420.png,1,0,120,62,1,425,149,1,0.3209
592,rgb_04_01680.png,rgb_09_00420.png,2,0,560,258,0,208,154,-1,0.3209
593,rgb_01_08280.png,rgb_02_02820.png,0,0,351,281,0,294,160,0,0.2365
593,rgb_01_08280.png,rgb_02_02820.png,1,0,220,319,1,80,98,-1,0.2365
593,rgb_01_08280.png,rgb_02_02820.png,2,0,202,180,0,105,117,-1,0.2365
594,rgb_04_11880.png,rgb_06_08760.png,0,0,420,215,0,208,78,-1,0.1129
594,rgb_04_11880.png,rgb_06_08760.png,1,0,151,141,1,105,208,0,0.1129
594,rgb_04_11880.png,rgb_06_08760.png,2,1,274,212,0,111,93,-1,0.1129
595,rgb_01_01860.png,rgb_06_12960.png,0,1,360,54,1,225,93,1,0.2156
595,rgb_01_01860.png,rgb_06_12960.png,1,1,311,165,1,177,51,-1,0.2156
595,rgb_01_01860.png,rgb_06_12960.png,2,1,500,102,1,522,176,1,0.2156
596,rgb_09_09420.png,rgb_09_12780.png,0,1,500,270,1,137,149,-1,0.1904
596,rgb_09_09420.png,rgb_09_12780.png,1,1,314,252,0,251,220,0,0.1904
596,rgb_09_09420.png,rgb_09_12780.png,2,0,394,294,1,180,199,0,0.1904
597,rgb_02_01560.png,rgb_07_06930.png,0,1,85,93,1,491,176,1,0.1785
597,rgb_02_01560.png,rgb_07_06930.png,1,0,200,305,1,251,152,-1,0.1785
597,rgb_02_01560.png,rgb_07_06930.png,2,1,105,155,1,202,218,0,0.1785
598,rgb_03_07980.png,rgb_04_10080.png,0,0,442,53,1,300,255,0,0.2579
598,rgb_03_07980.png,rgb_04_10080.png,1,0,288,239,1,117,245,0,0.2579
598,rgb_03_07980.png,rgb_04_10080.png,2,1,94,197,0,142,123,0,0.2579
599,rgb_02_11580.png,rgb_09_06420.png,0,0,214,93,1,108,98,0,0.0960
599,rgb_02_11580.png,rgb_09_06420.png,1,1,62,281,0,228,180,1,0.0960
599,rgb_02_11580.png,rgb_09_06420.png,2,1,285,128,1,517,123,-1,0.0960
600,rgb_04_06480.png,rgb_08_12810.png,0,0,417,118,1,217,300,1,0.0898
600,rgb_04_06480.png,rgb_08_12810.png,1,0,297,194,1,445,242,-1,0.0898
600,rgb_04_06480.png,rgb_08_12810.png,2,1,322,56,1,182,120,1,0.0898
601,rgb_03_07440.png,rgb_04_11520.png,0,0,260,242,1,277,323,-1,0.3089
601,rgb_03_07440.png,rgb_04_11520.png,1,1,408,274,0,85,310,0,0.3089
601,rgb_03_07440.png,rgb_04_11520.png,2,1,282,170,0,434,80,-1,0.3089
602,rgb_08_10890.png,rgb_11_07530.png,0,1,331,45,1,260,120,1,0.2850
602,rgb_08_10890.png,rgb_11_07530.png,1,0,157,36,1,288,257,1,0.2850
602,rgb_08_10890.png,rgb_11_07530.png,2,0,157,94,0,434,90,0,0.2850
603,rgb_09_07140.png,rgb_12_10920.png,0,1,217,178,0,237,70,-1,0.0578
603,rgb_09_07140.png,rgb_12_10920.png,1,0,380,98,1,214,236,1,0.0578
603,rgb_09_07140.png,rgb_12_10920.png,2,0,242,120,1,122,250,-1,0.0578
604,rgb_02_00480.png,rgb_09_11640.png,0,1,74,266,0,162,189,0,0.3157
604,rgb_02_00480.png,rgb_09_11640.png,1,0,171,54,1,445,36,0,0.3157
604,rgb_02_00480.png,rgb_09_11640.png,2,1,85,321,1,334,125,-1,0.3157
605,rgb_01_01560.png,rgb_04_00420.png,0,1,145,298,0,251,88,-1,0.0588
605,rgb_01_01560.png,rgb_04_00420.png,1,1,251,70,0,251,178,1,0.0588
605,rgb_01_01560.png,rgb_04_00420.png,2,0,328,49,1,348,101,1,0.0588
606,rgb_07_11010.png,rgb_09_12660.png,0,1,265,257,1,562,250,-1,0.2142
606,rgb_07_11010.png,rgb_09_12660.png,1,1,128,67,1,417,229,1,0.2142
606,rgb_07_11010.png,rgb_09_12660.png,2,0,114,43,1,477,91,0,0.2142
607,rgb_01_05160.png,rgb_03_06060.png,0,0,474,62,1,471,112,1,0.0138
607,rgb_01_05160.png,rgb_03_06060.png,1,1,360,61,0,208,65,-1,0.0138
607,rgb_01_05160.png,rgb_03_06060.png,2,0,377,53,1,74,81,1,0.0138
608,rgb_06_06900.png,rgb_07_10770.png,0,1,354,233,1,88,133,-1,0.0915
608,rgb_06_06900.png,rgb_07_10770.png,1,0,211,204,0,442,122,-1,0.0915
608,rgb_06_06900.png,rgb_07_10770.png,2,1,545,110,0,148,93,1,0.0915
609,rgb_02_00960.png,rgb_07_08130.png,0,0,234,72,1,337,36,0,0.2209
609,rgb_02_00960.png,rgb_07_08130.png,1,0,331,48,1,477,49,0,0.2209
609,rgb_02_00960.png,rgb_07_08130.png,2,1,88,236,1,440,102,0,0.2209
610,rgb_01_01260.png,rgb_03_11280.png,0,1,165,106,0,174,273,1,0.1292
610,rgb_01_01260.png,rgb_03_11280.png,1,0,514,308,0,457,56,-1,0.1292
610,rgb_01_01260.png,rgb_03_11280.png,2,0,560,126,1,422,265,0,0.1292
611,rgb_08_07530.png,rgb_10_00600.png,0,0,297,292,1,208,149,0,0.2314
611,rgb_08_07530.png,rgb_10_00600.png,1,1,94,265,0,151,173,-1,0.2314
611,rgb_08_07530.png,rgb_10_00600.png,2,1,297,276,0,362,96,0,0.2314
612,rgb_05_05880.png,rgb_08_00810.png,0,0,151,83,1,388,56,-1,0.1721
612,rgb_05_05880.png,rgb_08_00810.png,1,1,571,274,0,337,138,0,0.1721
612,rgb_05_05880.png,rgb_08_00810.png,2,0,494,106,1,285,207,0,0.1721
613,rgb_10_01200.png,rgb_12_06420.png,0,1,191,180,1,234,72,-1,0.1201
613,rgb_10_01200.png,rgb_12_06420.png,1,1,480,59,1,148,53,0,0.1201
613,rgb_10_01200.png,rgb_12_06420.png,2,1,337,35,1,348,90,1,0.1201
614,rgb_04_00900.png,rgb_09_00780.png,0,0,414,90,0,505,311,1,0.1024
614,rgb_04_00900.png,rgb_09_00780.png,1,1,100,107,0,197,188,1,0.1024
614,rgb_04_00900.png,rgb_09_00780.png,2,0,425,199,1,240,152,-1,0.1024
615,rgb_05_11520.png,rgb_10_06780.png,0,1,337,199,0,157,38,-1,0.5054
615,rgb_05_11520.png,rgb_10_06780.png,1,1,245,184,1,545,228,0,0.5054
615,rgb_05_11520.png,rgb_10_06780.png,2,1,440,247,1,134,91,-1,0.5054
616,rgb_02_04320.png,rgb_03_06300.png,0,1,225,123,1,374,64,-1,0.0719
616,rgb_02_04320.png,rgb_03_06300.png,1,1,277,56,1,554,170,1,0.0719
616,rgb_02_04320.png,rgb_03_06300.png,2,0,391,64,1,500,104,0,0.0719
617,rgb_06_00720.png,rgb_09_07260.png,0,1,111,207,0,122,77,-1,0.2359
617,rgb_06_00720.png,rgb_09_07260.png,1,1,294,226,0,248,253,1,0.2359
617,rgb_06_00720.png,rgb_09_07260.png,2,1,391,61,1,325,171,1,0.2359
618,rgb_01_07320.png,rgb_11_06870.png,0,0,137,242,1,437,302,-1,0.2161
618,rgb_01_07320.png,rgb_11_06870.png,1,0,282,242,1,337,170,-1,0.2161
618,rgb_01_07320.png,rgb_11_06870.png,2,0,420,250,0,145,104,0,0.2161
619,rgb_03_03720.png,rgb_06_07020.png,0,1,294,216,0,305,196,0,0.1625
619,rgb_03_03720.png,rgb_06_07020.png,1,0,237,131,0,451,114,0,0.1625
619,rgb_03_03720.png,rgb_06_07020.png,2,0,514,59,1,251,36,0,0.1625
620,rgb_05_04800.png,rgb_08_03210.png,0,1,297,202,0,485,316,0,0.0752
620,rgb_05_04800.png,rgb_08_03210.png,1,1,151,176,0,242,192,1,0.0752
620,rgb_05_04800.png,rgb_08_03210.png,2,1,117,62,0,331,96,1,0.0752
621,rgb_08_06690.png,rgb_11_12630.png,0,1,522,276,1,431,126,0,0.1207
621,rgb_08_06690.png,rgb_11_12630.png,1,0,391,130,0,402,210,1,0.1207
621,rgb_08_06690.png,rgb_11_12630.png,2,0,474,149,1,360,59,-1,0.1207
622,rgb_07_09630.png,rgb_10_05400.png,0,1,317,96,0,440,160,1,0.1292
622,rgb_07_09630.png,rgb_10_05400.png,1,0,85,162,1,300,46,-1,0.1292
622,rgb_07_09630.png,rgb_10_05400.png,2,0,525,261,1,511,51,-1,0.1292
623,rgb_03_03000.png,rgb_11_05310.png,0,1,88,98,1,360,61,-1,0.1261
623,rgb_03_03000.png,rgb_11_05310.png,1,0,177,112,1,548,67,-1,0.1261
623,rgb_03_03000.png,rgb_11_05310.png,2,0,114,300,0,254,213,-1,0.1261
624,rgb_04_13800.png,rgb_09_03480.png,0,0,528,323,1,74,249,-1,0.2493
624,rgb_04_13800.png,rgb_09_03480.png,1,1,182,171,0,571,40,-1,0.2493
624,rgb_04_13800.png,rgb_09_03480.png,2,1,268,210,1,282,102,0,0.2493
625,rgb_04_01920.png,rgb_05_07080.png,0,1,305,49,0,137,90,1,0.0308
625,rgb_04_01920.png,rgb_05_07080.png,1,1,257,271,0,342,75,-1,0.0308
625,rgb_04_01920.png,rgb_05_07080.png,2,1,157,236,1,542,93,-1,0.0308
626,rgb_06_07920.png,rgb_09_07380.png,0,1,460,176,1,151,83,-1,0.0588
626,rgb_06_07920.png,rgb_09_07380.png,1,0,288,197,1,262,99,-1,0.0588
626,rgb_06_07920.png,rgb_09_07380.png,2,1,122,147,1,497,107,1,0.0588
627,rgb_07_00930.png,rgb_09_12960.png,0,0,562,81,1,280,98,0,0.0717
627,rgb_07_00930.png,rgb_09_12960.png,1,1,260,228,1,540,149,0,0.0717
627,rgb_07_00930.png,rgb_09_12960.png,2,0,525,220,0,111,64,-1,0.0717
628,rgb_08_09270.png,rgb_11_11310.png,0,1,340,96,0,494,305,1,0.1915
628,rgb_08_09270.png,rgb_11_11310.png,1,1,225,306,1,480,188,-1,0.1915
628,rgb_08_09270.png,rgb_11_11310.png,2,0,77,126,1,145,261,1,0.1915
629,rgb_01_07560.png,rgb_02_05160.png,0,1,151,36,0,248,290,1,0.1068
629,rgb_01_07560.png,rgb_02_05160.png,1,0,434,122,0,540,54,-1,0.1068
629,rgb_01_07560.png,rgb_02_05160.png,2,0,437,56,0,85,51,0,0.1068
630,rgb_03_07140.png,rgb_06_08940.png,0,1,317,282,0,531,91,-1,0.0940
630,rgb_03_07140.png,rgb_06_08940.png,1,1,525,192,0,285,284,0,0.0940
630,rgb_03_07140.png,rgb_06_08940.png,2,1,574,141,0,371,38,-1,0.0940
631,rgb_04_07080.png,rgb_12_06840.png,0,1,362,36,0,445,126,1,0.3527
631,rgb_04_07080.png,rgb_12_06840.png,1,1,545,178,1,162,61,-1,0.3527
631,rgb_04_07080.png,rgb_12_06840.png,2,0,165,152,0,280,188,1,0.3527
632,rgb_10_13380.png,rgb_11_07470.png,0,0,480,131,1,394,73,-1,0.2015
632,rgb_10_13380.png,rgb_11_07470.png,1,1,451,295,1,534,208,-1,0.2015
632,rgb_10_13380.png,rgb_11_07470.png,2,0,160,176,0,171,305,0,0.2015
633,rgb_11_09270.png,rgb_12_10020.png,0,1,322,109,1,540,126,1,0.0671
633,rgb_11_09270.png,rgb_12_10020.png,1,1,420,99,0,114,40,-1,0.0671
633,rgb_11_09270.png,rgb_12_10020.png,2,0,351,167,0,225,93,-1,0.0671
634,rgb_06_04980.png,rgb_08_07290.png,0,1,102,35,1,254,62,0,0.2324
634,rgb_06_04980.png,rgb_08_07290.png,1,1,205,228,1,540,154,-1,0.2324
634,rgb_06_04980.png,rgb_08_07290.png,2,1,162,170,0,557,260,1,0.2324
635,rgb_02_00780.png,rgb_02_02340.png,0,0,291,36,0,140,36,0,0.5269
635,rgb_02_00780.png,rgb_02_02340.png,1,1,502,231,1,422,210,-1,0.5269
635,rgb_02_00780.png,rgb_02_02340.png,2,0,488,67,1,97,265,1,0.5269
636,rgb_04_01980.png,rgb_07_02070.png,0,1,248,237,0,348,107,0,0.1469
636,rgb_04_01980.png,rgb_07_02070.png,1,0,88,213,1,514,126,1,0.1469
636,rgb_04_01980.png,rgb_07_02070.png,2,0,414,273,0,200,197,-1,0.1469
637,rgb_02_06900.png,rgb_05_12120.png,0,0,171,93,0,128,181,0,0.3111
637,rgb_02_06900.png,rgb_05_12120.png,1,1,94,48,0,294,46,0,0.3111
637,rgb_02_06900.png,rgb_05_12120.png,2,1,540,260,1,165,282,0,0.3111
638,rgb_11_09030.png,rgb_12_02940.png,0,0,148,135,1,442,286,1,0.3049
638,rgb_11_09030.png,rgb_12_02940.png,1,1,202,56,0,234,112,1,0.3049
638,rgb_11_09030.png,rgb_12_02940.png,2,0,82,183,0,554,286,1,0.3049
639,rgb_01_12000.png,rgb_02_09600.png,0,0,131,81,0,291,260,1,0.6030
639,rgb_01_12000.png,rgb_02_09600.png,1,0,268,46,1,540,223,1,0.6030
639,rgb_01_12000.png,rgb_02_09600.png,2,1,448,144,1,168,73,-1,0.6030
640,rgb_01_11220.png,rgb_04_02220.png,0,0,448,101,1,468,284,0,0.2538
640,rgb_01_11220.png,rgb_04_02220.png,1,0,334,46,1,302,228,1,0.2538
640,rgb_01_11220.png,rgb_04_02220.png,2,1,522,173,1,520,72,-1,0.2538
641,rgb_07_06990.png,rgb_12_05340.png,0,0,320,146,1,380,118,0,0.0436
641,rgb_07_06990.png,rgb_12_05340.png,1,0,305,43,0,440,99,0,0.0436
641,rgb_07_06990.png,rgb_12_05340.png,2,1,442,184,1,220,99,-1,0.0436
642,rgb_05_01200.png,rgb_06_05220.png,0,0,488,93,1,537,77,-1,0.2070
642,rgb_05_01200.png,rgb_06_05220.png,1,0,160,106,0,542,143,-1,0.2070
642,rgb_05_01200.png,rgb_06_05220.png,2,1,317,157,1,140,178,-1,0.2070
643,rgb_08_06510.png,rgb_11_02970.png,0,1,422,123,1,457,292,1,0.2085
643,rgb_08_06510.png,rgb_11_02970.png,1,1,420,40,1,77,128,1,0.2085
643,rgb_08_06510.png,rgb_11_02970.png,2,1,302,188,1,522,90,-1,0.2085
644,rgb_07_05550.png,rgb_08_03930.png,0,1,220,120,1,77,233,1,0.0970
644,rgb_07_05550.png,rgb_08_03930.png,1,1,248,175,1,442,123,0,0.0970
644,rgb_07_05550.png,rgb_08_03930.png,2,1,194,56,1,71,106,1,0.0970
645,rgb_01_00720.png,rgb_05_10500.png,0,1,451,107,0,297,154,1,0.0457
645,rgb_01_00720.png,rgb_05_10500.png,1,1,97,210,1,414,57,-1,0.0457
645,rgb_01_00720.png,rgb_05_10500.png,2,1,494,170,0,365,295,0,0.0457
646,rgb_07_03270.png,rgb_08_05610.png,0,0,80,215,1,331,86,-1,0.3147
646,rgb_07_03270.png,rgb_08_05610.png,1,0,425,228,1,134,173,0,0.3147
646,rgb_07_03270.png,rgb_08_05610.png,2,1,428,236,0,117,53,-1,0.3147
647,rgb_07_00150.png,rgb_12_00360.png,0,0,271,181,0,488,83,-1,0.1650
647,rgb_07_00150.png,rgb_12_00360.png,1,0,188,268,1,200,170,-1,0.1650
647,rgb_07_00150.png,rgb_12_00360.png,2,0,408,183,0,260,75,-1,0.1650
648,rgb_06_02400.png,rgb_09_12540.png,0,0,394,40,1,400,54,0,0.2176
648,rgb_06_02400.png,rgb_09_12540.png,1,0,242,160,0,442,184,-1,0.2176
648,rgb_06_02400.png,rgb_09_12540.png,2,1,82,90,1,128,192,1,0.2176
649,rgb_02_00120.png,rgb_05_02100.png,0,1,131,136,1,528,96,-1,0.0668
649,rgb_02_00120.png,rgb_05_02100.png,1,1,405,295,0,122,131,0,0.0668
649,rgb_02_00120.png,rgb_05_02100.png,2,1,317,318,1,491,152,-1,0.0668
650,rgb_03_12060.png,rgb_10_04020.png,0,0,528,183,1,514,131,0,0.0713
650,rgb_03_12060.png,rgb_10_04020.png,1,0,220,109,1,65,114,1,0.0713
650,rgb_03_12060.png,rgb_10_04020.png,2,0,422,139,0,542,321,-1,0.0713
651,rgb_02_12240.png,rgb_12_06540.png,0,1,474,152,0,462,122,1,0.1384
651,rgb_02_12240.png,rgb_12_06540.png,1,0,231,78,1,471,253,1,0.1384
651,rgb_02_12240.png,rgb_12_06540.png,2,1,68,147,0,82,231,1,0.1384
652,rgb_03_06000.png,rgb_07_04110.png,0,0,340,252,0,360,94,-1,0.1985
652,rgb_03_06000.png,rgb_07_04110.png,1,1,451,85,0,220,321,1,0.1985
652,rgb_03_06000.png,rgb_07_04110.png,2,1,334,143,0,117,311,1,0.1985
653,rgb_02_06060.png,rgb_07_11070.png,0,1,268,226,1,322,106,-1,0.0601
653,rgb_02_06060.png,rgb_07_11070.png,1,0,411,49,1,140,128,1,0.0601
653,rgb_02_06060.png,rgb_07_11070.png,2,1,131,225,0,108,53,-1,0.0601
654,rgb_02_09480.png,rgb_09_09540.png,0,0,200,297,0,420,46,-1,0.2864
654,rgb_02_09480.png,rgb_09_09540.png,1,1,462,199,1,177,294,0,0.2864
654,rgb_02_09480.png,rgb_09_09540.png,2,1,371,38,1,422,268,1,0.2864
655,rgb_04_11340.png,rgb_07_04350.png,0,0,328,208,0,525,149,1,0.1060
655,rgb_04_11340.png,rgb_07_04350.png,1,1,174,101,0,208,98,1,0.1060
655,rgb_04_11340.png,rgb_07_04350.png,2,1,328,207,1,445,310,1,0.1060
656,rgb_05_07680.png,rgb_10_05880.png,0,1,154,184,0,488,122,-1,0.0774
656,rgb_05_07680.png,rgb_10_05880.png,1,1,560,295,0,202,186,0,0.0774
656,rgb_05_07680.png,rgb_10_05880.png,2,0,168,258,1,511,122,-1,0.0774
657,rgb_01_03960.png,rgb_05_11940.png,0,0,277,265,0,317,167,0,0.3919
657,rgb_01_03960.png,rgb_05_11940.png,1,0,260,69,1,262,123,1,0.3919
657,rgb_01_03960.png,rgb_05_11940.png,2,1,120,199,0,74,138,0,0.3919
658,rgb_02_02280.png,rgb_09_10740.png,0,1,154,123,0,188,273,1,0.1360
658,rgb_02_02280.png,rgb_09_10740.png,1,1,294,199,0,134,184,0,0.1360
658,rgb_02_02280.png,rgb_09_10740.png,2,1,540,231,1,448,101,-1,0.1360
659,rgb_07_02790.png,rgb_10_12480.png,0,1,445,266,0,68,80,-1,0.1253
659,rgb_07_02790.png,rgb_10_12480.png,1,1,117,61,1,162,138,1,0.1253
659,rgb_07_02790.png,rgb_10_12480.png,2,1,71,290,0,548,225,0,0.1253
660,rgb_01_10320.png,rgb_09_10560.png,0,1,445,94,0,417,287,1,0.4572
660,rgb_01_10320.png,rgb_09_10560.png,1,0,94,186,0,62,94,0,0.4572
660,rgb_01_10320.png,rgb_09_10560.png,2,1,288,313,1,342,154,1,0.4572
661,rgb_06_02820.png,rgb_08_03750.png,0,1,240,94,0,351,276,0,0.3325
661,rgb_06_02820.png,rgb_08_03750.png,1,1,145,80,0,248,319,0,0.3325
661,rgb_06_02820.png,rgb_08_03750.png,2,1,437,223,0,531,311,0,0.3325
662,rgb_07_01830.png,rgb_09_02340.png,0,1,65,257,1,528,149,-1,0.1949
662,rgb_07_01830.png,rgb_09_02340.png,1,0,517,171,1,388,83,-1,0.1949
662,rgb_07_01830.png,rgb_09_02340.png,2,0,451,244,0,317,167,0,0.1949
663,rgb_03_09840.png,rgb_06_01740.png,0,1,497,165,0,494,75,-1,0.1788
663,rgb_03_09840.png,rgb_06_01740.png,1,1,448,321,1,502,70,1,0.1788
663,rgb_03_09840.png,rgb_06_01740.png,2,1,568,128,0,571,109,-1,0.1788
664,rgb_05_07140.png,rgb_09_08400.png,0,1,197,308,1,114,136,-1,0.3947
664,rgb_05_07140.png,rgb_09_08400.png,1,1,428,57,0,274,170,1,0.3947
664,rgb_05_07140.png,rgb_09_08400.png,2,1,534,258,1,317,184,0,0.3947
665,rgb_07_02730.png,rgb_11_09630.png,0,1,151,266,0,125,83,0,0.0780
665,rgb_07_02730.png,rgb_11_09630.png,1,0,354,242,0,482,128,0,0.0780
665,rgb_07_02730.png,rgb_11_09630.png,2,1,420,247,1,94,118,-1,0.0780
666,rgb_09_01080.png,rgb_11_11970.png,0,1,362,318,0,405,107,0,0.1793
666,rgb_09_01080.png,rgb_11_11970.png,1,1,254,261,0,528,96,0,0.1793
666,rgb_09_01080.png,rgb_11_11970.png,2,0,71,226,0,162,96,0,0.1793
667,rgb_01_01140.png,rgb_02_08580.png,0,0,205,43,0,294,319,1,0.1283
667,rgb_01_01140.png,rgb_02_08580.png,1,1,168,199,0,554,141,-1,0.1283
667,rgb_01_01140.png,rgb_02_08580.png,2,1,128,128,0,111,268,1,0.1283
668,rgb_03_10860.png,rgb_07_10050.png,0,0,297,231,0,574,286,0,0.3100
668,rgb_03_10860.png,rgb_07_10050.png,1,1,337,43,1,500,242,1,0.3100
668,rgb_03_10860.png,rgb_07_10050.png,2,1,228,173,1,225,122,-1,0.3100
669,rgb_08_12390.png,rgb_10_08460.png,0,0,340,223,0,560,215,0,0.1643
669,rgb_08_12390.png,rgb_10_08460.png,1,0,185,306,1,185,78,-1,0.1643
669,rgb_08_12390.png,rgb_10_08460.png,2,1,351,107,1,191,271,0,0.1643
670,rgb_04_08280.png,rgb_10_07140.png,0,1,322,45,0,122,109,0,0.1598
670,rgb_04_08280.png,rgb_10_07140.png,1,1,194,96,0,494,305,1,0.1598
670,rgb_04_08280.png,rgb_10_07140.png,2,0,145,247,0,211,96,-1,0.1598
671,rgb_06_01920.png,rgb_10_03960.png,0,0,194,138,0,140,313,1,0.0123
671,rgb_06_01920.png,rgb_10_03960.png,1,0,157,202,1,145,94,-1,0.0123
671,rgb_06_01920.png,rgb_10_03960.png,2,0,274,163,0,437,85,0,0.0123
672,rgb_08_04770.png,rgb_11_03450.png,0,1,534,107,0,68,72,0,0.0504
672,rgb_08_04770.png,rgb_11_03450.png,1,1,245,122,1,462,80,-1,0.0504
672,rgb_08_04770.png,rgb_11_03450.png,2,1,71,85,0,534,110,-1,0.0504
673,rgb_01_02400.png,rgb_06_06780.png,0,0,565,65,1,88,98,1,0.0714
673,rgb_01_02400.png,rgb_06_06780.png,1,1,400,223,1,508,130,-1,0.0714
673,rgb_01_02400.png,rgb_06_06780.png,2,0,71,205,0,77,86,0,0.0714
674,rgb_06_12900.png,rgb_12_04320.png,0,1,125,73,1,362,295,0,0.1841
674,rgb_06_12900.png,rgb_12_04320.png,1,1,82,118,1,300,83,-1,0.1841
674,rgb_06_12900.png,rgb_12_04320.png,2,1,85,234,0,382,257,0,0.1841
675,rgb_03_10260.png,rgb_05_01560.png,0,1,534,290,0,237,191,0,0.1351
675,rgb_03_10260.png,rgb_05_01560.png,1,1,202,218,1,540,94,-1,0.1351
675,rgb_03_10260.png,rgb_05_01560.png,2,1,234,128,0,162,239,0,0.1351
676,rgb_06_03480.png,rgb_07_08250.png,0,1,480,162,0,140,292,0,0.1169
676,rgb_06_03480.png,rgb_07_08250.png,1,0,557,321,1,277,144,0,0.1169
676,rgb_06_03480.png,rgb_07_08250.png,2,1,131,125,1,531,43,-1,0.1169
677,rgb_04_08700.png,rgb_06_08340.png,0,1,288,144,0,62,107,0,0.4440
677,rgb_04_08700.png,rgb_06_08340.png,1,0,368,287,0,562,192,-1,0.4440
677,rgb_04_08700.png,rgb_06_08340.png,2,1,565,117,1,254,41,-1,0.4440
678,rgb_01_01380.png,rgb_12_08940.png,0,1,382,106,0,542,247,1,0.4072
678,rgb_01_01380.png,rgb_12_08940.png,1,0,420,261,1,111,237,-1,0.4072
678,rgb_01_01380.png,rgb_12_08940.png,2,1,502,216,1,377,298,0,0.4072
679,rgb_01_04140.png,rgb_06_09960.png,0,0,317,171,1,202,263,0,0.1558
679,rgb_01_04140.png,rgb_06_09960.png,1,1,522,110,0,494,223,1,0.1558
679,rgb_01_04140.png,rgb_06_09960.png,2,1,562,289,0,171,107,0,0.1558
680,rgb_02_03480.png,rgb_08_06390.png,0,0,285,252,0,365,99,0,0.2355
680,rgb_02_03480.png,rgb_08_06390.png,1,1,551,229,1,448,136,-1,0.2355
680,rgb_02_03480.png,rgb_08_06390.png,2,1,540,308,1,102,297,0,0.2355
681,rgb_08_04470.png,rgb_12_02220.png,0,1,160,151,1,420,131,-1,0.0727
681,rgb_08_04470.png,rgb_12_02220.png,1,1,265,306,0,440,93,-1,0.0727
681,rgb_08_04470.png,rgb_12_02220.png,2,1,348,104,0,571,300,1,0.0727
682,rgb_04_06780.png,rgb_04_10620.png,0,1,134,176,1,434,90,0,0.1114
682,rgb_04_06780.png,rgb_04_10620.png,1,1,131,300,1,114,102,-1,0.1114
682,rgb_04_06780.png,rgb_04_10620.png,2,0,231,144,1,562,202,0,0.1114
683,rgb_06_00000.png,rgb_11_09450.png,0,0,491,194,0,222,83,-1,0.0976
683,rgb_06_00000.png,rgb_11_09450.png,1,1,554,131,1,351,289,1,0.0976
683,rgb_06_00000.png,rgb_11_09450.png,2,1,125,192,0,542,295,1,0.0976
684,rgb_06_13320.png,rgb_08_09450.png,0,1,522,229,0,245,122,-1,0.0639
684,rgb_06_13320.png,rgb_08_09450.png,1,1,425,200,0,485,216,0,0.0639
684,rgb_06_13320.png,rgb_08_09450.png,2,1,322,96,1,337,292,1,0.0639
685,rgb_04_03000.png,rgb_09_00180.png,0,1,351,180,0,562,75,-1,0.3335
685,rgb_04_03000.png,rgb_09_00180.png,1,1,271,151,1,222,318,1,0.3335
685,rgb_04_03000.png,rgb_09_00180.png,2,1,111,96,1,222,41,-1,0.3335
686,rgb_02_01080.png,rgb_09_10680.png,0,0,454,321,0,574,135,-1,0.1733
686,rgb_02_01080.png,rgb_09_10680.png,1,1,571,194,0,534,218,0,0.1733
686,rgb_02_01080.png,rgb_09_10680.png,2,1,322,315,0,417,250,0,0.1733
687,rgb_08_00750.png,rgb_12_11880.png,0,0,94,157,0,357,83,-1,0.1503
687,rgb_08_00750.png,rgb_12_11880.png,1,0,377,294,0,451,126,-1,0.1503
687,rgb_08_00750.png,rgb_12_11880.png,2,1,231,112,0,548,310,1,0.1503
688,rgb_09_00240.png,rgb_09_09600.png,0,0,257,122,0,402,303,1,0.1442
688,rgb_09_00240.png,rgb_09_09600.png,1,0,414,175,1,291,313,0,0.1442
688,rgb_09_00240.png,rgb_09_09600.png,2,0,571,287,0,465,257,0,0.1442
689,rgb_04_07140.png,rgb_10_12600.png,0,1,65,225,1,248,96,-1,0.2916
689,rgb_04_07140.png,rgb_10_12600.png,1,1,220,144,1,465,274,1,0.2916
689,rgb_04_07140.png,rgb_10_12600.png,2,1,360,286,0,217,154,0,0.2916
690,rgb_01_02580.png,rgb_04_00660.png,0,0,234,126,1,491,54,-1,0.1094
690,rgb_01_02580.png,rgb_04_00660.png,1,1,471,197,1,228,94,-1,0.1094
690,rgb_01_02580.png,rgb_04_00660.png,2,1,417,154,0,180,197,1,0.1094
691,rgb_02_06240.png,rgb_05_12960.png,0,1,228,173,0,217,98,-1,0.2548
691,rgb_02_06240.png,rgb_05_12960.png,1,0,317,225,1,442,184,-1,0.2548
691,rgb_02_06240.png,rgb_05_12960.png,2,1,380,53,1,405,118,1,0.2548
692,rgb_02_05820.png,rgb_02_11460.png,0,0,528,126,0,405,78,-1,0.0079
692,rgb_02_05820.png,rgb_02_11460.png,1,1,217,90,0,142,318,1,0.0079
692,rgb_02_05820.png,rgb_02_11460.png,2,0,491,46,0,77,53,1,0.0079
693,rgb_01_00840.png,rgb_11_07770.png,0,0,437,41,1,94,78,0,0.0952
693,rgb_01_00840.png,rgb_11_07770.png,1,0,534,61,1,368,112,1,0.0952
693,rgb_01_00840.png,rgb_11_07770.png,2,0,128,43,1,494,114,1,0.0952
694,rgb_03_00180.png,rgb_12_09240.png,0,1,434,294,1,185,151,-1,0.0759
694,rgb_03_00180.png,rgb_12_09240.png,1,0,108,263,1,540,186,-1,0.0759
694,rgb_03_00180.png,rgb_12_09240.png,2,0,234,176,1,245,315,-1,0.0759
695,rgb_06_04200.png,rgb_07_01230.png,0,1,334,152,0,177,67,-1,0.0448
695,rgb_06_04200.png,rgb_07_01230.png,1,1,174,236,0,482,107,-1,0.0448
695,rgb_06_04200.png,rgb_07_01230.png,2,1,422,123,0,574,143,-1,0.0448
696,rgb_08_02250.png,rgb_10_04200.png,0,1,494,205,0,157,81,0,0.2820
696,rgb_08_02250.png,rgb_10_04200.png,1,0,248,78,1,222,78,-1,0.2820
696,rgb_08_02250.png,rgb_10_04200.png,2,1,328,94,0,280,143,1,0.2820
697,rgb_04_09540.png,rgb_06_07680.png,0,1,342,260,0,82,61,-1,0.3324
697,rgb_04_09540.png,rgb_06_07680.png,1,0,434,70,1,451,114,1,0.3324
697,rgb_04_09540.png,rgb_06_07680.png,2,1,120,258,0,494,196,1,0.3324
698,rgb_06_07980.png,rgb_12_10260.png,0,0,442,205,1,488,126,1,0.0338
698,rgb_06_07980.png,rgb_12_10260.png,1,0,288,319,0,554,184,-1,0.0338
698,rgb_06_07980.png,rgb_12_10260.png,2,0,200,183,0,474,101,-1,0.0338
699,rgb_04_08940.png,rgb_06_02640.png,0,1,114,155,1,365,53,-1,0.0172
699,rgb_04_08940.png,rgb_06_02640.png,1,1,382,146,0,388,106,-1,0.0172
699,rgb_04_08940.png,rgb_06_02640.png,2,1,231,151,0,311,75,-1,0.0172
700,rgb_02_12600.png,rgb_12_05940.png,0,0,542,91,1,125,252,1,0.2024
700,rgb_02_12600.png,rgb_12_05940.png,1,1,331,115,0,157,85,-1,0.2024
700,rgb_02_12600.png,rgb_12_05940.png,2,1,282,223,0,257,126,1,0.2024
701,rgb_02_05100.png,rgb_06_09480.png,0,0,297,112,0,182,75,-1,0.1643
701,rgb_02_05100.png,rgb_06_09480.png,1,1,351,128,0,325,234,1,0.1643
701,rgb_02_05100.png,rgb_06_09480.png,2,1,434,62,1,208,85,1,0.1643
702,rgb_10_04800.png,rgb_12_08460.png,0,1,494,118,0,351,228,0,0.1541
702,rgb_10_04800.png,rgb_12_08460.png,1,1,317,273,1,545,170,-1,0.1541
702,rgb_10_04800.png,rgb_12_08460.png,2,1,100,192,0,205,311,0,0.1541
703,rgb_01_05460.png,rgb_07_02550.png,0,0,548,281,0,325,78,-1,0.2013
703,rgb_01_05460.png,rgb_07_02550.png,1,0,248,184,1,217,133,0,0.2013
703,rgb_01_05460.png,rgb_07_02550.png,2,0,97,81,0,197,36,-1,0.2013
704,rgb_03_01080.png,rgb_08_02790.png,0,1,277,279,0,94,98,-1,0.2427
704,rgb_03_01080.png,rgb_08_02790.png,1,1,460,48,1,182,311,1,0.2427
704,rgb_03_01080.png,rgb_08_02790.png,2,1,465,302,0,214,114,0,0.2427
705,rgb_09_11820.png,rgb_12_01620.png,0,1,560,98,1,300,109,0,0.7050
705,rgb_09_11820.png,rgb_12_01620.png,1,0,474,96,1,165,189,-1,0.7050
705,rgb_09_11820.png,rgb_12_01620.png,2,1,374,48,0,260,313,1,0.7050
706,rgb_06_11820.png,rgb_11_10710.png,0,0,360,86,1,100,303,0,0.1462
706,rgb_06_11820.png,rgb_11_10710.png,1,0,222,78,1,294,202,1,0.1462
706,rgb_06_11820.png,rgb_11_10710.png,2,1,97,107,1,325,295,0,0.1462
707,rgb_03_01500.png,rgb_11_04770.png,0,0,191,155,0,354,316,1,0.2881
707,rgb_03_01500.png,rgb_11_04770.png,1,0,400,51,1,77,91,0,0.2881
707,rgb_03_01500.png,rgb_11_04770.png,2,1,277,115,1,534,110,-1,0.2881
708,rgb_07_02010.png,rgb_08_07890.png,0,0,391,233,0,545,88,-1,0.2821
708,rgb_07_02010.png,rgb_08_07890.png,1,0,351,159,1,502,157,-1,0.2821
708,rgb_07_02010.png,rgb_08_07890.png,2,1,437,231,1,145,205,1,0.2821
709,rgb_02_05400.png,rgb_06_04500.png,0,0,74,65,1,388,93,0,0.1304
709,rgb_02_05400.png,rgb_06_04500.png,1,1,360,152,0,468,94,-1,0.1304
709,rgb_02_05400.png,rgb_06_04500.png,2,0,291,48,1,122,83,0,0.1304
710,rgb_04_05400.png,rgb_06_08820.png,0,1,405,305,1,377,69,-1,0.2215
710,rgb_04_05400.png,rgb_06_08820.png,1,1,494,83,0,117,228,1,0.2215
710,rgb_04_05400.png,rgb_06_08820.png,2,1,268,114,0,65,297,0,0.2215
711,rgb_05_02820.png,rgb_10_09000.png,0,0,277,188,0,134,80,-1,0.1355
711,rgb_05_02820.png,rgb_10_09000.png,1,1,254,265,0,348,86,-1,0.1355
711,rgb_05_02820.png,rgb_10_09000.png,2,0,248,65,0,502,72,1,0.1355
712,rgb_02_12660.png,rgb_03_04680.png,0,1,557,310,0,520,67,-1,0.1257
712,rgb_02_12660.png,rgb_03_04680.png,1,1,217,40,0,434,96,0,0.1257
712,rgb_02_12660.png,rgb_03_04680.png,2,1,308,36,1,537,106,0,0.1257
713,rgb_01_03180.png,rgb_04_11640.png,0,1,434,250,0,362,90,0,0.2154
713,rgb_01_03180.png,rgb_04_11640.png,1,0,168,53,0,285,51,0,0.2154
713,rgb_01_03180.png,rgb_04_11640.png,2,0,302,286,1,128,290,-1,0.2154
714,rgb_01_01980.png,rgb_01_03720.png,0,1,360,80,1,345,311,1,0.0261
714,rgb_01_01980.png,rgb_01_03720.png,1,0,531,114,0,382,215,0,0.0261
714,rgb_01_01980.png,rgb_01_03720.png,2,0,88,62,1,282,41,0,0.0261
715,rgb_03_10320.png,rgb_10_12240.png,0,1,380,176,0,217,241,1,0.2084
715,rgb_03_10320.png,rgb_10_12240.png,1,1,134,115,1,400,35,-1,0.2084
715,rgb_03_10320.png,rgb_10_12240.png,2,1,408,130,0,428,323,1,0.2084
716,rgb_06_10380.png,rgb_11_05250.png,0,1,200,146,0,314,225,1,0.2570
716,rgb_06_10380.png,rgb_11_05250.png,1,0,294,49,1,237,36,0,0.2570
716,rgb_06_10380.png,rgb_11_05250.png,2,1,508,265,0,97,199,0,0.2570
717,rgb_01_12780.png,rgb_03_06840.png,0,1,328,62,0,131,170,1,0.2129
717,rgb_01_12780.png,rgb_03_06840.png,1,0,437,261,1,557,237,0,0.2129
717,rgb_01_12780.png,rgb_03_06840.png,2,0,202,117,1,94,117,0,0.2129
718,rgb_06_02220.png,rgb_11_03090.png,0,1,320,78,1,305,168,1,0.1956
718,rgb_06_02220.png,rgb_11_03090.png,1,0,177,237,1,485,83,-1,0.1956
718,rgb_06_02220.png,rgb_11_03090.png,2,1,262,253,1,451,184,-1,0.1956
719,rgb_05_11160.png,rgb_07_09210.png,0,0,217,168,1,354,245,0,0.1062
719,rgb_05_11160.png,rgb_07_09210.png,1,1,525,294,1,197,88,-1,0.1062
719,rgb_05_11160.png,rgb_07_09210.png,2,1,248,282,0,497,165,-1,0.1062
720,rgb_05_10860.png,rgb_09_05700.png,0,1,542,133,0,405,261,0,0.2601
720,rgb_05_10860.png,rgb_09_05700.png,1,1,325,258,0,562,72,-1,0.2601
720,rgb_05_10860.png,rgb_09_05700.png,2,0,354,155,0,414,313,1,0.2601
721,rgb_09_06900.png,rgb_12_10140.png,0,0,482,239,0,331,245,0,0.3024
721,rgb_09_06900.png,rgb_12_10140.png,1,0,165,102,1,371,104,-1,0.3024
721,rgb_09_06900.png,rgb_12_10140.png,2,0,357,196,0,331,54,-1,0.3024
722,rgb_05_06660.png,rgb_08_03270.png,0,1,145,265,0,260,96,-1,0.1702
722,rgb_05_06660.png,rgb_08_03270.png,1,0,505,128,0,88,287,1,0.1702
722,rgb_05_06660.png,rgb_08_03270.png,2,0,517,189,1,220,306,1,0.1702
723,rgb_01_06000.png,rgb_05_03360.png,0,1,382,229,1,180,80,1,0.2428
723,rgb_01_06000.png,rgb_05_03360.png,1,0,125,151,1,497,284,0,0.2428
723,rgb_01_06000.png,rgb_05_03360.png,2,1,71,300,1,151,146,-1,0.2428
724,rgb_05_09720.png,rgb_12_03120.png,0,0,217,202,0,400,106,-1,0.5344
724,rgb_05_09720.png,rgb_12_03120.png,1,1,531,151,1,202,223,1,0.5344
724,rgb_05_09720.png,rgb_12_03120.png,2,1,442,86,1,302,175,1,0.5344
725,rgb_06_06540.png,rgb_11_02310.png,0,1,174,128,0,445,252,1,0.2089
725,rgb_06_06540.png,rgb_11_02310.png,1,1,228,234,1,362,120,-1,0.2089
725,rgb_06_06540.png,rgb_11_02310.png,2,1,105,181,0,151,192,1,0.2089
726,rgb_09_03300.png,rgb_10_04440.png,0,1,120,168,0,420,133,-1,0.3729
726,rgb_09_03300.png,rgb_10_04440.png,1,0,194,282,1,148,268,0,0.3729
726,rgb_09_03300.png,rgb_10_04440.png,2,1,285,78,0,142,234,1,0.3729
727,rgb_01_03420.png,rgb_01_08880.png,0,0,277,98,1,551,263,-1,0.1635
727,rgb_01_03420.png,rgb_01_08880.png,1,1,188,245,1,105,98,-1,0.1635
727,rgb_01_03420.png,rgb_01_08880.png,2,1,251,80,0,517,49,0,0.1635
728,rgb_01_02340.png,rgb_05_01500.png,0,1,171,215,0,402,83,-1,0.1934
728,rgb_01_02340.png,rgb_05_01500.png,1,0,548,276,1,114,162,0,0.1934
728,rgb_01_02340.png,rgb_05_01500.png,2,1,460,204,1,251,67,-1,0.1934
729,rgb_08_03090.png,rgb_08_09330.png,0,0,442,151,1,177,273,1,0.0676
729,rgb_08_03090.png,rgb_08_09330.png,1,0,140,253,0,180,319,1,0.0676
729,rgb_08_03090.png,rgb_08_09330.png,2,0,382,202,1,128,144,0,0.0676
730,rgb_03_03780.png,rgb_04_00840.png,0,0,134,321,0,180,67,-1,0.0947
730,rgb_03_03780.png,rgb_04_00840.png,1,1,191,106,0,320,207,1,0.0947
730,rgb_03_03780.png,rgb_04_00840.png,2,1,362,287,0,531,104,-1,0.0947
731,rgb_09_10860.png,rgb_11_04050.png,0,0,205,135,1,277,175,0,0.1964
731,rgb_09_10860.png,rgb_11_04050.png,1,0,254,57,0,111,289,1,0.1964
731,rgb_09_10860.png,rgb_11_04050.png,2,0,322,220,1,191,40,-1,0.1964
732,rgb_03_12300.png,rgb_10_12120.png,0,1,368,104,0,194,35,-1,0.3727
732,rgb_03_12300.png,rgb_10_12120.png,1,0,77,133,1,160,61,-1,0.3727
732,rgb_03_12300.png,rgb_10_12120.png,2,1,537,216,1,65,183,0,0.3727
733,rgb_07_04470.png,rgb_10_03900.png,0,0,105,250,1,162,228,0,0.2200
733,rgb_07_04470.png,rgb_10_03900.png,1,0,251,228,1,257,183,1,0.2200
733,rgb_07_04470.png,rgb_10_03900.png,2,0,448,81,0,545,265,1,0.2200
734,rgb_08_06810.png,rgb_12_00420.png,0,1,240,205,0,88,86,-1,0.1555
734,rgb_08_06810.png,rgb_12_00420.png,1,1,574,313,0,228,273,-1,0.1555
734,rgb_08_06810.png,rgb_12_00420.png,2,1,460,154,1,168,118,-1,0.1555
735,rgb_07_11130.png,rgb_12_01320.png,0,0,437,260,1,414,226,0,0.2986
735,rgb_07_11130.png,rgb_12_01320.png,1,0,500,162,0,394,85,-1,0.2986
735,rgb_07_11130.png,rgb_12_01320.png,2,0,522,75,0,145,223,1,0.2986
736,rgb_07_01590.png,rgb_09_01200.png,0,1,528,213,0,471,294,0,0.3848
736,rgb_07_01590.png,rgb_09_01200.png,1,1,340,210,1,491,117,1,0.3848
736,rgb_07_01590.png,rgb_09_01200.png,2,1,62,271,1,342,70,-1,0.3848
737,rgb_10_13080.png,rgb_11_12510.png,0,1,480,123,0,114,81,-1,0.1346
737,rgb_10_13080.png,rgb_11_12510.png,1,1,345,223,0,165,318,-1,0.1346
737,rgb_10_13080.png,rgb_11_12510.png,2,1,128,286,1,131,107,-1,0.1346
738,rgb_01_13140.png,rgb_07_06810.png,0,0,77,45,1,560,216,1,0.3795
738,rgb_01_13140.png,rgb_07_06810.png,1,0,291,176,0,508,263,0,0.3795
738,rgb_01_13140.png,rgb_07_06810.png,2,0,394,46,1,194,189,1,0.3795
739,rgb_01_11820.png,rgb_08_10230.png,0,1,65,319,0,454,255,0,0.0608
739,rgb_01_11820.png,rgb_08_10230.png,1,0,297,85,0,522,151,1,0.0608
739,rgb_01_11820.png,rgb_08_10230.png,2,1,337,51,0,434,88,0,0.0608
740,rgb_10_11220.png,rgb_10_11280.png,0,0,545,160,0,342,109,-1,0.2799
740,rgb_10_11220.png,rgb_10_11280.png,1,1,480,202,1,471,128,-1,0.2799
740,rgb_10_11220.png,rgb_10_11280.png,2,1,368,292,1,537,252,0,0.2799
741,rgb_10_01440.png,rgb_12_11940.png,0,1,222,319,0,460,128,-1,0.1331
741,rgb_10_01440.png,rgb_12_11940.png,1,1,254,242,0,354,81,0,0.1331
741,rgb_10_01440.png,rgb_12_11940.png,2,0,282,163,1,165,171,0,0.1331
742,rgb_04_02700.png,rgb_10_08520.png,0,1,308,286,1,74,208,-1,0.1714
742,rgb_04_02700.png,rgb_10_08520.png,1,1,411,125,1,322,167,0,0.1714
742,rgb_04_02700.png,rgb_10_08520.png,2,0,428,115,0,151,109,0,0.1714
743,rgb_02_09120.png,rgb_03_01980.png,0,1,400,263,0,300,98,0,0.1400
743,rgb_02_09120.png,rgb_03_01980.png,1,1,77,249,1,308,199,1,0.1400
743,rgb_02_09120.png,rgb_03_01980.png,2,0,434,252,0,171,94,-1,0.1400
744,rgb_08_02550.png,rgb_12_05640.png,0,0,254,231,0,365,128,-1,0.2949
744,rgb_08_02550.png,rgb_12_05640.png,1,0,94,257,0,188,297,0,0.2949
744,rgb_08_02550.png,rgb_12_05640.png,2,0,565,57,0,428,56,0,0.2949
745,rgb_04_12120.png,rgb_07_03930.png,0,0,262,155,0,114,80,-1,0.2448
745,rgb_04_12120.png,rgb_07_03930.png,1,0,351,67,0,220,308,1,0.2448
745,rgb_04_12120.png,rgb_07_03930.png,2,1,397,298,0,77,271,1,0.2448
746,rgb_02_01380.png,rgb_10_09240.png,0,0,280,266,1,397,171,-1,0.4280
746,rgb_02_01380.png,rgb_10_09240.png,1,0,265,53,1,100,73,0,0.4280
746,rgb_02_01380.png,rgb_10_09240.png,2,0,325,102,1,462,265,0,0.4280
747,rgb_06_01500.png,rgb_09_03240.png,0,0,368,141,0,431,315,0,0.0691
747,rgb_06_01500.png,rgb_09_03240.png,1,1,174,175,0,91,69,-1,0.0691
747,rgb_06_01500.png,rgb_09_03240.png,2,0,251,133,0,65,143,-1,0.0691
748,rgb_01_06600.png,rgb_03_03900.png,0,1,520,62,1,145,73,0,0.0565
748,rgb_01_06600.png,rgb_03_03900.png,1,0,371,83,1,574,107,-1,0.0565
748,rgb_01_06600.png,rgb_03_03900.png,2,0,265,181,1,268,81,-1,0.0565
749,rgb_05_01440.png,rgb_11_11670.png,0,1,100,205,0,162,213,1,0.3426
749,rgb_05_01440.png,rgb_11_11670.png,1,1,194,168,0,502,67,-1,0.3426
749,rgb_05_01440.png,rgb_11_11670.png,2,0,485,305,1,262,110,-1,0.3426
750,rgb_10_07440.png,rgb_12_00900.png,0,1,85,231,1,488,90,-1,0.2384
750,rgb_10_07440.png,rgb_12_00900.png,1,0,371,85,1,308,65,-1,0.2384
750,rgb_10_07440.png,rgb_12_00900.png,2,1,357,247,0,391,197,0,0.2384
751,rgb_05_11220.png,rgb_10_06000.png,0,1,488,77,0,520,265,1,0.2213
751,rgb_05_11220.png,rgb_10_06000.png,1,1,122,149,1,305,310,0,0.2213
751,rgb_05_11220.png,rgb_10_06000.png,2,1,540,221,0,154,75,-1,0.2213
752,rgb_08_11910.png,rgb_10_12360.png,0,0,488,199,0,242,146,0,0.1354
752,rgb_08_11910.png,rgb_10_12360.png,1,0,374,297,1,308,90,-1,0.1354
752,rgb_08_11910.png,rgb_10_12360.png,2,0,357,167,1,128,160,-1,0.1354
753,rgb_04_04260.png,rgb_08_08790.png,0,0,234,147,0,448,94,-1,0.1024
753,rgb_04_04260.png,rgb_08_08790.png,1,0,257,226,0,88,61,-1,0.1024
753,rgb_04_04260.png,rgb_08_08790.png,2,1,557,54,1,185,61,0,0.1024
754,rgb_03_07740.png,rgb_07_07830.png,0,0,311,210,0,522,220,-1,0.2505
754,rgb_03_07740.png,rgb_07_07830.png,1,1,280,83,0,531,294,1,0.2505
754,rgb_03_07740.png,rgb_07_07830.png,2,1,528,186,0,317,265,1,0.2505
755,rgb_01_00120.png,rgb_06_09300.png,0,1,371,83,0,482,48,0,0.2913
755,rgb_01_00120.png,rgb_06_09300.png,1,0,188,257,0,417,162,0,0.2913
755,rgb_01_00120.png,rgb_06_09300.png,2,0,565,297,1,448,208,0,0.2913
756,rgb_02_00300.png,rgb_10_02520.png,0,0,274,318,0,354,157,0,0.3180
756,rgb_02_00300.png,rgb_10_02520.png,1,0,82,233,0,437,53,-1,0.3180
756,rgb_02_00300.png,rgb_10_02520.png,2,1,485,321,0,445,168,0,0.3180
757,rgb_05_00780.png,rgb_07_08070.png,0,1,297,120,0,297,292,1,0.2074
757,rgb_05_00780.png,rgb_07_08070.png,1,0,420,117,0,525,271,1,0.2074
757,rgb_05_00780.png,rgb_07_08070.png,2,1,534,218,0,74,98,-1,0.2074
758,rgb_03_11640.png,rgb_10_10740.png,0,1,534,78,0,80,109,1,0.1858
758,rgb_03_11640.png,rgb_10_10740.png,1,0,208,70,0,331,73,0,0.1858
758,rgb_03_11640.png,rgb_10_10740.png,2,1,205,237,1,400,176,-1,0.1858
759,rgb_03_04800.png,rgb_04_04740.png,0,0,260,112,0,151,90,-1,0.1713
759,rgb_03_04800.png,rgb_04_04740.png,1,1,237,48,1,231,253,1,0.1713
759,rgb_03_04800.png,rgb_04_04740.png,2,0,477,48,0,545,139,0,0.1713
760,rgb_03_00900.png,rgb_09_00120.png,0,1,571,210,0,177,133,0,0.0258
760,rgb_03_00900.png,rgb_09_00120.png,1,0,522,72,1,214,231,0,0.0258
760,rgb_03_00900.png,rgb_09_00120.png,2,1,457,303,0,311,62,-1,0.0258
761,rgb_04_05040.png,rgb_08_00570.png,0,1,305,257,1,520,107,-1,0.2555
761,rgb_04_05040.png,rgb_08_00570.png,1,1,471,274,1,434,138,-1,0.2555
761,rgb_04_05040.png,rgb_08_00570.png,2,1,374,213,0,488,170,0,0.2555
762,rgb_02_02700.png,rgb_10_07920.png,0,0,128,294,1,74,38,-1,0.2445
762,rgb_02_02700.png,rgb_10_07920.png,1,0,180,231,1,345,131,0,0.2445
762,rgb_02_02700.png,rgb_10_07920.png,2,0,105,78,1,157,65,1,0.2445
763,rgb_05_10620.png,rgb_08_04110.png,0,1,325,81,0,177,85,1,0.2053
763,rgb_05_10620.png,rgb_08_04110.png,1,1,102,154,1,502,210,0,0.2053
763,rgb_05_10620.png,rgb_08_04110.png,2,0,260,218,0,505,287,0,0.2053
764,rgb_03_01620.png,rgb_10_10800.png,0,1,368,183,1,262,86,0,0.0526
764,rgb_03_01620.png,rgb_10_10800.png,1,1,205,162,0,317,292,1,0.0526
764,rgb_03_01620.png,rgb_10_10800.png,2,1,74,199,1,420,73,-1,0.0526
765,rgb_01_10740.png,rgb_05_03660.png,0,1,85,146,1,317,218,1,0.0631
765,rgb_01_10740.png,rgb_05_03660.png,1,0,197,239,1,368,83,-1,0.0631
765,rgb_01_10740.png,rgb_05_03660.png,2,1,208,157,0,468,94,1,0.0631
766,rgb_11_11910.png,rgb_12_00660.png,0,0,314,271,1,257,191,0,0.0975
766,rgb_11_11910.png,rgb_12_00660.png,1,0,68,130,0,397,107,1,0.0975
766,rgb_11_11910.png,rgb_12_00660.png,2,0,231,83,0,500,125,1,0.0975
767,rgb_05_03240.png,rgb_07_08370.png,0,0,360,184,0,357,106,0,0.1488
767,rgb_05_03240.png,rgb_07_08370.png,1,1,282,204,0,165,281,0,0.1488
767,rgb_05_03240.png,rgb_07_08370.png,2,0,554,287,1,220,112,-1,0.1488
768,rgb_03_03060.png,rgb_12_11580.png,0,1,62,171,0,291,255,1,0.1092
768,rgb_03_03060.png,rgb_12_11580.png,1,0,537,122,1,100,109,0,0.1092
768,rgb_03_03060.png,rgb_12_11580.png,2,1,394,321,0,182,102,-1,0.1092
769,rgb_07_09390.png,rgb_11_00930.png,0,1,262,99,0,65,99,0,0.1912
769,rgb_07_09390.png,rgb_11_00930.png,1,1,80,99,0,357,36,-1,0.1912
769,rgb_07_09390.png,rgb_11_00930.png,2,0,191,112,0,134,297,1,0.1912
770,rgb_05_09900.png,rgb_10_04860.png,0,1,511,122,1,465,196,1,0.2385
770,rgb_05_09900.png,rgb_10_04860.png,1,0,388,194,1,200,252,0,0.2385
770,rgb_05_09900.png,rgb_10_04860.png,2,0,202,167,1,128,53,-1,0.2385
771,rgb_01_03300.png,rgb_03_07860.png,0,0,502,99,1,537,213,1,0.0437
771,rgb_01_03300.png,rgb_03_07860.png,1,1,334,94,1,334,281,0,0.0437
771,rgb_01_03300.png,rgb_03_07860.png,2,1,148,75,1,477,120,0,0.0437
772,rgb_08_03330.png,rgb_09_02640.png,0,1,405,311,1,531,35,-1,0.1753
772,rgb_08_03330.png,rgb_09_02640.png,1,1,377,86,0,457,104,-1,0.1753
772,rgb_08_03330.png,rgb_09_02640.png,2,0,122,38,0,511,62,0,0.1753
773,rgb_08_02190.png,rgb_09_11940.png,0,0,554,276,0,317,311,0,0.4319
773,rgb_08_02190.png,rgb_09_11940.png,1,1,254,186,0,217,40,-1,0.4319
773,rgb_08_02190.png,rgb_09_11940.png,2,1,140,154,1,448,245,0,0.4319
774,rgb_04_01080.png,rgb_10_09780.png,0,1,308,205,1,468,101,-1,0.0867
774,rgb_04_01080.png,rgb_10_09780.png,1,0,162,268,1,400,202,-1,0.0867
774,rgb_04_01080.png,rgb_10_09780.png,2,0,534,276,0,408,77,-1,0.0867
775,rgb_09_11520.png,rgb_12_01560.png,0,0,300,85,1,122,143,-1,0.0751
775,rgb_09_11520.png,rgb_12_01560.png,1,0,505,110,0,128,168,-1,0.0751
775,rgb_09_11520.png,rgb_12_01560.png,2,1,465,90,0,154,90,0,0.0751
776,rgb_03_03540.png,rgb_06_11520.png,0,1,228,171,1,191,257,0,0.3430
776,rgb_03_03540.png,rgb_06_11520.png,1,0,140,263,0,497,147,0,0.3430
776,rgb_03_03540.png,rgb_06_11520.png,2,0,148,135,1,545,135,1,0.3430
777,rgb_02_12000.png,rgb_12_12660.png,0,1,157,297,0,165,83,-1,0.1077
777,rgb_02_12000.png,rgb_12_12660.png,1,0,274,69,1,425,94,0,0.1077
777,rgb_02_12000.png,rgb_12_12660.png,2,0,531,284,1,262,115,-1,0.1077
778,rgb_01_05280.png,rgb_05_00480.png,0,0,471,69,0,217,250,1,0.1543
778,rgb_01_05280.png,rgb_05_00480.png,1,1,268,245,0,371,88,-1,0.1543
778,rgb_01_05280.png,rgb_05_00480.png,2,0,208,85,0,568,253,1,0.1543
779,rgb_06_12540.png,rgb_12_03480.png,0,1,217,38,1,354,94,0,0.3572
779,rgb_06_12540.png,rgb_12_03480.png,1,0,488,184,0,160,133,1,0.3572
779,rgb_06_12540.png,rgb_12_03480.png,2,0,80,311,0,257,135,0,0.3572
780,rgb_07_04050.png,rgb_12_09780.png,0,0,242,194,1,417,114,0,0.0925
780,rgb_07_04050.png,rgb_12_09780.png,1,1,265,90,0,91,223,1,0.0925
780,rgb_07_04050.png,rgb_12_09780.png,2,0,534,141,1,260,234,0,0.0925
781,rgb_01_07980.png,rgb_05_02400.png,0,1,288,126,0,154,200,1,0.1024
781,rgb_01_07980.png,rgb_05_02400.png,1,1,257,306,0,400,83,-1,0.1024
781,rgb_01_07980.png,rgb_05_02400.png,2,1,548,152,1,182,151,-1,0.1024
782,rgb_04_09060.png,rgb_11_03810.png,0,1,302,141,0,228,313,0,0.1515
782,rgb_04_09060.png,rgb_11_03810.png,1,0,511,159,0,282,73,-1,0.1515
782,rgb_04_09060.png,rgb_11_03810.png,2,1,160,242,0,111,112,0,0.1515
783,rgb_02_06120.png,rgb_06_10740.png,0,1,125,271,1,420,93,-1,0.1033
783,rgb_02_06120.png,rgb_06_10740.png,1,1,320,220,1,111,94,-1,0.1033
783,rgb_02_06120.png,rgb_06_10740.png,2,1,365,131,0,545,306,1,0.1033
784,rgb_05_10800.png,rgb_10_07620.png,0,1,257,295,0,71,257,0,0.4034
784,rgb_05_10800.png,rgb_10_07620.png,1,1,542,93,0,460,249,1,0.4034
784,rgb_05_10800.png,rgb_10_07620.png,2,0,302,255,1,491,151,-1,0.4034
785,rgb_08_09630.png,rgb_10_05100.png,0,1,162,181,1,428,245,1,0.1711
785,rgb_08_09630.png,rgb_10_05100.png,1,1,448,96,0,354,276,1,0.1711
785,rgb_08_09630.png,rgb_10_05100.png,2,0,214,223,1,554,115,0,0.1711
786,rgb_05_07500.png,rgb_11_12810.png,0,0,88,188,1,131,117,1,0.0254
786,rgb_05_07500.png,rgb_11_12810.png,1,0,274,160,0,491,115,-1,0.0254
786,rgb_05_07500.png,rgb_11_12810.png,2,0,325,200,0,142,88,-1,0.0254
787,rgb_01_05760.png,rgb_03_12420.png,0,0,525,155,0,574,225,0,0.4136
787,rgb_01_05760.png,rgb_03_12420.png,1,1,305,90,1,260,175,0,0.4136
787,rgb_01_05760.png,rgb_03_12420.png,2,1,325,245,0,522,104,0,0.4136
788,rgb_08_11730.png,rgb_10_12780.png,0,0,437,302,0,562,149,-1,0.2384
788,rgb_08_11730.png,rgb_10_12780.png,1,0,362,91,0,502,234,1,0.2384
788,rgb_08_11730.png,rgb_10_12780.png,2,0,371,197,1,294,120,-1,0.2384
789,rgb_08_06150.png,rgb_12_00780.png,0,1,511,130,0,531,234,1,0.1863
789,rgb_08_06150.png,rgb_12_00780.png,1,0,205,188,1,111,106,-1,0.1863
789,rgb_08_06150.png,rgb_12_00780.png,2,0,154,279,1,205,220,0,0.1863
790,rgb_05_00360.png,rgb_09_01500.png,0,1,374,220,0,302,221,1,0.2133
790,rgb_05_00360.png,rgb_09_01500.png,1,0,342,73,1,134,83,0,0.2133
790,rgb_05_00360.png,rgb_09_01500.png,2,1,308,120,1,417,147,-1,0.2133
791,rgb_01_03360.png,rgb_09_01620.png,0,0,482,67,1,228,46,0,0.1041
791,rgb_01_03360.png,rgb_09_01620.png,1,0,245,313,0,145,59,-1,0.1041
791,rgb_01_03360.png,rgb_09_01620.png,2,1,122,221,0,471,236,1,0.1041
792,rgb_03_07560.png,rgb_09_10140.png,0,1,234,323,0,482,282,0,0.0756
792,rgb_03_07560.png,rgb_09_10140.png,1,0,80,192,1,405,175,1,0.0756
792,rgb_03_07560.png,rgb_09_10140.png,2,0,160,154,1,565,192,1,0.0756
793,rgb_09_05520.png,rgb_09_12300.png,0,1,277,77,1,371,91,0,0.5226
793,rgb_09_05520.png,rgb_09_12300.png,1,1,334,274,0,508,107,-1,0.5226
793,rgb_09_05520.png,rgb_09_12300.png,2,0,274,163,1,354,199,-1,0.5226
794,rgb_04_08520.png,rgb_11_06750.png,0,0,140,131,1,477,144,-1,0.1900
794,rgb_04_08520.png,rgb_11_06750.png,1,1,180,123,1,440,45,-1,0.1900
794,rgb_04_08520.png,rgb_11_06750.png,2,1,105,57,0,74,41,0,0.1900
795,rgb_01_10380.png,rgb_06_04020.png,0,1,425,165,0,351,191,0,0.0493
795,rgb_01_10380.png,rgb_06_04020.png,1,1,348,289,1,371,93,-1,0.0493
795,rgb_01_10380.png,rgb_06_04020.png,2,1,540,91,1,245,35,0,0.0493
796,rgb_04_04680.png,rgb_04_10020.png,0,1,108,303,1,374,67,-1,0.2193
796,rgb_04_04680.png,rgb_04_10020.png,1,0,122,207,0,477,286,0,0.2193
796,rgb_04_04680.png,rgb_04_10020.png,2,1,471,305,0,182,152,0,0.2193
797,rgb_04_01140.png,rgb_11_05370.png,0,0,111,311,1,148,107,-1,0.1630
797,rgb_04_01140.png,rgb_11_05370.png,1,0,337,88,1,428,49,-1,0.1630
797,rgb_04_01140.png,rgb_11_05370.png,2,1,137,226,1,282,300,1,0.1630
798,rgb_05_07620.png,rgb_09_11880.png,0,0,411,53,0,220,125,1,0.2120
798,rgb_05_07620.png,rgb_09_11880.png,1,0,374,306,0,477,126,0,0.2120
798,rgb_05_07620.png,rgb_09_11880.png,2,1,245,212,0,457,294,1,0.2120
799,rgb_03_04860.png,rgb_04_09780.png,0,1,317,54,0,565,194,0,0.0875
799,rgb_03_04860.png,rgb_04_09780.png,1,1,342,104,0,117,250,1,0.0875
799,rgb_03_04860.png,rgb_04_09780.png,2,1,491,59,0,80,196,0,0.0875
800,rgb_01_05820.png,rgb_03_01920.png,0,0,134,197,1,491,102,0,0.2784
800,rgb_01_05820.png,rgb_03_01920.png,1,1,274,73,0,368,292,1,0.2784
800,rgb_01_05820.png,rgb_03_01920.png,2,0,171,40,1,402,126,1,0.2784
801,rgb_01_06720.png,rgb_02_07980.png,0,0,557,54,1,534,88,0,0.1145
801,rgb_01_06720.png,rgb_02_07980.png,1,1,297,287,1,191,101,-1,0.1145
801,rgb_01_06720.png,rgb_02_07980.png,2,0,128,278,0,97,102,0,0.1145
802,rgb_02_12060.png,rgb_08_02670.png,0,1,365,109,1,454,297,0,0.1651
802,rgb_02_12060.png,rgb_08_02670.png,1,0,460,81,1,174,276,1,0.1651
802,rgb_02_12060.png,rgb_08_02670.png,2,1,465,70,1,77,271,1,0.1651
803,rgb_03_10380.png,rgb_06_12600.png,0,0,297,77,1,291,40,-1,0.0537
803,rgb_03_10380.png,rgb_06_12600.png,1,1,474,171,1,194,91,1,0.0537
803,rgb_03_10380.png,rgb_06_12600.png,2,1,517,216,1,551,38,1,0.0537
804,rgb_04_02340.png,rgb_12_09420.png,0,1,160,196,1,508,183,1,0.3500
804,rgb_04_02340.png,rgb_12_09420.png,1,1,497,321,0,220,125,0,0.3500
804,rgb_04_02340.png,rgb_12_09420.png,2,0,254,260,0,254,196,0,0.3500
805,rgb_04_01740.png,rgb_05_08160.png,0,1,425,117,1,211,91,-1,0.1197
805,rgb_04_01740.png,rgb_05_08160.png,1,1,520,178,0,62,77,0,0.1197
805,rgb_04_01740.png,rgb_05_08160.png,2,0,491,302,0,408,72,-1,0.1197
806,rgb_03_02520.png,rgb_04_02640.png,0,1,468,266,1,191,118,0,0.3365
806,rgb_03_02520.png,rgb_04_02640.png,1,1,382,202,0,211,62,-1,0.3365
806,rgb_03_02520.png,rgb_04_02640.png,2,0,85,56,0,140,274,1,0.3365
807,rgb_08_09210.png,rgb_12_07980.png,0,1,477,75,1,205,144,0,0.4632
807,rgb_08_09210.png,rgb_12_07980.png,1,0,228,242,1,502,191,0,0.4632
807,rgb_08_09210.png,rgb_12_07980.png,2,1,300,303,0,500,192,0,0.4632
808,rgb_02_00360.png,rgb_10_06480.png,0,0,111,260,0,431,244,0,0.2861
808,rgb_02_00360.png,rgb_10_06480.png,1,0,571,261,0,100,90,-1,0.2861
808,rgb_02_00360.png,rgb_10_06480.png,2,1,382,268,0,174,160,0,0.2861
809,rgb_05_12840.png,rgb_10_00960.png,0,0,474,208,1,134,152,-1,0.3120
809,rgb_05_12840.png,rgb_10_00960.png,1,0,414,80,1,537,167,1,0.3120
809,rgb_05_12840.png,rgb_10_00960.png,2,0,537,99,1,305,207,1,0.3120
810,rgb_04_04500.png,rgb_09_11160.png,0,1,208,189,0,542,117,1,0.0655
810,rgb_04_04500.png,rgb_09_11160.png,1,0,194,98,0,162,49,-1,0.0655
810,rgb_04_04500.png,rgb_09_11160.png,2,0,111,233,1,288,151,1,0.0655
811,rgb_01_00660.png,rgb_03_11400.png,0,1,277,247,1,125,149,-1,0.1950
811,rgb_01_00660.png,rgb_03_11400.png,1,1,500,49,0,394,245,1,0.1950
811,rgb_01_00660.png,rgb_03_11400.png,2,0,445,99,0,420,160,1,0.1950
812,rgb_11_10170.png,rgb_12_02280.png,0,0,71,303,1,394,236,0,0.1260
812,rgb_11_10170.png,rgb_12_02280.png,1,1,454,35,1,485,138,1,0.1260
812,rgb_11_10170.png,rgb_12_02280.png,2,0,531,189,1,251,86,-1,0.1260
813,rgb_02_10020.png,rgb_07_10890.png,0,1,94,249,1,288,318,0,0.2159
813,rgb_02_10020.png,rgb_07_10890.png,1,0,394,136,0,205,200,0,0.2159
813,rgb_02_10020.png,rgb_07_10890.png,2,1,428,218,0,140,72,-1,0.2159
814,rgb_01_09180.png,rgb_04_01320.png,0,1,340,255,0,445,181,0,0.6469
814,rgb_01_09180.png,rgb_04_01320.png,1,0,514,78,1,528,146,1,0.6469
814,rgb_01_09180.png,rgb_04_01320.png,2,0,194,86,0,197,266,1,0.6469
815,rgb_01_04080.png,rgb_08_07110.png,0,1,102,98,0,105,208,1,0.0280
815,rgb_01_04080.png,rgb_08_07110.png,1,0,511,38,1,188,78,0,0.0280
815,rgb_01_04080.png,rgb_08_07110.png,2,1,142,298,0,191,131,0,0.0280
816,rgb_04_11820.png,rgb_06_08280.png,0,1,328,96,1,74,242,-1,0.2108
816,rgb_04_11820.png,rgb_06_08280.png,1,1,420,77,1,491,294,1,0.2108
816,rgb_04_11820.png,rgb_06_08280.png,2,0,142,183,0,382,306,0,0.2108
817,rgb_04_12540.png,rgb_09_04920.png,0,1,422,45,0,334,107,1,0.0383
817,rgb_04_12540.png,rgb_09_04920.png,1,1,185,99,1,482,163,0,0.0383
817,rgb_04_12540.png,rgb_09_04920.png,2,1,85,216,1,111,294,1,0.0383
818,rgb_02_10140.png,rgb_08_06090.png,0,1,325,171,1,200,81,-1,0.1795
818,rgb_02_10140.png,rgb_08_06090.png,1,0,354,86,1,280,107,0,0.1795
818,rgb_02_10140.png,rgb_08_06090.png,2,1,282,249,0,342,180,0,0.1795
819,rgb_01_03660.png,rgb_11_03990.png,0,0,308,85,0,105,271,1,0.0103
819,rgb_01_03660.png,rgb_11_03990.png,1,0,491,46,1,554,117,0,0.0103
819,rgb_01_03660.png,rgb_11_03990.png,2,0,508,106,0,557,286,1,0.0103
820,rgb_05_02280.png,rgb_09_03960.png,0,0,342,250,0,228,315,0,0.4110
820,rgb_05_02280.png,rgb_09_03960.png,1,0,534,125,0,391,192,0,0.4110
820,rgb_05_02280.png,rgb_09_03960.png,2,1,485,266,0,282,151,0,0.4110
821,rgb_01_07680.png,rgb_10_12720.png,0,0,380,133,1,477,311,0,0.1388
821,rgb_01_07680.png,rgb_10_12720.png,1,1,154,284,1,154,139,-1,0.1388
821,rgb_01_07680.png,rgb_10_12720.png,2,1,362,147,1,377,70,-1,0.1388
822,rgb_02_07680.png,rgb_05_09240.png,0,1,445,220,1,448,91,-1,0.1501
822,rgb_02_07680.png,rgb_05_09240.png,1,1,574,143,1,105,126,-1,0.1501
822,rgb_02_07680.png,rgb_05_09240.png,2,0,542,218,0,451,115,-1,0.1501
823,rgb_05_10020.png,rgb_07_01050.png,0,0,494,221,0,574,75,-1,0.2637
823,rgb_05_10020.png,rgb_07_01050.png,1,0,328,125,1,325,78,-1,0.2637
823,rgb_05_10020.png,rgb_07_01050.png,2,0,571,305,1,520,90,-1,0.2637
824,rgb_03_04320.png,rgb_06_01020.png,0,0,211,90,1,431,41,0,0.1900
824,rgb_03_04320.png,rgb_06_01020.png,1,1,331,233,0,511,278,0,0.1900
824,rgb_03_04320.png,rgb_06_01020.png,2,0,420,73,0,571,144,0,0.1900
825,rgb_03_05220.png,rgb_09_08760.png,0,0,102,250,0,220,154,-1,0.3311
825,rgb_03_05220.png,rgb_09_08760.png,1,1,442,101,1,120,313,1,0.3311
825,rgb_03_05220.png,rgb_09_08760.png,2,1,377,315,0,462,162,-1,0.3311
826,rgb_10_12300.png,rgb_11_04950.png,0,1,77,213,1,200,319,1,0.1634
826,rgb_10_12300.png,rgb_11_04950.png,1,0,542,323,1,97,128,-1,0.1634
826,rgb_10_12300.png,rgb_11_04950.png,2,0,477,96,0,191,115,0,0.1634
827,rgb_01_09360.png,rgb_11_03330.png,0,1,82,270,1,331,78,0,0.0511
827,rgb_01_09360.png,rgb_11_03330.png,1,1,180,112,1,448,263,1,0.0511
827,rgb_01_09360.png,rgb_11_03330.png,2,0,205,96,1,262,247,1,0.0511
828,rgb_01_00360.png,rgb_09_07200.png,0,0,111,104,1,148,54,-1,0.2279
828,rgb_01_00360.png,rgb_09_07200.png,1,0,425,38,1,325,315,1,0.2279
828,rgb_01_00360.png,rgb_09_07200.png,2,1,514,199,1,262,90,0,0.2279
829,rgb_03_00060.png,rgb_05_06240.png,0,1,568,91,0,411,73,1,0.1018
829,rgb_03_00060.png,rgb_05_06240.png,1,0,322,266,1,125,98,-1,0.1018
829,rgb_03_00060.png,rgb_05_06240.png,2,0,131,53,0,334,40,0,0.1018
830,rgb_04_09180.png,rgb_07_08910.png,0,0,500,233,1,105,263,0,0.1009
830,rgb_04_09180.png,rgb_07_08910.png,1,1,502,223,1,254,109,-1,0.1009
830,rgb_04_09180.png,rgb_07_08910.png,2,0,257,65,0,154,98,1,0.1009
831,rgb_05_04200.png,rgb_08_08430.png,0,0,437,98,0,100,213,1,0.1204
831,rgb_05_04200.png,rgb_08_08430.png,1,1,477,194,0,408,151,-1,0.1204
831,rgb_05_04200.png,rgb_08_08430.png,2,0,354,233,1,297,208,0,0.1204
832,rgb_05_03600.png,rgb_12_07080.png,0,0,565,159,0,242,43,0,0.1373
832,rgb_05_03600.png,rgb_12_07080.png,1,1,500,159,0,491,210,0,0.1373
832,rgb_05_03600.png,rgb_12_07080.png,2,1,560,321,1,194,186,-1,0.1373
833,rgb_01_04260.png,rgb_09_05160.png,0,1,305,112,0,457,180,0,0.2142
833,rgb_01_04260.png,rgb_09_05160.png,1,1,331,252,0,65,151,0,0.2142
833,rgb_01_04260.png,rgb_09_05160.png,2,0,545,200,0,371,69,-1,0.2142
834,rgb_03_09540.png,rgb_12_04860.png,0,0,485,96,1,77,146,1,0.1908
834,rgb_03_09540.png,rgb_12_04860.png,1,0,174,181,1,80,228,-1,0.1908
834,rgb_03_09540.png,rgb_12_04860.png,2,1,540,168,0,368,207,1,0.1908
835,rgb_09_02400.png,rgb_11_12270.png,0,1,554,171,0,168,265,0,0.2085
835,rgb_09_02400.png,rgb_11_12270.png,1,1,71,194,0,217,125,0,0.2085
835,rgb_09_02400.png,rgb_11_12270.png,2,0,71,69,1,540,46,0,0.2085
836,rgb_01_10560.png,rgb_03_02100.png,0,1,300,65,1,460,65,0,0.1749
836,rgb_01_10560.png,rgb_03_02100.png,1,0,222,205,0,188,106,0,0.1749
836,rgb_01_10560.png,rgb_03_02100.png,2,0,94,194,0,165,273,1,0.1749
837,rgb_02_00540.png,rgb_04_11940.png,0,1,328,128,1,491,181,-1,0.0494
837,rgb_02_00540.png,rgb_04_11940.png,1,0,225,125,1,77,122,0,0.0494
837,rgb_02_00540.png,rgb_04_11940.png,2,1,168,236,0,302,85,-1,0.0494
838,rgb_03_03960.png,rgb_09_11400.png,0,1,77,310,0,520,102,-1,0.2087
838,rgb_03_03960.png,rgb_09_11400.png,1,0,82,69,1,120,220,1,0.2087
838,rgb_03_03960.png,rgb_09_11400.png,2,0,197,78,1,508,319,-1,0.2087
839,rgb_04_11040.png,rgb_04_12900.png,0,1,311,147,0,265,141,0,0.3678
839,rgb_04_11040.png,rgb_04_12900.png,1,0,571,244,1,488,98,-1,0.3678
839,rgb_04_11040.png,rgb_04_12900.png,2,1,371,96,0,288,212,0,0.3678
840,rgb_04_10380.png,rgb_06_06720.png,0,0,325,135,1,168,194,1,0.2113
840,rgb_04_10380.png,rgb_06_06720.png,1,0,414,282,1,208,67,-1,0.2113
840,rgb_04_10380.png,rgb_06_06720.png,2,0,165,192,1,182,271,1,0.2113
841,rgb_09_08700.png,rgb_10_01140.png,0,1,388,64,0,345,154,1,0.1427
841,rgb_09_08700.png,rgb_10_01140.png,1,1,191,62,0,194,278,1,0.1427
841,rgb_09_08700.png,rgb_10_01140.png,2,0,505,157,1,391,315,0,0.1427
842,rgb_02_05460.png,rgb_07_07650.png,0,0,188,96,0,451,281,0,0.2685
842,rgb_02_05460.png,rgb_07_07650.png,1,1,402,115,0,477,130,1,0.2685
842,rgb_02_05460.png,rgb_07_07650.png,2,0,537,247,0,114,310,0,0.2685
843,rgb_06_13980.png,rgb_10_11820.png,0,1,194,229,0,200,65,-1,0.2258
843,rgb_06_13980.png,rgb_10_11820.png,1,1,371,128,1,154,290,0,0.2258
843,rgb_06_13980.png,rgb_10_11820.png,2,0,357,86,0,505,294,1,0.2258
844,rgb_01_05940.png,rgb_04_13020.png,0,1,125,270,0,125,318,0,0.3459
844,rgb_01_05940.png,rgb_04_13020.png,1,1,105,102,0,520,101,-1,0.3459
844,rgb_01_05940.png,rgb_04_13020.png,2,1,462,202,1,262,316,0,0.3459
845,rgb_05_12720.png,rgb_07_01710.png,0,0,105,175,1,208,98,-1,0.0490
845,rgb_05_12720.png,rgb_07_01710.png,1,1,348,152,0,202,128,0,0.0490
845,rgb_05_12720.png,rgb_07_01710.png,2,0,565,175,1,102,88,-1,0.0490
846,rgb_07_04170.png,rgb_10_00480.png,0,0,257,315,0,348,126,0,0.1779
846,rgb_07_04170.png,rgb_10_00480.png,1,1,145,184,1,540,147,-1,0.1779
846,rgb_07_04170.png,rgb_10_00480.png,2,1,514,77,0,377,319,1,0.1779
847,rgb_06_06480.png,rgb_09_07320.png,0,1,308,321,0,62,168,0,0.2992
847,rgb_06_06480.png,rgb_09_07320.png,1,1,391,123,1,320,171,1,0.2992
847,rgb_06_06480.png,rgb_09_07320.png,2,0,102,279,1,134,73,-1,0.2992
848,rgb_02_03660.png,rgb_04_06960.png,0,1,225,81,0,117,229,1,0.1808
848,rgb_02_03660.png,rgb_04_06960.png,1,0,431,62,0,300,180,1,0.1808
848,rgb_02_03660.png,rgb_04_06960.png,2,1,451,263,0,257,136,1,0.1808
849,rgb_06_02040.png,rgb_12_05880.png,0,0,234,99,1,565,242,1,0.1573
849,rgb_06_02040.png,rgb_12_05880.png,1,0,520,83,1,362,257,1,0.1573
849,rgb_06_02040.png,rgb_12_05880.png,2,1,108,143,1,337,86,-1,0.1573
850,rgb_02_10080.png,rgb_10_01560.png,0,1,514,221,0,302,78,-1,0.0484
850,rgb_02_10080.png,rgb_10_01560.png,1,1,154,311,0,494,80,-1,0.0484
850,rgb_02_10080.png,rgb_10_01560.png,2,1,197,83,0,94,86,-1,0.0484
851,rgb_02_08880.png,rgb_10_02400.png,0,0,428,117,0,574,104,-1,0.2622
851,rgb_02_08880.png,rgb_10_02400.png,1,0,182,241,0,282,73,-1,0.2622
851,rgb_02_08880.png,rgb_10_02400.png,2,0,131,152,0,151,93,-1,0.2622
852,rgb_01_10620.png,rgb_09_10260.png,0,1,237,234,0,268,274,0,0.0191
852,rgb_01_10620.png,rgb_09_10260.png,1,0,160,73,1,80,159,-1,0.0191
852,rgb_01_10620.png,rgb_09_10260.png,2,1,320,255,1,202,85,-1,0.0191
853,rgb_01_12600.png,rgb_07_08730.png,0,1,517,62,0,374,77,0,0.2637
853,rgb_01_12600.png,rgb_07_08730.png,1,1,280,253,1,568,319,0,0.2637
853,rgb_01_12600.png,rgb_07_08730.png,2,0,277,226,0,234,292,0,0.2637
854,rgb_02_05280.png,rgb_03_08460.png,0,1,168,149,0,402,184,0,0.0519
854,rgb_02_05280.png,rgb_03_08460.png,1,1,200,102,0,382,61,0,0.0519
854,rgb_02_05280.png,rgb_03_08460.png,2,1,522,144,1,248,234,1,0.0519
855,rgb_07_04290.png,rgb_12_07860.png,0,0,105,186,1,211,61,-1,0.0445
855,rgb_07_04290.png,rgb_12_07860.png,1,0,297,274,1,491,78,-1,0.0445
855,rgb_07_04290.png,rgb_12_07860.png,2,0,545,152,1,522,284,0,0.0445
856,rgb_02_01980.png,rgb_12_11400.png,0,1,168,141,0,222,138,1,0.1725
856,rgb_02_01980.png,rgb_12_11400.png,1,1,297,154,0,225,257,1,0.1725
856,rgb_02_01980.png,rgb_12_11400.png,2,1,82,149,0,365,303,1,0.1725
857,rgb_01_09060.png,rgb_10_02280.png,0,1,431,38,1,165,200,1,0.1742
857,rgb_01_09060.png,rgb_10_02280.png,1,1,282,114,0,345,249,0,0.1742
857,rgb_01_09060.png,rgb_10_02280.png,2,1,117,287,0,457,197,0,0.1742
858,rgb_05_11880.png,rgb_07_07050.png,0,0,105,139,1,100,110,-1,0.0582
858,rgb_05_11880.png,rgb_07_07050.png,1,0,511,125,1,160,73,-1,0.0582
858,rgb_05_11880.png,rgb_07_07050.png,2,0,417,88,1,188,321,1,0.0582
859,rgb_04_00960.png,rgb_05_04860.png,0,0,260,315,1,380,231,0,0.2169
859,rgb_04_00960.png,rgb_05_04860.png,1,0,568,249,1,97,265,-1,0.2169
859,rgb_04_00960.png,rgb_05_04860.png,2,0,448,258,0,222,138,-1,0.2169
860,rgb_03_12360.png,rgb_10_11880.png,0,0,305,45,0,368,278,1,0.2929
860,rgb_03_12360.png,rgb_10_11880.png,1,1,382,258,1,105,118,-1,0.2929
860,rgb_03_12360.png,rgb_10_11880.png,2,1,408,176,0,420,216,0,0.2929
861,rgb_10_03600.png,rgb_10_04140.png,0,1,194,91,1,100,165,1,0.1847
861,rgb_10_03600.png,rgb_10_04140.png,1,0,91,160,0,385,118,1,0.1847
861,rgb_10_03600.png,rgb_10_04140.png,2,0,242,204,1,108,90,-1,0.1847
862,rgb_03_04260.png,rgb_05_01080.png,0,0,288,133,0,148,64,-1,0.1978
862,rgb_03_04260.png,rgb_05_01080.png,1,1,168,270,0,294,286,0,0.1978
862,rgb_03_04260.png,rgb_05_01080.png,2,0,68,147,1,322,302,0,0.1978
863,rgb_08_00870.png,rgb_11_01350.png,0,1,408,126,1,491,101,0,0.2617
863,rgb_08_00870.png,rgb_11_01350.png,1,1,522,157,1,240,212,0,0.2617
863,rgb_08_00870.png,rgb_11_01350.png,2,1,117,302,1,237,72,-1,0.2617
864,rgb_01_05640.png,rgb_08_01050.png,0,0,185,237,0,242,90,-1,0.2302
864,rgb_01_05640.png,rgb_08_01050.png,1,0,200,175,0,500,183,0,0.2302
864,rgb_01_05640.png,rgb_08_01050.png,2,1,268,180,0,522,310,0,0.2302
865,rgb_06_08700.png,rgb_10_09120.png,0,0,262,41,1,522,102,1,0.0983
865,rgb_06_08700.png,rgb_10_09120.png,1,1,574,202,0,408,242,1,0.0983
865,rgb_06_08700.png,rgb_10_09120.png,2,0,540,305,1,277,109,-1,0.0983
866,rgb_03_10140.png,rgb_10_11640.png,0,0,165,94,1,474,194,1,0.1083
866,rgb_03_10140.png,rgb_10_11640.png,1,1,160,165,1,331,247,1,0.1083
866,rgb_03_10140.png,rgb_10_11640.png,2,1,282,120,1,91,226,1,0.1083
867,rgb_07_10650.png,rgb_10_05040.png,0,1,305,93,0,540,274,1,0.3849
867,rgb_07_10650.png,rgb_10_05040.png,1,1,548,40,1,391,136,1,0.3849
867,rgb_07_10650.png,rgb_10_05040.png,2,1,442,270,1,357,253,0,0.3849
868,rgb_06_07200.png,rgb_10_01800.png,0,1,297,83,1,222,128,1,0.4390
868,rgb_06_07200.png,rgb_10_01800.png,1,1,285,192,1,431,316,1,0.4390
868,rgb_06_07200.png,rgb_10_01800.png,2,0,128,231,0,568,225,0,0.4390
869,rgb_02_01500.png,rgb_10_02880.png,0,0,431,244,0,245,146,0,0.1148
869,rgb_02_01500.png,rgb_10_02880.png,1,1,451,284,1,422,90,-1,0.1148
869,rgb_02_01500.png,rgb_10_02880.png,2,1,437,197,1,234,110,-1,0.1148
870,rgb_06_04800.png,rgb_10_02640.png,0,1,417,133,0,125,85,-1,0.1622
870,rgb_06_04800.png,rgb_10_02640.png,1,1,525,102,0,311,237,1,0.1622
870,rgb_06_04800.png,rgb_10_02640.png,2,1,351,237,0,237,64,-1,0.1622
871,rgb_03_10980.png,rgb_05_03900.png,0,1,145,294,0,248,258,0,0.4953
871,rgb_03_10980.png,rgb_05_03900.png,1,1,551,245,0,62,123,-1,0.4953
871,rgb_03_10980.png,rgb_05_03900.png,2,0,328,131,1,88,216,0,0.4953
872,rgb_03_11040.png,rgb_11_06390.png,0,1,308,244,1,508,114,-1,0.2905
872,rgb_03_11040.png,rgb_11_06390.png,1,1,311,104,0,257,173,1,0.2905
872,rgb_03_11040.png,rgb_11_06390.png,2,1,251,305,0,397,281,0,0.2905
873,rgb_03_06480.png,rgb_07_05310.png,0,1,154,241,0,374,321,1,0.0746
873,rgb_03_06480.png,rgb_07_05310.png,1,1,485,149,0,191,184,1,0.0746
873,rgb_03_06480.png,rgb_07_05310.png,2,1,551,298,1,180,83,-1,0.0746
874,rgb_05_12180.png,rgb_09_09000.png,0,0,394,77,0,100,249,1,0.3381
874,rgb_05_12180.png,rgb_09_09000.png,1,0,74,157,1,122,311,0,0.3381
874,rgb_05_12180.png,rgb_09_09000.png,2,1,294,207,1,125,178,-1,0.3381
875,rgb_06_09660.png,rgb_11_04350.png,0,0,128,114,0,105,207,1,0.3622
875,rgb_06_09660.png,rgb_11_04350.png,1,1,351,170,0,205,138,-1,0.3622
875,rgb_06_09660.png,rgb_11_04350.png,2,0,451,252,0,128,36,-1,0.3622
876,rgb_05_06600.png,rgb_06_02940.png,0,1,565,302,1,480,43,-1,0.2655
876,rgb_05_06600.png,rgb_06_02940.png,1,0,342,263,0,80,274,0,0.2655
876,rgb_05_06600.png,rgb_06_02940.png,2,1,74,77,0,462,289,1,0.2655
877,rgb_02_08940.png,rgb_07_07950.png,0,0,537,131,0,202,313,0,0.1803
877,rgb_02_08940.png,rgb_07_07950.png,1,0,388,163,0,125,90,-1,0.1803
877,rgb_02_08940.png,rgb_07_07950.png,2,0,537,281,0,488,180,-1,0.1803
878,rgb_01_11460.png,rgb_11_11190.png,0,1,551,210,1,348,78,-1,0.1642
878,rgb_01_11460.png,rgb_11_11190.png,1,1,551,290,0,268,279,0,0.1642
878,rgb_01_11460.png,rgb_11_11190.png,2,1,285,266,0,200,216,0,0.1642
879,rgb_07_09690.png,rgb_09_00000.png,0,1,440,178,0,297,237,0,0.7613
879,rgb_07_09690.png,rgb_09_00000.png,1,1,200,202,1,454,109,-1,0.7613
879,rgb_07_09690.png,rgb_09_00000.png,2,1,108,244,1,91,91,-1,0.7613
880,rgb_04_07800.png,rgb_05_03060.png,0,1,434,247,1,85,228,0,0.4195
880,rgb_04_07800.png,rgb_05_03060.png,1,1,568,159,1,485,295,0,0.4195
880,rgb_04_07800.png,rgb_05_03060.png,2,1,62,59,0,197,189,1,0.4195
881,rgb_04_06540.png,rgb_09_07500.png,0,0,174,192,1,208,125,-1,0.1822
881,rgb_04_06540.png,rgb_09_07500.png,1,0,345,157,1,162,167,-1,0.1822
881,rgb_04_06540.png,rgb_09_07500.png,2,0,188,133,1,337,188,0,0.1822
882,rgb_06_03660.png,rgb_09_02820.png,0,0,134,247,1,257,56,-1,0.3170
882,rgb_06_03660.png,rgb_09_02820.png,1,1,388,244,1,274,279,0,0.3170
882,rgb_06_03660.png,rgb_09_02820.png,2,1,68,104,0,385,305,1,0.3170
883,rgb_07_09870.png,rgb_12_04080.png,0,1,517,284,0,291,249,0,0.2630
883,rgb_07_09870.png,rgb_12_04080.png,1,1,125,48,0,397,202,1,0.2630
883,rgb_07_09870.png,rgb_12_04080.png,2,0,228,59,0,554,114,1,0.2630
884,rgb_05_06000.png,rgb_06_11880.png,0,0,560,143,0,428,271,0,0.2846
884,rgb_05_06000.png,rgb_06_11880.png,1,1,260,152,1,568,40,-1,0.2846
884,rgb_05_06000.png,rgb_06_11880.png,2,0,225,239,0,94,284,-1,0.2846
885,rgb_05_04140.png,rgb_11_06570.png,0,0,480,306,0,348,135,-1,0.2285
885,rgb_05_04140.png,rgb_11_06570.png,1,0,217,48,0,111,270,1,0.2285
885,rgb_05_04140.png,rgb_11_06570.png,2,0,251,122,1,291,197,1,0.2285
886,rgb_03_12660.png,rgb_05_04260.png,0,0,451,225,0,288,255,0,0.2289
886,rgb_03_12660.png,rgb_05_04260.png,1,1,294,35,1,508,171,0,0.2289
886,rgb_03_12660.png,rgb_05_04260.png,2,1,105,202,1,114,72,-1,0.2289
887,rgb_04_07380.png,rgb_11_10770.png,0,1,380,194,0,562,286,1,0.0800
887,rgb_04_07380.png,rgb_11_10770.png,1,1,88,276,1,362,102,-1,0.0800
887,rgb_04_07380.png,rgb_11_10770.png,2,1,200,204,0,471,120,0,0.0800
888,rgb_02_01440.png,rgb_02_08520.png,0,1,331,163,0,260,147,0,0.2731
888,rgb_02_01440.png,rgb_02_08520.png,1,0,528,110,1,525,292,1,0.2731
888,rgb_02_01440.png,rgb_02_08520.png,2,0,365,210,1,202,99,-1,0.2731
889,rgb_07_09810.png,rgb_08_12270.png,0,1,82,313,1,240,225,0,0.1404
889,rgb_07_09810.png,rgb_08_12270.png,1,0,400,305,0,408,90,0,0.1404
889,rgb_07_09810.png,rgb_08_12270.png,2,1,414,163,0,505,69,-1,0.1404
890,rgb_03_06960.png,rgb_07_06270.png,0,0,502,199,1,205,208,-1,0.3070
890,rgb_03_06960.png,rgb_07_06270.png,1,1,320,184,1,151,303,0,0.3070
890,rgb_03_06960.png,rgb_07_06270.png,2,0,540,144,1,225,102,0,0.3070
891,rgb_04_00720.png,rgb_10_09480.png,0,1,400,78,0,480,69,0,0.1238
891,rgb_04_00720.png,rgb_10_09480.png,1,0,391,149,1,74,175,0,0.1238
891,rgb_04_00720.png,rgb_10_09480.png,2,1,317,221,0,105,101,-1,0.1238
892,rgb_08_10590.png,rgb_12_08340.png,0,1,362,316,1,137,38,-1,0.2134
892,rgb_08_10590.png,rgb_12_08340.png,1,1,248,189,0,337,298,-1,0.2134
892,rgb_08_10590.png,rgb_12_08340.png,2,1,308,86,1,514,86,0,0.2134
893,rgb_06_10500.png,rgb_09_07620.png,0,1,468,126,0,342,303,1,0.0776
893,rgb_06_10500.png,rgb_09_07620.png,1,1,68,292,1,571,102,0,0.0776
893,rgb_06_10500.png,rgb_09_07620.png,2,1,505,281,0,491,102,-1,0.0776
894,rgb_02_06960.png,rgb_12_01800.png,0,0,102,123,1,365,315,1,0.0560
894,rgb_02_06960.png,rgb_12_01800.png,1,0,180,45,1,74,75,0,0.0560
894,rgb_02_06960.png,rgb_12_01800.png,2,0,285,102,0,360,290,0,0.0560
895,rgb_03_08760.png,rgb_11_08670.png,0,0,222,199,0,242,91,-1,0.1326
895,rgb_03_08760.png,rgb_11_08670.png,1,1,74,70,0,202,252,1,0.1326
895,rgb_03_08760.png,rgb_11_08670.png,2,1,217,298,1,277,114,-1,0.1326
896,rgb_01_01440.png,rgb_08_05370.png,0,0,445,56,1,511,43,0,0.1275
896,rgb_01_01440.png,rgb_08_05370.png,1,1,311,290,1,208,154,0,0.1275
896,rgb_01_01440.png,rgb_08_05370.png,2,0,62,298,1,180,210,-1,0.1275
897,rgb_03_04920.png,rgb_07_07290.png,0,0,454,126,1,534,167,0,0.1848
897,rgb_03_04920.png,rgb_07_07290.png,1,1,180,271,1,488,51,-1,0.1848
897,rgb_03_04920.png,rgb_07_07290.png,2,1,111,91,1,471,123,1,0.1848
898,rgb_08_02730.png,rgb_08_07650.png,0,0,360,207,0,445,199,0,0.3989
898,rgb_08_02730.png,rgb_08_07650.png,1,1,322,210,1,234,258,0,0.3989
898,rgb_08_02730.png,rgb_08_07650.png,2,1,62,57,1,511,233,1,0.3989
899,rgb_01_02040.png,rgb_04_13500.png,0,0,222,218,1,485,213,-1,0.3862
899,rgb_01_02040.png,rgb_04_13500.png,1,0,80,253,1,231,75,-1,0.3862
899,rgb_01_02040.png,rgb_04_13500.png,2,0,122,104,1,357,120,0,0.3862
900,rgb_07_00750.png,rgb_11_01830.png,0,1,545,144,1,220,51,-1,0.1896
900,rgb_07_00750.png,rgb_11_01830.png,1,0,182,260,1,65,204,0,0.1896
900,rgb_07_00750.png,rgb_11_01830.png,2,0,571,170,1,311,77,-1,0.1896
901,rgb_01_00420.png,rgb_03_07920.png,0,1,74,253,1,157,83,-1,0.0904
901,rgb_01_00420.png,rgb_03_07920.png,1,1,451,323,0,188,102,-1,0.0904
901,rgb_01_00420.png,rgb_03_07920.png,2,1,511,62,1,554,241,1,0.0904
902,rgb_10_02040.png,rgb_10_02460.png,0,0,248,212,1,288,298,0,0.1624
902,rgb_10_02040.png,rgb_10_02460.png,1,1,197,200,0,297,138,0,0.1624
902,rgb_10_02040.png,rgb_10_02460.png,2,1,422,188,0,211,56,-1,0.1624
903,rgb_06_01680.png,rgb_08_06450.png,0,1,474,315,0,468,139,-1,0.0668
903,rgb_06_01680.png,rgb_08_06450.png,1,1,337,128,0,465,200,0,0.0668
903,rgb_06_01680.png,rgb_08_06450.png,2,0,151,199,0,388,117,-1,0.0668
904,rgb_04_05940.png,rgb_09_12240.png,0,1,445,265,1,137,192,0,0.4357
904,rgb_04_05940.png,rgb_09_12240.png,1,1,522,51,0,531,152,1,0.4357
904,rgb_04_05940.png,rgb_09_12240.png,2,0,485,56,0,251,120,1,0.4357
905,rgb_08_00990.png,rgb_10_07320.png,0,1,528,48,1,297,77,0,0.1375
905,rgb_08_00990.png,rgb_10_07320.png,1,0,357,178,1,471,323,0,0.1375
905,rgb_08_00990.png,rgb_10_07320.png,2,1,80,239,0,477,163,1,0.1375
906,rgb_01_02100.png,rgb_08_05310.png,0,0,177,80,1,74,250,-1,0.1042
906,rgb_01_02100.png,rgb_08_05310.png,1,0,485,200,0,408,83,-1,0.1042
906,rgb_01_02100.png,rgb_08_05310.png,2,0,288,261,1,571,200,-1,0.1042
907,rgb_05_03180.png,rgb_05_03840.png,0,0,114,233,0,228,310,1,0.1129
907,rgb_05_03180.png,rgb_05_03840.png,1,1,251,260,1,71,77,-1,0.1129
907,rgb_05_03180.png,rgb_05_03840.png,2,1,400,101,0,422,242,1,0.1129
908,rgb_06_13380.png,rgb_10_05460.png,0,1,568,311,0,442,94,-1,0.0204
908,rgb_06_13380.png,rgb_10_05460.png,1,0,525,192,1,388,61,-1,0.0204
908,rgb_06_13380.png,rgb_10_05460.png,2,0,71,118,1,202,128,1,0.0204
909,rgb_03_09660.png,rgb_10_08040.png,0,0,74,189,1,205,313,0,0.1960
909,rgb_03_09660.png,rgb_10_08040.png,1,1,411,316,0,397,171,0,0.1960
909,rgb_03_09660.png,rgb_10_08040.png,2,1,154,207,0,451,81,-1,0.1960
910,rgb_12_02040.png,rgb_12_04560.png,0,1,485,244,1,157,115,-1,0.3599
910,rgb_12_02040.png,rgb_12_04560.png,1,1,134,213,1,285,258,0,0.3599
910,rgb_12_02040.png,rgb_12_04560.png,2,1,542,64,1,317,91,1,0.3599
911,rgb_06_12840.png,rgb_10_11580.png,0,0,565,268,0,177,38,0,0.0351
911,rgb_06_12840.png,rgb_10_11580.png,1,0,568,323,0,357,70,0,0.0351
911,rgb_06_12840.png,rgb_10_11580.png,2,1,142,207,0,208,286,1,0.0351
912,rgb_08_05010.png,rgb_12_00180.png,0,1,222,86,0,217,210,0,0.0983
912,rgb_08_05010.png,rgb_12_00180.png,1,0,500,202,0,62,321,-1,0.0983
912,rgb_08_05010.png,rgb_12_00180.png,2,0,68,199,0,174,135,-1,0.0983
913,rgb_06_12720.png,rgb_11_05850.png,0,1,431,149,1,71,90,-1,0.2050
913,rgb_06_12720.png,rgb_11_05850.png,1,1,302,260,1,431,234,0,0.2050
913,rgb_06_12720.png,rgb_11_05850.png,2,0,108,236,0,422,212,0,0.2050
914,rgb_07_06030.png,rgb_10_06720.png,0,1,160,315,1,360,122,-1,0.1502
914,rgb_07_06030.png,rgb_10_06720.png,1,0,168,88,0,314,221,0,0.1502
914,rgb_07_06030.png,rgb_10_06720.png,2,0,537,173,1,205,85,-1,0.1502
915,rgb_02_04620.png,rgb_02_06480.png,0,1,502,40,0,528,279,1,0.1258
915,rgb_02_04620.png,rgb_02_06480.png,1,0,297,218,1,74,90,-1,0.1258
915,rgb_02_04620.png,rgb_02_06480.png,2,1,542,167,0,351,294,0,0.1258
916,rgb_05_05340.png,rgb_09_01440.png,0,1,277,223,0,222,159,1,0.0459
916,rgb_05_05340.png,rgb_09_01440.png,1,1,148,162,0,451,257,1,0.0459
916,rgb_05_05340.png,rgb_09_01440.png,2,1,497,292,1,282,86,-1,0.0459
917,rgb_10_07740.png,rgb_12_08220.png,0,0,402,144,1,314,292,0,0.0731
917,rgb_10_07740.png,rgb_12_08220.png,1,1,128,106,1,500,49,0,0.0731
917,rgb_10_07740.png,rgb_12_08220.png,2,0,171,147,1,362,99,-1,0.0731
918,rgb_08_10710.png,rgb_11_09930.png,0,0,334,94,0,534,110,-1,0.3701
918,rgb_08_10710.png,rgb_11_09930.png,1,1,151,165,0,371,279,1,0.3701
918,rgb_08_10710.png,rgb_11_09930.png,2,0,520,252,0,85,300,0,0.3701
919,rgb_06_07140.png,rgb_10_10020.png,0,1,385,73,0,251,274,1,0.3384
919,rgb_06_07140.png,rgb_10_10020.png,1,1,425,188,0,360,245,1,0.3384
919,rgb_06_07140.png,rgb_10_10020.png,2,1,480,295,1,291,144,-1,0.3384
920,rgb_05_00840.png,rgb_08_01770.png,0,1,82,54,1,357,117,1,0.2534
920,rgb_05_00840.png,rgb_08_01770.png,1,0,494,197,1,522,236,1,0.2534
920,rgb_05_00840.png,rgb_08_01770.png,2,0,245,181,0,260,286,0,0.2534
921,rgb_02_11220.png,rgb_04_06660.png,0,1,274,236,1,385,141,-1,0.1747
921,rgb_02_11220.png,rgb_04_06660.png,1,0,422,45,1,114,65,0,0.1747
921,rgb_02_11220.png,rgb_04_06660.png,2,1,100,159,1,100,247,0,0.1747
922,rgb_02_06360.png,rgb_10_00900.png,0,1,245,284,0,397,281,0,0.2604
922,rgb_02_06360.png,rgb_10_00900.png,1,0,262,176,0,202,114,-1,0.2604
922,rgb_02_06360.png,rgb_10_00900.png,2,0,342,46,1,425,86,0,0.2604
923,rgb_08_12870.png,rgb_11_08250.png,0,0,480,120,0,131,237,0,0.3213
923,rgb_08_12870.png,rgb_11_08250.png,1,1,442,226,0,542,287,-1,0.3213
923,rgb_08_12870.png,rgb_11_08250.png,2,1,71,196,0,345,104,-1,0.3213
924,rgb_01_00900.png,rgb_04_02040.png,0,0,411,67,0,531,162,1,0.2793
924,rgb_01_00900.png,rgb_04_02040.png,1,0,108,192,0,297,117,-1,0.2793
924,rgb_01_00900.png,rgb_04_02040.png,2,1,448,284,1,308,112,0,0.2793
925,rgb_04_00300.png,rgb_05_02700.png,0,1,360,81,1,217,226,1,0.0347
925,rgb_04_00300.png,rgb_05_02700.png,1,0,80,93,0,508,286,1,0.0347
925,rgb_04_00300.png,rgb_05_02700.png,2,1,557,231,1,311,130,-1,0.0347
926,rgb_02_09240.png,rgb_12_04680.png,0,1,300,53,0,117,49,0,0.2694
926,rgb_02_09240.png,rgb_12_04680.png,1,1,331,274,0,548,72,-1,0.2694
926,rgb_02_09240.png,rgb_12_04680.png,2,0,502,146,1,511,181,-1,0.2694
927,rgb_09_01740.png,rgb_09_03720.png,0,0,225,213,0,240,43,-1,0.3956
927,rgb_09_01740.png,rgb_09_03720.png,1,0,408,268,0,288,252,0,0.3956
927,rgb_09_01740.png,rgb_09_03720.png,2,0,177,152,1,357,175,0,0.3956
928,rgb_11_09510.png,rgb_12_08160.png,0,1,471,157,0,531,107,-1,0.2826
928,rgb_11_09510.png,rgb_12_08160.png,1,0,174,274,0,91,289,0,0.2826
928,rgb_11_09510.png,rgb_12_08160.png,2,0,405,180,0,451,270,0,0.2826
929,rgb_03_00300.png,rgb_06_00180.png,0,0,548,255,0,397,40,-1,0.1971
929,rgb_03_00300.png,rgb_06_00180.png,1,1,457,252,0,105,120,-1,0.1971
929,rgb_03_00300.png,rgb_06_00180.png,2,1,565,135,0,348,278,1,0.1971
930,rgb_05_08280.png,rgb_06_03360.png,0,0,448,154,0,300,93,-1,0.0574
930,rgb_05_08280.png,rgb_06_03360.png,1,1,497,183,1,551,123,-1,0.0574
930,rgb_05_08280.png,rgb_06_03360.png,2,0,145,249,1,280,101,-1,0.0574
931,rgb_01_12060.png,rgb_02_06720.png,0,1,534,91,0,202,247,1,0.0996
931,rgb_01_12060.png,rgb_02_06720.png,1,1,405,38,1,151,281,1,0.0996
931,rgb_01_12060.png,rgb_02_06720.png,2,1,242,253,1,454,271,0,0.0996
932,rgb_05_02640.png,rgb_08_05730.png,0,0,300,123,0,385,316,1,0.0158
932,rgb_05_02640.png,rgb_08_05730.png,1,0,188,171,1,105,109,-1,0.0158
932,rgb_05_02640.png,rgb_08_05730.png,2,1,391,112,0,374,80,-1,0.0158
933,rgb_03_02280.png,rgb_03_11700.png,0,1,122,143,0,508,94,-1,0.0930
933,rgb_03_02280.png,rgb_03_11700.png,1,0,325,242,1,231,93,-1,0.0930
933,rgb_03_02280.png,rgb_03_11700.png,2,1,528,149,1,400,122,1,0.0930
934,rgb_08_05130.png,rgb_10_09420.png,0,1,65,110,0,102,233,1,0.2622
934,rgb_08_05130.png,rgb_10_09420.png,1,1,294,287,0,488,123,-1,0.2622
934,rgb_08_05130.png,rgb_10_09420.png,2,0,442,289,0,257,250,-1,0.2622
935,rgb_03_08640.png,rgb_08_05550.png,0,1,131,69,0,145,160,0,0.2543
935,rgb_03_08640.png,rgb_08_05550.png,1,1,328,75,0,471,199,1,0.2543
935,rgb_03_08640.png,rgb_08_05550.png,2,1,68,286,1,180,178,1,0.2543
936,rgb_04_13740.png,rgb_06_10860.png,0,1,314,286,0,394,91,-1,0.1794
936,rgb_04_13740.png,rgb_06_10860.png,1,1,480,160,0,457,131,0,0.1794
936,rgb_04_13740.png,rgb_06_10860.png,2,1,560,257,1,68,62,-1,0.1794
937,rgb_12_12120.png,rgb_12_12360.png,0,1,177,216,0,200,141,-1,0.0834
937,rgb_12_12120.png,rgb_12_12360.png,1,1,568,233,0,231,54,-1,0.0834
937,rgb_12_12120.png,rgb_12_12360.png,2,1,128,146,1,211,118,0,0.0834
938,rgb_02_00240.png,rgb_12_00540.png,0,1,574,133,1,337,93,0,0.3035
938,rgb_02_00240.png,rgb_12_00540.png,1,1,242,216,1,388,281,0,0.3035
938,rgb_02_00240.png,rgb_12_00540.png,2,1,88,276,0,277,223,0,0.3035
939,rgb_04_00360.png,rgb_11_06990.png,0,1,154,175,0,248,207,1,0.1390
939,rgb_04_00360.png,rgb_11_06990.png,1,1,105,107,0,280,321,1,0.1390
939,rgb_04_00360.png,rgb_11_06990.png,2,1,528,48,0,397,38,0,0.1390
940,rgb_05_04440.png,rgb_11_07650.png,0,1,425,96,0,485,186,1,0.1025
940,rgb_05_04440.png,rgb_11_07650.png,1,1,557,271,0,234,53,-1,0.1025
940,rgb_05_04440.png,rgb_11_07650.png,2,1,225,249,0,240,176,0,0.1025
941,rgb_01_00180.png,rgb_01_01620.png,0,0,217,242,0,211,130,0,0.2120
941,rgb_01_00180.png,rgb_01_01620.png,1,1,220,45,0,97,85,1,0.2120
941,rgb_01_00180.png,rgb_01_01620.png,2,0,102,311,1,97,109,0,0.2120
942,rgb_05_12060.png,rgb_10_10860.png,0,0,294,180,1,88,120,0,0.1741
942,rgb_05_12060.png,rgb_10_10860.png,1,1,477,199,0,391,70,-1,0.1741
942,rgb_05_12060.png,rgb_10_10860.png,2,0,534,245,0,325,107,0,0.1741
943,rgb_06_10200.png,rgb_12_08100.png,0,0,94,157,1,205,236,0,0.0926
943,rgb_06_10200.png,rgb_12_08100.png,1,1,534,51,1,65,70,0,0.0926
943,rgb_06_10200.png,rgb_12_08100.png,2,0,228,202,0,517,109,-1,0.0926
944,rgb_02_02160.png,rgb_07_03870.png,0,1,542,46,1,191,93,0,0.2352
944,rgb_02_02160.png,rgb_07_03870.png,1,0,528,53,0,125,123,1,0.2352
944,rgb_02_02160.png,rgb_07_03870.png,2,0,411,205,1,457,306,-1,0.2352
945,rgb_02_10980.png,rgb_12_07380.png,0,0,465,200,1,122,101,-1,0.1724
945,rgb_02_10980.png,rgb_12_07380.png,1,1,282,225,1,397,81,-1,0.1724
945,rgb_02_10980.png,rgb_12_07380.png,2,1,200,261,0,557,200,-1,0.1724
946,rgb_05_04560.png,rgb_06_10140.png,0,1,145,35,0,220,80,0,0.1826
946,rgb_05_04560.png,rgb_06_10140.png,1,1,242,229,0,494,173,1,0.1826
946,rgb_05_04560.png,rgb_06_10140.png,2,0,202,135,1,374,88,-1,0.1826
947,rgb_06_08160.png,rgb_12_09000.png,0,1,542,51,1,100,170,0,0.1664
947,rgb_06_08160.png,rgb_12_09000.png,1,1,474,241,0,511,178,-1,0.1664
947,rgb_06_08160.png,rgb_12_09000.png,2,1,442,72,1,408,281,1,0.1664
948,rgb_06_06060.png,rgb_12_12000.png,0,0,302,242,0,68,292,-1,0.1335
948,rgb_06_06060.png,rgb_12_12000.png,1,0,160,80,0,400,233,1,0.1335
948,rgb_06_06060.png,rgb_12_12000.png,2,0,348,94,0,511,204,1,0.1335
949,rgb_08_01290.png,rgb_09_03660.png,0,0,222,144,0,300,49,-1,0.2147
949,rgb_08_01290.png,rgb_09_03660.png,1,0,62,144,1,485,59,-1,0.2147
949,rgb_08_01290.png,rgb_09_03660.png,2,1,262,204,1,231,96,0,0.2147
950,rgb_07_05970.png,rgb_09_07920.png,0,0,348,305,1,248,72,-1,0.2037
950,rgb_07_05970.png,rgb_09_07920.png,1,0,477,292,0,405,167,0,0.2037
950,rgb_07_05970.png,rgb_09_07920.png,2,0,317,216,0,460,128,0,0.2037
951,rgb_01_12120.png,rgb_02_08400.png,0,0,468,49,1,214,81,0,0.1077
951,rgb_01_12120.png,rgb_02_08400.png,1,0,94,253,0,114,93,-1,0.1077
951,rgb_01_12120.png,rgb_02_08400.png,2,1,157,128,1,397,184,1,0.1077
952,rgb_08_02610.png,rgb_12_09900.png,0,1,197,147,0,554,278,1,0.2032
952,rgb_08_02610.png,rgb_12_09900.png,1,0,128,141,0,285,204,0,0.2032
952,rgb_08_02610.png,rgb_12_09900.png,2,1,302,122,0,154,311,1,0.2032
953,rgb_05_03300.png,rgb_09_04080.png,0,0,205,289,1,194,36,-1,0.0991
953,rgb_05_03300.png,rgb_09_04080.png,1,1,500,110,0,562,253,1,0.0991
953,rgb_05_03300.png,rgb_09_04080.png,2,0,111,294,0,174,77,-1,0.0991
954,rgb_05_00420.png,rgb_05_04980.png,0,1,462,135,0,140,102,0,0.1133
954,rgb_05_00420.png,rgb_05_04980.png,1,0,482,77,1,134,273,-1,0.1133
954,rgb_05_00420.png,rgb_05_04980.png,2,1,151,56,0,368,41,0,0.1133
955,rgb_04_03900.png,rgb_06_04080.png,0,0,371,228,1,408,191,0,0.3707
955,rgb_04_03900.png,rgb_06_04080.png,1,1,508,273,1,391,102,-1,0.3707
955,rgb_04_03900.png,rgb_06_04080.png,2,0,65,292,0,305,295,1,0.3707
956,rgb_03_05880.png,rgb_04_05460.png,0,0,408,88,1,297,155,1,0.0826
956,rgb_03_05880.png,rgb_04_05460.png,1,0,537,282,1,434,98,-1,0.0826
956,rgb_03_05880.png,rgb_04_05460.png,2,1,277,90,0,202,88,1,0.0826
957,rgb_07_05490.png,rgb_09_05760.png,0,0,197,123,1,440,310,-1,0.0176
957,rgb_07_05490.png,rgb_09_05760.png,1,0,305,273,0,265,57,-1,0.0176
957,rgb_07_05490.png,rgb_09_05760.png,2,0,528,85,1,328,274,0,0.0176
958,rgb_02_06420.png,rgb_04_02280.png,0,0,428,306,1,374,228,-1,0.2543
958,rgb_02_06420.png,rgb_04_02280.png,1,1,334,99,0,297,186,1,0.2543
958,rgb_02_06420.png,rgb_04_02280.png,2,1,408,136,0,185,237,0,0.2543
959,rgb_08_12090.png,rgb_11_01770.png,0,0,177,292,1,517,48,-1,0.2997
959,rgb_08_12090.png,rgb_11_01770.png,1,1,142,261,1,317,282,0,0.2997
959,rgb_08_12090.png,rgb_11_01770.png,2,1,545,98,0,131,102,0,0.2997
960,rgb_08_08310.png,rgb_10_13440.png,0,1,191,210,0,568,278,0,0.1322
960,rgb_08_08310.png,rgb_10_13440.png,1,0,560,176,1,551,236,1,0.1322
960,rgb_08_08310.png,rgb_10_13440.png,2,0,448,133,1,491,183,0,0.1322
961,rgb_03_03360.png,rgb_10_03060.png,0,0,297,117,1,177,253,-1,0.1529
961,rgb_03_03360.png,rgb_10_03060.png,1,1,91,233,0,237,270,0,0.1529
961,rgb_03_03360.png,rgb_10_03060.png,2,0,568,281,0,125,69,-1,0.1529
962,rgb_04_10560.png,rgb_08_06990.png,0,1,380,188,0,248,101,0,0.0999
962,rgb_04_10560.png,rgb_08_06990.png,1,1,128,88,0,500,165,1,0.0999
962,rgb_04_10560.png,rgb_08_06990.png,2,0,62,212,0,568,69,0,0.0999
963,rgb_03_10560.png,rgb_03_11100.png,0,1,231,234,0,537,274,0,0.5166
963,rgb_03_10560.png,rgb_03_11100.png,1,0,397,110,1,514,258,0,0.5166
963,rgb_03_10560.png,rgb_03_11100.png,2,0,117,136,0,171,221,0,0.5166
964,rgb_05_01260.png,rgb_05_13260.png,0,1,545,308,1,525,61,-1,0.0872
964,rgb_05_01260.png,rgb_05_13260.png,1,0,348,62,1,428,323,1,0.0872
964,rgb_05_01260.png,rgb_05_13260.png,2,1,351,99,0,91,273,1,0.0872
965,rgb_01_04740.png,rgb_12_11460.png,0,1,165,163,0,171,263,1,0.0824
965,rgb_01_04740.png,rgb_12_11460.png,1,1,571,171,1,448,226,1,0.0824
965,rgb_01_04740.png,rgb_12_11460.png,2,1,222,315,1,174,99,-1,0.0824
966,rgb_06_08460.png,rgb_10_02760.png,0,0,157,204,1,548,122,0,0.3229
966,rgb_06_08460.png,rgb_10_02760.png,1,1,248,99,0,385,279,1,0.3229
966,rgb_06_08460.png,rgb_10_02760.png,2,0,322,168,0,68,213,0,0.3229
967,rgb_05_10740.png,rgb_12_05580.png,0,1,317,212,1,420,93,-1,0.0867
967,rgb_05_10740.png,rgb_12_05580.png,1,0,511,54,1,305,99,1,0.0867
967,rgb_05_10740.png,rgb_12_05580.png,2,1,74,210,1,162,86,-1,0.0867
968,rgb_06_11220.png,rgb_09_05880.png,0,0,120,104,1,225,109,1,0.4038
968,rgb_06_11220.png,rgb_09_05880.png,1,1,477,191,0,468,321,-1,0.4038
968,rgb_06_11220.png,rgb_09_05880.png,2,0,428,197,0,534,53,-1,0.4038
969,rgb_02_12360.png,rgb_08_04590.png,0,1,165,64,0,242,59,0,0.4380
969,rgb_02_12360.png,rgb_08_04590.png,1,1,428,192,0,168,205,1,0.4380
969,rgb_02_12360.png,rgb_08_04590.png,2,0,345,223,0,422,43,-1,0.4380
970,rgb_03_04500.png,rgb_09_03900.png,0,0,534,225,0,540,144,0,0.3728
970,rgb_03_04500.png,rgb_09_03900.png,1,0,208,90,1,288,101,0,0.3728
970,rgb_03_04500.png,rgb_09_03900.png,2,1,425,75,0,320,181,1,0.3728
971,rgb_09_12900.png,rgb_12_12420.png,0,0,462,107,0,482,273,1,0.2155
971,rgb_09_12900.png,rgb_12_12420.png,1,0,205,139,1,511,48,-1,0.2155
971,rgb_09_12900.png,rgb_12_12420.png,2,1,205,181,1,265,279,0,0.2155
972,rgb_09_02160.png,rgb_09_09360.png,0,1,205,223,1,568,213,0,0.0961
972,rgb_09_02160.png,rgb_09_09360.png,1,0,171,162,1,431,38,-1,0.0961
972,rgb_09_02160.png,rgb_09_09360.png,2,0,371,136,0,251,204,0,0.0961
973,rgb_06_11280.png,rgb_11_07830.png,0,0,345,191,1,140,183,-1,0.1423
973,rgb_06_11280.png,rgb_11_07830.png,1,0,422,45,1,394,101,1,0.1423
973,rgb_06_11280.png,rgb_11_07830.png,2,1,228,237,1,431,302,1,0.1423
974,rgb_08_02370.png,rgb_08_05790.png,0,1,422,231,1,262,80,-1,0.1288
974,rgb_08_02370.png,rgb_08_05790.png,1,0,385,261,0,442,171,0,0.1288
974,rgb_08_02370.png,rgb_08_05790.png,2,0,111,94,0,288,294,1,0.1288
975,rgb_03_08400.png,rgb_08_04710.png,0,0,497,41,1,200,43,0,0.1029
975,rgb_03_08400.png,rgb_08_04710.png,1,0,274,297,0,288,102,-1,0.1029
975,rgb_03_08400.png,rgb_08_04710.png,2,1,537,94,0,197,109,0,0.1029
976,rgb_01_11580.png,rgb_11_07710.png,0,0,308,163,0,194,249,0,0.1519
976,rgb_01_11580.png,rgb_11_07710.png,1,1,242,122,1,365,282,1,0.1519
976,rgb_01_11580.png,rgb_11_07710.png,2,0,454,138,1,85,200,-1,0.1519
977,rgb_01_03840.png,rgb_05_11700.png,0,1,94,191,0,68,45,-1,0.1666
977,rgb_01_03840.png,rgb_05_11700.png,1,1,205,144,0,451,286,1,0.1666
977,rgb_01_03840.png,rgb_05_11700.png,2,0,257,252,1,248,292,0,0.1666
978,rgb_02_09720.png,rgb_08_02430.png,0,1,148,157,0,254,80,-1,0.2655
978,rgb_02_09720.png,rgb_08_02430.png,1,1,477,278,1,471,110,-1,0.2655
978,rgb_02_09720.png,rgb_08_02430.png,2,1,168,65,1,311,212,1,0.2655
979,rgb_06_09720.png,rgb_12_04200.png,0,0,437,183,1,428,110,-1,0.1068
979,rgb_06_09720.png,rgb_12_04200.png,1,0,474,54,1,65,104,0,0.1068
979,rgb_06_09720.png,rgb_12_04200.png,2,0,145,165,0,297,189,1,0.1068
980,rgb_04_09660.png,rgb_07_07890.png,0,1,540,141,0,117,125,-1,0.4147
980,rgb_04_09660.png,rgb_07_07890.png,1,0,91,36,1,382,163,1,0.4147
980,rgb_04_09660.png,rgb_07_07890.png,2,1,77,313,0,525,228,0,0.4147
981,rgb_01_00540.png,rgb_12_05520.png,0,1,514,192,0,517,43,-1,0.2408
981,rgb_01_00540.png,rgb_12_05520.png,1,1,148,160,0,488,223,0,0.2408
981,rgb_01_00540.png,rgb_12_05520.png,2,0,525,323,0,402,110,-1,0.2408
982,rgb_05_01380.png,rgb_07_00630.png,0,0,251,151,1,85,88,0,0.0932
982,rgb_05_01380.png,rgb_07_00630.png,1,1,77,36,1,557,120,1,0.0932
982,rgb_05_01380.png,rgb_07_00630.png,2,0,348,173,1,294,131,-1,0.0932
983,rgb_05_00900.png,rgb_11_13050.png,0,0,428,194,1,108,162,-1,0.0725
983,rgb_05_00900.png,rgb_11_13050.png,1,1,282,96,1,531,225,1,0.0725
983,rgb_05_00900.png,rgb_11_13050.png,2,0,534,43,1,457,162,1,0.0725
984,rgb_02_04740.png,rgb_06_13200.png,0,1,522,146,1,291,276,1,0.1911
984,rgb_02_04740.png,rgb_06_13200.png,1,0,480,253,0,294,244,0,0.1911
984,rgb_02_04740.png,rgb_06_13200.png,2,1,522,40,1,240,88,0,0.1911
985,rgb_03_11220.png,rgb_09_05460.png,0,1,171,149,0,497,311,1,0.1350
985,rgb_03_11220.png,rgb_09_05460.png,1,0,428,102,0,397,321,0,0.1350
985,rgb_03_11220.png,rgb_09_05460.png,2,1,300,126,0,94,276,0,0.1350
986,rgb_05_03540.png,rgb_10_07020.png,0,0,217,220,1,385,143,-1,0.1342
986,rgb_05_03540.png,rgb_10_07020.png,1,1,248,144,1,537,139,-1,0.1342
986,rgb_05_03540.png,rgb_10_07020.png,2,0,517,151,0,420,62,0,0.1342
987,rgb_04_04560.png,rgb_12_10560.png,0,1,400,313,1,302,265,0,0.4569
987,rgb_04_04560.png,rgb_12_10560.png,1,1,297,194,1,342,43,-1,0.4569
987,rgb_04_04560.png,rgb_12_10560.png,2,0,548,110,1,471,231,1,0.4569
988,rgb_09_04740.png,rgb_10_08280.png,0,0,265,133,1,225,146,1,0.2386
988,rgb_09_04740.png,rgb_10_08280.png,1,1,560,253,1,480,70,-1,0.2386
988,rgb_09_04740.png,rgb_10_08280.png,2,0,431,49,1,148,88,1,0.2386
989,rgb_06_01200.png,rgb_11_06810.png,0,0,522,180,0,565,120,-1,0.1168
989,rgb_06_01200.png,rgb_11_06810.png,1,1,365,303,1,97,104,-1,0.1168
989,rgb_06_01200.png,rgb_11_06810.png,2,1,88,303,0,125,225,1,0.1168
990,rgb_10_01740.png,rgb_10_03180.png,0,1,545,133,1,388,286,1,0.0253
990,rgb_10_01740.png,rgb_10_03180.png,1,1,528,194,0,100,247,1,0.0253
990,rgb_10_01740.png,rgb_10_03180.png,2,1,411,184,0,265,64,-1,0.0253
991,rgb_10_07800.png,rgb_11_08190.png,0,0,448,189,0,174,83,-1,0.0444
991,rgb_10_07800.png,rgb_11_08190.png,1,0,522,139,1,282,70,-1,0.0444
991,rgb_10_07800.png,rgb_11_08190.png,2,0,562,53,1,185,70,0,0.0444
992,rgb_04_03480.png,rgb_12_10800.png,0,0,365,154,1,77,196,-1,0.2579
992,rgb_04_03480.png,rgb_12_10800.png,1,1,477,110,0,188,278,1,0.2579
992,rgb_04_03480.png,rgb_12_10800.png,2,1,517,208,1,254,114,-1,0.2579
993,rgb_02_05880.png,rgb_03_12600.png,0,1,548,99,1,451,270,1,0.1884
993,rgb_02_05880.png,rgb_03_12600.png,1,1,425,162,1,211,101,-1,0.1884
993,rgb_02_05880.png,rgb_03_12600.png,2,1,228,46,1,477,56,0,0.1884
994,rgb_05_07860.png,rgb_06_05400.png,0,0,225,237,1,348,64,-1,0.2728
994,rgb_05_07860.png,rgb_06_05400.png,1,0,211,93,1,262,77,0,0.2728
994,rgb_05_07860.png,rgb_06_05400.png,2,1,128,183,1,391,316,0,0.2728
995,rgb_01_11940.png,rgb_02_09900.png,0,0,337,85,0,140,65,0,0.4062
995,rgb_01_11940.png,rgb_02_09900.png,1,1,177,257,0,334,204,0,0.4062
995,rgb_01_11940.png,rgb_02_09900.png,2,1,162,117,0,394,270,1,0.4062
996,rgb_03_01560.png,rgb_09_02760.png,0,1,511,196,1,140,70,-1,0.0532
996,rgb_03_01560.png,rgb_09_02760.png,1,1,402,305,0,91,284,-1,0.0532
996,rgb_03_01560.png,rgb_09_02760.png,2,1,137,221,1,237,151,-1,0.0532
997,rgb_04_11400.png,rgb_06_12060.png,0,0,474,268,0,362,99,-1,0.1785
997,rgb_04_11400.png,rgb_06_12060.png,1,0,305,59,1,385,200,1,0.1785
997,rgb_04_11400.png,rgb_06_12060.png,2,0,191,143,1,560,159,1,0.1785
998,rgb_01_08340.png,rgb_04_04440.png,0,1,317,149,1,531,93,-1,0.1337
998,rgb_01_08340.png,rgb_04_04440.png,1,0,308,311,1,174,80,-1,0.1337
998,rgb_01_08340.png,rgb_04_04440.png,2,1,71,189,0,108,80,0,0.1337
999,rgb_09_05400.png,rgb_10_06060.png,0,0,254,268,0,71,69,-1,0.0945
999,rgb_09_05400.png,rgb_10_06060.png,1,0,431,157,1,345,91,-1,0.0945
999,rgb_09_05400.png,rgb_10_06060.png,2,1,348,176,0,502,213,0,0.0945
1000,rgb_11_13350.png,rgb_12_02460.png,0,0,82,180,1,388,284,1,0.0257
1000,rgb_11_13350.png,rgb_12_02460.png,1,1,405,38,1,100,91,0,0.0257
1000,rgb_11_13350.png,rgb_12_02460.png,2,1,574,302,0,445,59,-1,0.0257
1001,rgb_01_07260.png,rgb_06_13920.png,0,1,340,236,1,408,85,-1,0.1084
1001,rgb_01_07260.png,rgb_06_13920.png,1,0,248,167,0,248,62,-1,0.1084
1001,rgb_01_07260.png,rgb_06_13920.png,2,1,568,295,1,120,136,-1,0.1084
1002,rgb_07_00510.png,rgb_07_09270.png,0,0,522,94,1,148,298,1,0.3019
1002,rgb_07_00510.png,rgb_07_09270.png,1,1,528,115,1,360,45,-1,0.3019
1002,rgb_07_00510.png,rgb_07_09270.png,2,0,365,218,1,254,297,0,0.3019
1003,rgb_08_08190.png,rgb_10_13200.png,0,1,377,133,0,562,196,0,0.1672
1003,rgb_08_08190.png,rgb_10_13200.png,1,1,522,287,0,340,81,-1,0.1672
1003,rgb_08_08190.png,rgb_10_13200.png,2,1,245,184,0,194,94,-1,0.1672
1004,rgb_02_02940.png,rgb_08_06630.png,0,0,500,94,0,474,170,1,0.0780
1004,rgb_02_02940.png,rgb_08_06630.png,1,0,394,131,1,111,258,-1,0.0780
1004,rgb_02_02940.png,rgb_08_06630.png,2,1,77,135,0,97,303,1,0.0780
1005,rgb_06_10680.png,rgb_08_10050.png,0,0,120,61,0,514,120,0,0.0658
1005,rgb_06_10680.png,rgb_08_10050.png,1,1,268,106,1,205,279,0,0.0658
1005,rgb_06_10680.png,rgb_08_10050.png,2,0,402,143,1,560,133,-1,0.0658
1006,rgb_07_05370.png,rgb_12_00120.png,0,1,180,271,1,214,117,-1,0.0583
1006,rgb_07_05370.png,rgb_12_00120.png,1,0,74,49,1,294,96,1,0.0583
1006,rgb_07_05370.png,rgb_12_00120.png,2,1,345,290,0,234,123,-1,0.0583
1007,rgb_02_08340.png,rgb_03_09480.png,0,0,502,139,0,162,91,-1,0.1055
1007,rgb_02_08340.png,rgb_03_09480.png,1,0,571,83,1,411,83,1,0.1055
1007,rgb_02_08340.png,rgb_03_09480.png,2,1,528,167,0,331,287,0,0.1055
1008,rgb_07_03390.png,rgb_11_10410.png,0,0,360,117,0,217,131,-1,0.0620
1008,rgb_07_03390.png,rgb_11_10410.png,1,0,297,245,1,331,274,0,0.0620
1008,rgb_07_03390.png,rgb_11_10410.png,2,0,80,135,1,434,270,1,0.0620
1009,rgb_02_02520.png,rgb_11_00510.png,0,1,560,146,1,234,173,1,0.0466
1009,rgb_02_02520.png,rgb_11_00510.png,1,1,117,125,0,91,253,1,0.0466
1009,rgb_02_02520.png,rgb_11_00510.png,2,0,165,180,1,537,90,0,0.0466
1010,rgb_05_01740.png,rgb_09_06840.png,0,0,328,112,0,482,167,0,0.2844
1010,rgb_05_01740.png,rgb_09_06840.png,1,0,171,165,1,74,86,-1,0.2844
1010,rgb_05_01740.png,rgb_09_06840.png,2,1,388,180,0,160,77,-1,0.2844
1011,rgb_06_00840.png,rgb_11_03690.png,0,1,248,61,1,222,310,1,0.3409
1011,rgb_06_00840.png,rgb_11_03690.png,1,0,157,311,0,365,155,0,0.3409
1011,rgb_06_00840.png,rgb_11_03690.png,2,0,485,263,1,528,310,0,0.3409
1012,rgb_02_09180.png,rgb_08_00090.png,0,0,74,75,1,562,212,1,0.4760
1012,rgb_02_09180.png,rgb_08_00090.png,1,0,208,319,1,511,138,-1,0.4760
1012,rgb_02_09180.png,rgb_08_00090.png,2,0,554,236,1,357,160,0,0.4760
1013,rgb_04_05760.png,rgb_05_09360.png,0,0,571,99,1,471,207,1,0.1575
1013,rgb_04_05760.png,rgb_05_09360.png,1,1,88,86,1,517,112,1,0.1575
1013,rgb_04_05760.png,rgb_05_09360.png,2,1,405,109,1,325,253,1,0.1575
1014,rgb_06_13260.png,rgb_08_12330.png,0,1,508,311,1,545,186,-1,0.2669
1014,rgb_06_13260.png,rgb_08_12330.png,1,1,105,289,1,348,61,-1,0.2669
1014,rgb_06_13260.png,rgb_08_12330.png,2,1,217,229,0,202,165,-1,0.2669
1015,rgb_02_09420.png,rgb_05_07200.png,0,1,528,94,0,477,226,1,0.1029
1015,rgb_02_09420.png,rgb_05_07200.png,1,1,288,102,0,260,77,-1,0.1029
1015,rgb_02_09420.png,rgb_05_07200.png,2,1,300,308,1,137,125,-1,0.1029
1016,rgb_01_12360.png,rgb_04_04200.png,0,0,222,175,1,220,152,0,0.3499
1016,rgb_01_12360.png,rgb_04_04200.png,1,0,560,208,0,571,106,-1,0.3499
1016,rgb_01_12360.png,rgb_04_04200.png,2,1,485,323,0,545,38,-1,0.3499
1017,rgb_01_07200.png,rgb_12_05400.png,0,0,440,242,0,565,102,0,0.2561
1017,rgb_01_07200.png,rgb_12_05400.png,1,1,568,93,0,374,297,1,0.2561
1017,rgb_01_07200.png,rgb_12_05400.png,2,1,351,131,0,445,176,1,0.2561
1018,rgb_01_06900.png,rgb_08_01170.png,0,1,411,289,1,560,122,-1,0.2064
1018,rgb_01_06900.png,rgb_08_01170.png,1,1,237,81,0,571,53,-1,0.2064
1018,rgb_01_06900.png,rgb_08_01170.png,2,1,480,323,0,322,270,0,0.2064
1019,rgb_02_07260.png,rgb_04_08880.png,0,1,488,178,0,408,207,1,0.0229
1019,rgb_02_07260.png,rgb_04_08880.png,1,1,294,146,1,148,91,-1,0.0229
1019,rgb_02_07260.png,rgb_04_08880.png,2,0,182,99,1,411,278,1,0.0229
1020,rgb_03_04740.png,rgb_07_07710.png,0,1,351,144,0,522,101,-1,0.0691
1020,rgb_03_04740.png,rgb_07_07710.png,1,1,451,231,0,371,96,0,0.0691
1020,rgb_03_04740.png,rgb_07_07710.png,2,1,451,173,1,294,290,0,0.0691
1021,rgb_02_13260.png,rgb_10_07860.png,0,1,368,316,1,488,141,0,0.0858
1021,rgb_02_13260.png,rgb_10_07860.png,1,1,514,202,0,200,159,1,0.0858
1021,rgb_02_13260.png,rgb_10_07860.png,2,0,217,56,0,437,170,1,0.0858
1022,rgb_09_06960.png,rgb_12_04140.png,0,1,402,154,1,428,94,-1,0.1078
1022,rgb_09_06960.png,rgb_12_04140.png,1,0,108,126,1,100,115,0,0.1078
1022,rgb_09_06960.png,rgb_12_04140.png,2,1,248,101,0,537,225,1,0.1078
1023,rgb_04_06120.png,rgb_07_07350.png,0,1,354,93,0,522,62,0,0.4031
1023,rgb_04_06120.png,rgb_07_07350.png,1,1,148,268,1,528,290,0,0.4031
1023,rgb_04_06120.png,rgb_07_07350.png,2,0,374,110,1,537,90,-1,0.4031
1024,rgb_06_06420.png,rgb_11_10830.png,0,1,257,155,0,77,178,1,0.2253
1024,rgb_06_06420.png,rgb_11_10830.png,1,1,440,110,1,425,200,0,0.2253
1024,rgb_06_06420.png,rgb_11_10830.png,2,1,214,284,0,302,249,1,0.2253
1025,rgb_09_02280.png,rgb_10_01920.png,0,0,514,313,1,188,168,-1,0.2336
1025,rgb_09_02280.png,rgb_10_01920.png,1,1,388,175,0,160,117,0,0.2336
1025,rgb_09_02280.png,rgb_10_01920.png,2,0,185,196,1,280,73,-1,0.2336
1026,rgb_02_03120.png,rgb_04_05520.png,0,0,437,266,0,188,78,-1,0.1725
1026,rgb_02_03120.png,rgb_04_05520.png,1,1,411,130,1,211,93,-1,0.1725
1026,rgb_02_03120.png,rgb_04_05520.png,2,0,374,176,0,551,109,-1,0.1725
1027,rgb_08_13110.png,rgb_11_04470.png,0,0,88,202,1,488,223,0,0.1705
1027,rgb_08_13110.png,rgb_11_04470.png,1,1,228,278,0,240,289,0,0.1705
1027,rgb_08_13110.png,rgb_11_04470.png,2,0,320,157,1,157,69,-1,0.1705
1028,rgb_03_11520.png,rgb_06_11340.png,0,0,542,220,1,354,104,0,0.0723
1028,rgb_03_11520.png,rgb_06_11340.png,1,0,191,118,1,451,101,-1,0.0723
1028,rgb_03_11520.png,rgb_06_11340.png,2,0,180,318,1,245,154,-1,0.0723
1029,rgb_09_03840.png,rgb_09_09480.png,0,1,557,93,0,111,115,0,0.3377
1029,rgb_09_03840.png,rgb_09_09480.png,1,1,225,252,1,457,265,0,0.3377
1029,rgb_09_03840.png,rgb_09_09480.png,2,0,337,94,1,402,117,1,0.3377
1030,rgb_06_00540.png,rgb_12_02700.png,0,0,382,316,1,234,112,-1,0.2853
1030,rgb_06_00540.png,rgb_12_02700.png,1,0,454,281,0,457,165,-1,0.2853
1030,rgb_06_00540.png,rgb_12_02700.png,2,1,145,237,0,228,265,0,0.2853
1031,rgb_02_05760.png,rgb_04_09360.png,0,0,205,252,1,251,48,-1,0.2598
1031,rgb_02_05760.png,rgb_04_09360.png,1,1,385,318,0,291,218,0,0.2598
1031,rgb_02_05760.png,rgb_04_09360.png,2,1,168,252,0,517,287,0,0.2598
1032,rgb_02_13140.png,rgb_12_11280.png,0,1,322,118,0,62,106,-1,0.0372
1032,rgb_02_13140.png,rgb_12_11280.png,1,1,151,120,0,271,38,-1,0.0372
1032,rgb_02_13140.png,rgb_12_11280.png,2,0,217,96,0,237,323,1,0.0372
1033,rgb_02_00060.png,rgb_06_04260.png,0,0,117,59,1,391,144,0,0.2118
1033,rgb_02_00060.png,rgb_06_04260.png,1,1,325,218,1,291,144,0,0.2118
1033,rgb_02_00060.png,rgb_06_04260.png,2,1,545,247,0,77,231,0,0.2118
1034,rgb_04_05220.png,rgb_10_09660.png,0,1,282,80,0,234,35,-1,0.0861
1034,rgb_04_05220.png,rgb_10_09660.png,1,0,337,46,0,214,178,1,0.0861
1034,rgb_04_05220.png,rgb_10_09660.png,2,0,357,316,1,174,143,-1,0.0861
1035,rgb_10_01680.png,rgb_11_06210.png,0,1,105,225,0,445,258,0,0.3064
1035,rgb_10_01680.png,rgb_11_06210.png,1,0,545,260,1,402,160,0,0.3064
1035,rgb_10_01680.png,rgb_11_06210.png,2,1,137,282,1,360,54,-1,0.3064
1036,rgb_01_04320.png,rgb_10_11760.png,0,1,277,72,1,120,94,1,0.1261
1036,rgb_01_04320.png,rgb_10_11760.png,1,1,537,231,0,171,236,1,0.1261
1036,rgb_01_04320.png,rgb_10_11760.png,2,1,325,178,0,351,306,0,0.1261
1037,rgb_01_11760.png,rgb_02_04260.png,0,1,437,265,0,322,282,0,0.4162
1037,rgb_01_11760.png,rgb_02_04260.png,1,0,262,94,1,262,146,1,0.4162
1037,rgb_01_11760.png,rgb_02_04260.png,2,1,508,130,1,200,315,1,0.4162
1038,rgb_04_09600.png,rgb_09_04200.png,0,1,168,189,0,151,289,0,0.2790
1038,rgb_04_09600.png,rgb_09_04200.png,1,0,314,86,0,454,237,1,0.2790
1038,rgb_04_09600.png,rgb_09_04200.png,2,1,420,126,0,94,75,-1,0.2790
1039,rgb_09_09900.png,rgb_12_03000.png,0,0,91,220,1,114,86,-1,0.1660
1039,rgb_09_09900.png,rgb_12_03000.png,1,1,365,168,0,340,69,-1,0.1660
1039,rgb_09_09900.png,rgb_12_03000.png,2,0,354,192,0,568,151,0,0.1660
1040,rgb_08_07710.png,rgb_11_10890.png,0,0,154,265,0,251,263,0,0.4119
1040,rgb_08_07710.png,rgb_11_10890.png,1,0,382,274,1,545,90,-1,0.4119
1040,rgb_08_07710.png,rgb_11_10890.png,2,1,422,233,0,400,141,1,0.4119
1041,rgb_06_06600.png,rgb_11_10290.png,0,1,397,143,1,531,120,-1,0.0460
1041,rgb_06_06600.png,rgb_11_10290.png,1,1,568,65,1,182,43,0,0.0460
1041,rgb_06_06600.png,rgb_11_10290.png,2,1,180,146,0,425,234,0,0.0460
1042,rgb_02_01200.png,rgb_05_06060.png,0,1,391,96,1,134,207,1,0.1939
1042,rgb_02_01200.png,rgb_05_06060.png,1,1,325,295,1,168,107,-1,0.1939
1042,rgb_02_01200.png,rgb_05_06060.png,2,0,454,297,1,537,75,-1,0.1939
1043,rgb_01_04440.png,rgb_12_11640.png,0,1,225,318,0,320,155,0,0.1868
1043,rgb_01_04440.png,rgb_12_11640.png,1,1,82,221,0,485,180,1,0.1868
1043,rgb_01_04440.png,rgb_12_11640.png,2,0,397,183,1,154,36,-1,0.1868
1044,rgb_05_01980.png,rgb_07_03150.png,0,0,251,241,0,197,135,-1,0.1051
1044,rgb_05_01980.png,rgb_07_03150.png,1,0,288,162,0,374,147,0,0.1051
1044,rgb_05_01980.png,rgb_07_03150.png,2,1,374,191,0,345,228,0,0.1051
1045,rgb_06_10560.png,rgb_10_04680.png,0,1,414,77,1,108,202,1,0.2666
1045,rgb_06_10560.png,rgb_10_04680.png,1,0,357,223,0,211,287,0,0.2666
1045,rgb_06_10560.png,rgb_10_04680.png,2,1,111,286,0,297,279,0,0.2666
1046,rgb_01_06240.png,rgb_05_11760.png,0,1,551,98,1,168,278,1,0.1235
1046,rgb_01_06240.png,rgb_05_11760.png,1,1,460,35,1,542,184,1,0.1235
1046,rgb_01_06240.png,rgb_05_11760.png,2,0,525,200,1,102,86,-1,0.1235
1047,rgb_03_08820.png,rgb_05_06180.png,0,1,325,136,0,285,96,-1,0.0897
1047,rgb_03_08820.png,rgb_05_06180.png,1,1,231,96,0,334,197,1,0.0897
1047,rgb_03_08820.png,rgb_05_06180.png,2,1,85,270,0,180,93,-1,0.0897
1048,rgb_05_00300.png,rgb_11_01950.png,0,1,65,62,1,194,207,1,0.1231
1048,rgb_05_00300.png,rgb_11_01950.png,1,0,242,86,1,280,57,-1,0.1231
1048,rgb_05_00300.png,rgb_11_01950.png,2,1,534,260,1,151,93,-1,0.1231
1049,rgb_07_07230.png,rgb_10_01260.png,0,1,365,57,0,242,294,1,0.1837
1049,rgb_07_07230.png,rgb_10_01260.png,1,1,262,171,1,97,126,-1,0.1837
1049,rgb_07_07230.png,rgb_10_01260.png,2,0,100,208,0,205,125,-1,0.1837
1050,rgb_01_12240.png,rgb_11_01110.png,0,0,562,170,0,325,207,0,0.3289
1050,rgb_01_12240.png,rgb_11_01110.png,1,1,305,61,1,142,96,1,0.3289
1050,rgb_01_12240.png,rgb_11_01110.png,2,0,254,110,0,274,49,0,0.3289
1051,rgb_03_12240.png,rgb_07_07590.png,0,0,100,69,0,322,167,1,0.3179
1051,rgb_03_12240.png,rgb_07_07590.png,1,1,174,112,0,205,160,1,0.3179
1051,rgb_03_12240.png,rgb_07_07590.png,2,1,354,171,1,448,167,0,0.3179
1052,rgb_01_05520.png,rgb_12_02100.png,0,0,222,101,0,200,35,-1,0.4400
1052,rgb_01_05520.png,rgb_12_02100.png,1,0,565,83,1,237,268,1,0.4400
1052,rgb_01_05520.png,rgb_12_02100.png,2,1,168,223,1,202,316,1,0.4400
1053,rgb_09_01680.png,rgb_10_10560.png,0,0,142,136,1,334,260,1,0.1321
1053,rgb_09_01680.png,rgb_10_10560.png,1,1,62,239,1,248,114,-1,0.1321
1053,rgb_09_01680.png,rgb_10_10560.png,2,0,488,279,1,371,90,-1,0.1321
1054,rgb_01_09840.png,rgb_07_02910.png,0,1,85,94,0,351,318,1,0.0333
1054,rgb_01_09840.png,rgb_07_02910.png,1,1,517,319,0,434,204,0,0.0333
1054,rgb_01_09840.png,rgb_07_02910.png,2,0,405,65,1,214,260,1,0.0333
1055,rgb_01_01320.png,rgb_12_03720.png,0,1,354,194,1,154,106,-1,0.1943
1055,rgb_01_01320.png,rgb_12_03720.png,1,1,400,38,0,377,225,1,0.1943
1055,rgb_01_01320.png,rgb_12_03720.png,2,1,377,292,0,345,315,0,0.1943
1056,rgb_01_02760.png,rgb_01_12420.png,0,0,317,72,0,108,196,1,0.1860
1056,rgb_01_02760.png,rgb_01_12420.png,1,0,520,65,0,377,189,1,0.1860
1056,rgb_01_02760.png,rgb_01_12420.png,2,1,414,120,0,202,255,0,0.1860
1057,rgb_03_11580.png,rgb_11_03150.png,0,1,165,107,0,242,261,1,0.1177
1057,rgb_03_11580.png,rgb_11_03150.png,1,0,351,78,1,234,160,1,0.1177
1057,rgb_03_11580.png,rgb_11_03150.png,2,0,314,226,0,222,122,-1,0.1177
1058,rgb_01_11640.png,rgb_10_08580.png,0,1,340,263,0,205,239,1,0.1258
1058,rgb_01_11640.png,rgb_10_08580.png,1,1,414,194,0,534,216,0,0.1258
1058,rgb_01_11640.png,rgb_10_08580.png,2,0,214,41,1,285,69,0,0.1258
1059,rgb_01_09780.png,rgb_05_10140.png,0,1,257,244,0,391,204,1,0.1766
1059,rgb_01_09780.png,rgb_05_10140.png,1,1,514,120,1,248,319,1,0.1766
1059,rgb_01_09780.png,rgb_05_10140.png,2,0,491,65,1,337,223,1,0.1766
1060,rgb_08_12570.png,rgb_10_10680.png,0,1,394,62,1,551,122,1,0.1464
1060,rgb_08_12570.png,rgb_10_10680.png,1,0,451,180,0,185,146,-1,0.1464
1060,rgb_08_12570.png,rgb_10_10680.png,2,0,80,191,1,445,297,1,0.1464
1061,rgb_02_11820.png,rgb_04_03540.png,0,0,354,200,1,522,308,-1,0.0608
1061,rgb_02_11820.png,rgb_04_03540.png,1,1,454,120,0,537,78,1,0.0608
1061,rgb_02_11820.png,rgb_04_03540.png,2,0,360,321,0,454,61,-1,0.0608
1062,rgb_08_00150.png,rgb_10_06960.png,0,1,534,266,0,497,252,-1,0.2154
1062,rgb_08_00150.png,rgb_10_06960.png,1,0,531,155,1,282,271,-1,0.2154
1062,rgb_08_00150.png,rgb_10_06960.png,2,0,325,178,0,442,118,0,0.2154
1063,rgb_09_08100.png,rgb_10_00060.png,0,0,220,281,1,317,154,-1,0.2101
1063,rgb_09_08100.png,rgb_10_00060.png,1,1,557,284,1,140,117,-1,0.2101
1063,rgb_09_08100.png,rgb_10_00060.png,2,1,68,284,1,491,62,-1,0.2101
1064,rgb_03_12180.png,rgb_09_04440.png,0,1,325,181,1,122,57,-1,0.1887
1064,rgb_03_12180.png,rgb_09_04440.png,1,1,442,118,1,420,200,1,0.1887
1064,rgb_03_12180.png,rgb_09_04440.png,2,0,71,311,1,68,216,-1,0.1887
1065,rgb_06_07620.png,rgb_11_12030.png,0,1,217,131,1,520,196,0,0.3633
1065,rgb_06_07620.png,rgb_11_12030.png,1,0,168,306,0,488,287,0,0.3633
1065,rgb_06_07620.png,rgb_11_12030.png,2,0,537,104,1,502,253,0,0.3633
1066,rgb_03_03240.png,rgb_12_10680.png,0,0,320,180,0,457,221,0,0.4049
1066,rgb_03_03240.png,rgb_12_10680.png,1,1,242,274,0,500,96,-1,0.4049
1066,rgb_03_03240.png,rgb_12_10680.png,2,0,297,294,0,111,178,0,0.4049
1067,rgb_02_09960.png,rgb_06_13500.png,0,1,385,260,1,471,136,-1,0.2189
1067,rgb_02_09960.png,rgb_06_13500.png,1,0,291,229,1,165,78,-1,0.2189
1067,rgb_02_09960.png,rgb_06_13500.png,2,0,505,228,0,185,114,-1,0.2189
1068,rgb_01_06840.png,rgb_04_12240.png,0,0,354,204,1,551,273,0,0.4115
1068,rgb_01_06840.png,rgb_04_12240.png,1,0,560,245,0,437,261,0,0.4115
1068,rgb_01_06840.png,rgb_04_12240.png,2,0,448,154,1,382,117,-1,0.4115
1069,rgb_03_05040.png,rgb_12_03420.png,0,1,291,118,0,305,104,1,0.2154
1069,rgb_03_05040.png,rgb_12_03420.png,1,1,222,202,0,248,191,0,0.2154
1069,rgb_03_05040.png,rgb_12_03420.png,2,1,262,294,0,197,244,0,0.2154
1070,rgb_01_11280.png,rgb_10_00540.png,0,0,134,284,1,171,286,-1,0.3115
1070,rgb_01_11280.png,rgb_10_00540.png,1,1,545,168,1,182,70,-1,0.3115
1070,rgb_01_11280.png,rgb_10_00540.png,2,0,228,104,1,537,117,-1,0.3115
1071,rgb_04_09480.png,rgb_06_06360.png,0,0,468,241,0,91,118,-1,0.4130
1071,rgb_04_09480.png,rgb_06_06360.png,1,1,94,305,1,125,85,-1,0.4130
1071,rgb_04_09480.png,rgb_06_06360.png,2,1,365,268,1,320,152,-1,0.4130
1072,rgb_08_02310.png,rgb_08_12450.png,0,0,220,101,1,462,77,-1,0.3236
1072,rgb_08_02310.png,rgb_08_12450.png,1,1,482,273,0,251,51,-1,0.3236
1072,rgb_08_02310.png,rgb_08_12450.png,2,0,480,154,1,291,213,1,0.3236
1073,rgb_02_08280.png,rgb_09_06660.png,0,0,200,101,1,411,265,1,0.0561
1073,rgb_02_08280.png,rgb_09_06660.png,1,1,300,90,0,362,122,1,0.0561
1073,rgb_02_08280.png,rgb_09_06660.png,2,1,71,36,0,154,144,1,0.0561
1074,rgb_06_04680.png,rgb_08_09810.png,0,0,394,210,1,451,189,1,0.1042
1074,rgb_06_04680.png,rgb_08_09810.png,1,0,80,45,0,522,223,1,0.1042
1074,rgb_06_04680.png,rgb_08_09810.png,2,1,480,35,1,202,75,1,0.1042
1075,rgb_01_05100.png,rgb_07_01290.png,0,1,245,93,1,440,78,-1,0.1551
1075,rgb_01_05100.png,rgb_07_01290.png,1,0,97,303,0,220,109,1,0.1551
1075,rgb_01_05100.png,rgb_07_01290.png,2,0,277,38,0,382,160,1,0.1551
1076,rgb_06_10620.png,rgb_09_10380.png,0,0,360,311,1,471,315,0,0.1549
1076,rgb_06_10620.png,rgb_09_10380.png,1,1,311,101,0,571,287,1,0.1549
1076,rgb_06_10620.png,rgb_09_10380.png,2,1,242,284,1,194,98,-1,0.1549
1077,rgb_01_09540.png,rgb_04_13320.png,0,1,140,64,0,88,122,1,0.1814
1077,rgb_01_09540.png,rgb_04_13320.png,1,1,354,168,0,508,57,-1,0.1814
1077,rgb_01_09540.png,rgb_04_13320.png,2,0,188,122,0,268,294,1,0.1814
1078,rgb_05_05400.png,rgb_10_03300.png,0,1,408,75,0,377,81,1,0.1721
1078,rgb_05_05400.png,rgb_10_03300.png,1,0,300,212,0,160,94,0,0.1721
1078,rgb_05_05400.png,rgb_10_03300.png,2,1,342,167,0,168,35,-1,0.1721
1079,rgb_05_07980.png,rgb_12_11100.png,0,1,488,323,1,80,143,-1,0.1937
1079,rgb_05_07980.png,rgb_12_11100.png,1,1,485,274,1,317,56,-1,0.1937
1079,rgb_05_07980.png,rgb_12_11100.png,2,0,414,67,1,408,75,-1,0.1937
1080,rgb_05_06540.png,rgb_07_04590.png,0,0,371,154,1,148,181,-1,0.2900
1080,rgb_05_06540.png,rgb_07_04590.png,1,0,368,247,1,520,290,0,0.2900
1080,rgb_05_06540.png,rgb_07_04590.png,2,1,262,168,1,108,126,-1,0.2900
1081,rgb_06_12000.png,rgb_08_11310.png,0,1,148,239,0,231,313,0,0.1229
1081,rgb_06_12000.png,rgb_08_11310.png,1,0,268,136,1,514,94,-1,0.1229
1081,rgb_06_12000.png,rgb_08_11310.png,2,0,71,282,0,228,258,1,0.1229
1082,rgb_08_03030.png,rgb_09_07800.png,0,1,414,102,0,414,120,-1,0.0586
1082,rgb_08_03030.png,rgb_09_07800.png,1,0,185,149,1,85,268,1,0.0586
1082,rgb_08_03030.png,rgb_09_07800.png,2,1,531,300,0,211,93,-1,0.0586
1083,rgb_03_10680.png,rgb_04_08100.png,0,0,300,152,1,77,123,-1,0.1033
1083,rgb_03_10680.png,rgb_04_08100.png,1,0,105,41,1,362,284,1,0.1033
1083,rgb_03_10680.png,rgb_04_08100.png,2,1,82,41,0,442,80,1,0.1033
1084,rgb_05_00120.png,rgb_10_12420.png,0,0,434,255,1,568,279,0,0.1076
1084,rgb_05_00120.png,rgb_10_12420.png,1,0,268,266,0,162,78,-1,0.1076
1084,rgb_05_00120.png,rgb_10_12420.png,2,0,80,199,1,100,107,0,0.1076
1085,rgb_09_06600.png,rgb_12_03600.png,0,0,174,139,1,182,67,-1,0.0084
1085,rgb_09_06600.png,rgb_12_03600.png,1,0,257,220,1,68,86,0,0.0084
1085,rgb_09_06600.png,rgb_12_03600.png,2,0,317,163,1,314,83,-1,0.0084
1086,rgb_04_07680.png,rgb_10_08940.png,0,0,300,141,1,317,96,0,0.1398
1086,rgb_04_07680.png,rgb_10_08940.png,1,1,140,122,1,442,271,1,0.1398
1086,rgb_04_07680.png,rgb_10_08940.png,2,1,151,210,1,560,115,-1,0.1398
1087,rgb_12_02880.png,rgb_12_12480.png,0,0,354,151,1,554,65,-1,0.0818
1087,rgb_12_02880.png,rgb_12_12480.png,1,1,422,144,0,294,205,0,0.0818
1087,rgb_12_02880.png,rgb_12_12480.png,2,1,437,250,0,117,72,-1,0.0818
1088,rgb_03_09780.png,rgb_11_04230.png,0,0,97,93,0,205,316,1,0.2608
1088,rgb_03_09780.png,rgb_11_04230.png,1,0,437,183,0,505,136,0,0.2608
1088,rgb_03_09780.png,rgb_11_04230.png,2,1,517,99,1,305,77,0,0.2608
1089,rgb_08_00630.png,rgb_10_00720.png,0,1,548,126,1,557,36,-1,0.0743
1089,rgb_08_00630.png,rgb_10_00720.png,1,1,285,273,0,320,126,-1,0.0743
1089,rgb_08_00630.png,rgb_10_00720.png,2,1,182,162,1,288,123,-1,0.0743
1090,rgb_01_09300.png,rgb_05_05460.png,0,1,402,253,0,494,144,1,0.1488
1090,rgb_01_09300.png,rgb_05_05460.png,1,0,291,244,1,342,99,-1,0.1488
1090,rgb_01_09300.png,rgb_05_05460.png,2,1,205,258,1,194,78,-1,0.1488
1091,rgb_02_03060.png,rgb_12_04620.png,0,0,385,77,0,94,65,0,0.1281
1091,rgb_02_03060.png,rgb_12_04620.png,1,0,325,157,0,185,67,-1,0.1281
1091,rgb_02_03060.png,rgb_12_04620.png,2,1,414,281,0,411,139,0,0.1281
1092,rgb_01_10980.png,rgb_12_03060.png,0,1,448,141,0,545,157,1,0.1166
1092,rgb_01_10980.png,rgb_12_03060.png,1,0,471,200,0,485,77,0,0.1166
1092,rgb_01_10980.png,rgb_12_03060.png,2,1,414,255,0,328,197,0,0.1166
1093,rgb_03_02160.png,rgb_07_05430.png,0,0,268,316,0,391,102,-1,0.1683
1093,rgb_03_02160.png,rgb_07_05430.png,1,0,368,323,1,354,93,-1,0.1683
1093,rgb_03_02160.png,rgb_07_05430.png,2,1,500,99,1,382,197,1,0.1683
1094,rgb_03_08100.png,rgb_04_02880.png,0,1,417,181,0,371,165,0,0.0117
1094,rgb_03_08100.png,rgb_04_02880.png,1,1,242,133,1,511,258,1,0.0117
1094,rgb_03_08100.png,rgb_04_02880.png,2,1,374,139,0,282,178,1,0.0117
1095,rgb_01_07440.png,rgb_11_06030.png,0,0,145,181,0,428,226,1,0.1391
1095,rgb_01_07440.png,rgb_11_06030.png,1,1,320,125,1,405,216,0,0.1391
1095,rgb_01_07440.png,rgb_11_06030.png,2,0,265,75,1,382,271,1,0.1391
1096,rgb_01_03540.png,rgb_02_09300.png,0,1,117,260,0,365,257,0,0.3866
1096,rgb_01_03540.png,rgb_02_09300.png,1,0,560,294,1,380,186,0,0.3866
1096,rgb_01_03540.png,rgb_02_09300.png,2,0,180,65,1,480,292,1,0.3866
1097,rgb_08_01950.png,rgb_10_06840.png,0,0,217,135,1,157,290,0,0.1847
1097,rgb_08_01950.png,rgb_10_06840.png,1,0,214,244,0,240,194,0,0.1847
1097,rgb_08_01950.png,rgb_10_06840.png,2,0,317,247,1,240,117,-1,0.1847
1098,rgb_03_02400.png,rgb_10_03480.png,0,0,180,220,0,108,102,-1,0.1271
1098,rgb_03_02400.png,rgb_10_03480.png,1,0,165,151,1,385,276,1,0.1271
1098,rgb_03_02400.png,rgb_10_03480.png,2,1,185,155,0,251,146,1,0.1271
1099,rgb_04_02520.png,rgb_06_06660.png,0,1,562,173,1,117,151,0,0.4625
1099,rgb_04_02520.png,rgb_06_06660.png,1,0,128,294,1,265,154,-1,0.4625
1099,rgb_04_02520.png,rgb_06_06660.png,2,0,394,107,1,502,118,-1,0.4625
1100,rgb_03_08040.png,rgb_11_06630.png,0,1,177,290,0,291,247,1,0.1216
1100,rgb_03_08040.png,rgb_11_06630.png,1,1,177,155,1,397,319,0,0.1216
1100,rgb_03_08040.png,rgb_11_06630.png,2,0,177,38,1,560,123,1,0.1216
1101,rgb_05_00240.png,rgb_11_05910.png,0,1,277,184,1,145,104,-1,0.0853
1101,rgb_05_00240.png,rgb_11_05910.png,1,0,114,216,0,234,139,1,0.0853
1101,rgb_05_00240.png,rgb_11_05910.png,2,0,365,85,1,360,56,-1,0.0853
1102,rgb_03_09300.png,rgb_08_01830.png,0,0,322,310,1,540,151,-1,0.2153
1102,rgb_03_09300.png,rgb_08_01830.png,1,1,151,62,1,442,98,1,0.2153
1102,rgb_03_09300.png,rgb_08_01830.png,2,1,277,321,0,365,199,0,0.2153
1103,rgb_04_09960.png,rgb_12_11820.png,0,0,237,290,1,480,218,0,0.3810
1103,rgb_04_09960.png,rgb_12_11820.png,1,1,260,258,1,200,138,-1,0.3810
1103,rgb_04_09960.png,rgb_12_11820.png,2,0,137,125,1,428,81,0,0.3810
1104,rgb_08_00210.png,rgb_11_09390.png,0,0,362,57,1,205,157,1,0.0701
1104,rgb_08_00210.png,rgb_11_09390.png,1,1,485,135,0,454,109,1,0.0701
1104,rgb_08_00210.png,rgb_11_09390.png,2,0,571,242,0,251,91,0,0.0701
1105,rgb_03_08520.png,rgb_03_12120.png,0,0,142,101,1,202,36,0,0.0288
1105,rgb_03_08520.png,rgb_03_12120.png,1,0,322,98,1,528,313,1,0.0288
1105,rgb_03_08520.png,rgb_03_12120.png,2,0,551,35,0,180,49,0,0.0288
1106,rgb_03_12480.png,rgb_10_06360.png,0,0,151,300,1,328,263,-1,0.3516
1106,rgb_03_12480.png,rgb_10_06360.png,1,0,414,318,1,431,167,-1,0.3516
1106,rgb_03_12480.png,rgb_10_06360.png,2,0,82,41,0,68,191,1,0.3516
1107,rgb_05_10980.png,rgb_08_10470.png,0,0,245,274,0,102,152,0,0.4546
1107,rgb_05_10980.png,rgb_08_10470.png,1,1,382,130,0,174,104,1,0.4546
1107,rgb_05_10980.png,rgb_08_10470.png,2,0,151,263,1,571,62,-1,0.4546
1108,rgb_03_07380.png,rgb_08_10290.png,0,1,417,294,0,374,168,1,0.2426
1108,rgb_03_07380.png,rgb_08_10290.png,1,1,460,151,1,242,86,-1,0.2426
1108,rgb_03_07380.png,rgb_08_10290.png,2,1,371,85,1,140,282,1,0.2426
1109,rgb_05_09060.png,rgb_08_01410.png,0,0,251,149,1,217,244,1,0.1940
1109,rgb_05_09060.png,rgb_08_01410.png,1,1,482,136,1,160,54,-1,0.1940
1109,rgb_05_09060.png,rgb_08_01410.png,2,0,188,194,1,262,155,1,0.1940
1110,rgb_10_13260.png,rgb_12_08280.png,0,1,471,215,0,517,233,-1,0.5179
1110,rgb_10_13260.png,rgb_12_08280.png,1,1,242,273,0,225,155,0,0.5179
1110,rgb_10_13260.png,rgb_12_08280.png,2,1,357,175,0,368,86,-1,0.5179
1111,rgb_02_10740.png,rgb_11_07590.png,0,0,534,192,0,480,59,-1,0.3068
1111,rgb_02_10740.png,rgb_11_07590.png,1,0,562,302,0,414,117,-1,0.3068
1111,rgb_02_10740.png,rgb_11_07590.png,2,0,537,128,1,494,35,-1,0.3068
1112,rgb_01_02220.png,rgb_04_13260.png,0,1,311,130,0,542,114,-1,0.1903
1112,rgb_01_02220.png,rgb_04_13260.png,1,1,188,90,0,300,306,1,0.1903
1112,rgb_01_02220.png,rgb_04_13260.png,2,1,340,78,1,431,186,1,0.1903
1113,rgb_08_12630.png,rgb_09_03600.png,0,1,80,36,1,445,205,1,0.3027
1113,rgb_08_12630.png,rgb_09_03600.png,1,1,125,303,1,248,178,0,0.3027
1113,rgb_08_12630.png,rgb_09_03600.png,2,0,420,321,1,191,117,0,0.3027
1114,rgb_01_08220.png,rgb_03_10440.png,0,0,565,302,1,222,149,0,0.3499
1114,rgb_01_08220.png,rgb_03_10440.png,1,1,482,144,0,251,292,0,0.3499
1114,rgb_01_08220.png,rgb_03_10440.png,2,1,520,260,0,240,107,-1,0.3499
1115,rgb_05_06960.png,rgb_08_11970.png,0,0,91,245,0,368,205,1,0.0411
1115,rgb_05_06960.png,rgb_08_11970.png,1,1,471,133,0,105,154,1,0.0411
1115,rgb_05_06960.png,rgb_08_11970.png,2,1,128,290,0,185,136,-1,0.0411
1116,rgb_08_11430.png,rgb_11_02250.png,0,1,554,110,0,297,260,1,0.1761
1116,rgb_08_11430.png,rgb_11_02250.png,1,1,534,204,0,214,294,0,0.1761
1116,rgb_08_11430.png,rgb_11_02250.png,2,1,508,290,0,554,212,0,0.1761
1117,rgb_02_07860.png,rgb_03_05100.png,0,1,71,207,0,294,292,0,0.2056
1117,rgb_02_07860.png,rgb_03_05100.png,1,1,520,289,1,77,313,-1,0.2056
1117,rgb_02_07860.png,rgb_03_05100.png,2,1,120,54,1,508,200,1,0.2056
1118,rgb_06_04560.png,rgb_07_09450.png,0,0,125,106,1,214,300,1,0.1582
1118,rgb_06_04560.png,rgb_07_09450.png,1,0,525,98,1,354,157,1,0.1582
1118,rgb_06_04560.png,rgb_07_09450.png,2,0,140,56,1,185,99,1,0.1582
1119,rgb_01_12300.png,rgb_06_03420.png,0,1,268,122,1,282,295,1,0.0462
1119,rgb_01_12300.png,rgb_06_03420.png,1,1,140,149,0,394,99,-1,0.0462
1119,rgb_01_12300.png,rgb_06_03420.png,2,1,457,253,0,505,91,-1,0.0462
1120,rgb_03_07020.png,rgb_08_02910.png,0,1,168,176,1,131,276,0,0.1562
1120,rgb_03_07020.png,rgb_08_02910.png,1,0,171,202,1,488,268,1,0.1562
1120,rgb_03_07020.png,rgb_08_02910.png,2,1,188,85,1,260,173,1,0.1562
1121,rgb_03_07680.png,rgb_07_10410.png,0,0,105,35,0,108,96,0,0.1058
1121,rgb_03_07680.png,rgb_07_10410.png,1,1,505,189,0,277,313,0,0.1058
1121,rgb_03_07680.png,rgb_07_10410.png,2,1,522,123,1,248,69,-1,0.1058
1122,rgb_01_12660.png,rgb_09_11100.png,0,1,374,41,0,68,69,0,0.2000
1122,rgb_01_12660.png,rgb_09_11100.png,1,0,534,141,1,454,279,0,0.2000
1122,rgb_01_12660.png,rgb_09_11100.png,2,1,182,38,1,80,104,1,0.2000
1123,rgb_10_03780.png,rgb_11_05010.png,0,1,500,109,1,534,313,1,0.3296
1123,rgb_10_03780.png,rgb_11_05010.png,1,0,180,144,1,228,268,1,0.3296
1123,rgb_10_03780.png,rgb_11_05010.png,2,0,74,183,0,414,321,1,0.3296
1124,rgb_08_10950.png,rgb_11_12090.png,0,1,74,91,0,331,271,1,0.1719
1124,rgb_08_10950.png,rgb_11_12090.png,1,0,514,141,1,568,260,1,0.1719
1124,rgb_08_10950.png,rgb_11_12090.png,2,0,85,154,0,311,69,0,0.1719
1125,rgb_08_04230.png,rgb_09_10500.png,0,0,320,159,0,425,213,1,0.0622
1125,rgb_08_04230.png,rgb_09_10500.png,1,0,514,151,0,480,102,-1,0.0622
1125,rgb_08_04230.png,rgb_09_10500.png,2,0,157,216,1,125,311,0,0.0622
1126,rgb_05_13200.png,rgb_07_01410.png,0,0,508,73,0,488,229,-1,0.1781
1126,rgb_05_13200.png,rgb_07_01410.png,1,1,554,131,0,320,86,0,0.1781
1126,rgb_05_13200.png,rgb_07_01410.png,2,1,174,184,0,220,138,0,0.1781
1127,rgb_02_07500.png,rgb_09_10980.png,0,0,311,128,1,500,154,-1,0.2823
1127,rgb_02_07500.png,rgb_09_10980.png,1,0,162,321,0,551,107,-1,0.2823
1127,rgb_02_07500.png,rgb_09_10980.png,2,1,191,189,1,142,73,0,0.2823
1128,rgb_01_08700.png,rgb_04_07260.png,0,1,317,290,1,537,64,-1,0.1304
1128,rgb_01_08700.png,rgb_04_07260.png,1,0,300,104,0,225,160,1,0.1304
1128,rgb_01_08700.png,rgb_04_07260.png,2,1,251,239,1,462,162,0,0.1304
1129,rgb_03_02760.png,rgb_03_07200.png,0,0,477,36,1,451,146,0,0.0912
1129,rgb_03_02760.png,rgb_03_07200.png,1,1,514,239,1,202,110,-1,0.0912
1129,rgb_03_02760.png,rgb_03_07200.png,2,1,477,295,0,114,86,-1,0.0912
1130,rgb_05_12900.png,rgb_11_05970.png,0,0,342,122,0,222,268,1,0.1912
1130,rgb_05_12900.png,rgb_11_05970.png,1,1,448,83,0,534,205,1,0.1912
1130,rgb_05_12900.png,rgb_11_05970.png,2,1,557,279,1,188,107,0,0.1912
1131,rgb_07_06450.png,rgb_09_01560.png,0,0,560,64,1,137,69,0,0.0824
1131,rgb_07_06450.png,rgb_09_01560.png,1,1,282,139,0,174,86,-1,0.0824
1131,rgb_07_06450.png,rgb_09_01560.png,2,0,474,157,1,137,186,-1,0.0824
1132,rgb_09_12180.png,rgb_10_10080.png,0,0,548,109,1,254,255,1,0.2795
1132,rgb_09_12180.png,rgb_10_10080.png,1,1,557,86,0,134,91,-1,0.2795
1132,rgb_09_12180.png,rgb_10_10080.png,2,1,442,253,0,505,295,0,0.2795
1133,rgb_05_11580.png,rgb_07_00270.png,0,0,68,192,0,551,41,-1,0.0256
1133,rgb_05_11580.png,rgb_07_00270.png,1,0,134,157,0,302,41,-1,0.0256
1133,rgb_05_11580.png,rgb_07_00270.png,2,0,205,126,0,197,35,-1,0.0256
1134,rgb_02_01860.png,rgb_05_05100.png,0,0,231,253,1,488,163,-1,0.4377
1134,rgb_02_01860.png,rgb_05_05100.png,1,1,548,107,0,97,96,1,0.4377
1134,rgb_02_01860.png,rgb_05_05100.png,2,1,260,91,1,337,152,1,0.4377
1135,rgb_05_04020.png,rgb_10_07080.png,0,0,300,123,0,157,57,-1,0.0153
1135,rgb_05_04020.png,rgb_10_07080.png,1,0,568,98,0,197,229,1,0.0153
1135,rgb_05_04020.png,rgb_10_07080.png,2,0,420,81,1,91,176,1,0.0153
1136,rgb_04_01440.png,rgb_11_04410.png,0,0,320,249,0,388,81,-1,0.1431
1136,rgb_04_01440.png,rgb_11_04410.png,1,0,194,151,1,537,114,-1,0.1431
1136,rgb_04_01440.png,rgb_11_04410.png,2,1,454,157,0,120,289,0,0.1431
1137,rgb_04_00060.png,rgb_08_11250.png,0,1,357,131,1,160,311,1,0.4445
1137,rgb_04_00060.png,rgb_08_11250.png,1,0,537,123,1,257,139,-1,0.4445
1137,rgb_04_00060.png,rgb_08_11250.png,2,1,397,65,0,568,183,1,0.4445
1138,rgb_02_04020.png,rgb_12_04920.png,0,0,225,98,0,280,151,0,0.5321
1138,rgb_02_04020.png,rgb_12_04920.png,1,1,208,93,0,120,242,1,0.5321
1138,rgb_02_04020.png,rgb_12_04920.png,2,0,494,316,0,445,35,-1,0.5321
1139,rgb_03_06180.png,rgb_11_00150.png,0,0,428,183,0,554,114,-1,0.1312
1139,rgb_03_06180.png,rgb_11_00150.png,1,0,468,90,0,280,242,1,0.1312
1139,rgb_03_06180.png,rgb_11_00150.png,2,0,565,316,0,368,85,-1,0.1312
1140,rgb_01_09600.png,rgb_12_06720.png,0,0,402,241,0,154,131,-1,0.2797
1140,rgb_01_09600.png,rgb_12_06720.png,1,1,465,110,1,325,221,1,0.2797
1140,rgb_01_09600.png,rgb_12_06720.png,2,0,394,104,0,471,274,0,0.2797
1141,rgb_01_03480.png,rgb_04_08460.png,0,0,334,88,0,225,56,-1,0.2049
1141,rgb_01_03480.png,rgb_04_08460.png,1,1,148,202,0,391,197,0,0.2049
1141,rgb_01_03480.png,rgb_04_08460.png,2,0,468,151,1,491,176,-1,0.2049
1142,rgb_03_01200.png,rgb_09_02100.png,0,1,285,154,0,345,231,-1,0.2682
1142,rgb_03_01200.png,rgb_09_02100.png,1,1,177,167,1,285,305,1,0.2682
1142,rgb_03_01200.png,rgb_09_02100.png,2,0,74,54,0,451,178,1,0.2682
1143,rgb_06_13620.png,rgb_08_02010.png,0,1,117,268,0,382,126,-1,0.0977
1143,rgb_06_13620.png,rgb_08_02010.png,1,0,268,302,0,542,216,-1,0.0977
1143,rgb_06_13620.png,rgb_08_02010.png,2,1,134,157,1,220,247,1,0.0977
1144,rgb_02_02460.png,rgb_02_10680.png,0,0,148,144,0,465,48,0,0.0205
1144,rgb_02_02460.png,rgb_02_10680.png,1,0,148,70,1,420,61,1,0.0205
1144,rgb_02_02460.png,rgb_02_10680.png,2,1,234,61,0,205,207,1,0.0205
1145,rgb_01_11400.png,rgb_12_01860.png,0,1,148,45,1,174,106,0,0.2246
1145,rgb_01_11400.png,rgb_12_01860.png,1,1,68,75,1,94,298,0,0.2246
1145,rgb_01_11400.png,rgb_12_01860.png,2,1,134,186,1,425,244,1,0.2246
1146,rgb_03_01020.png,rgb_04_05880.png,0,0,420,289,0,428,75,-1,0.1662
1146,rgb_03_01020.png,rgb_04_05880.png,1,1,94,86,0,171,144,1,0.1662
1146,rgb_03_01020.png,rgb_04_05880.png,2,1,445,49,0,197,61,0,0.1662
1147,rgb_01_09720.png,rgb_03_03660.png,0,1,157,271,1,254,257,0,0.2631
1147,rgb_01_09720.png,rgb_03_03660.png,1,1,465,99,1,202,152,1,0.2631
1147,rgb_01_09720.png,rgb_03_03660.png,2,0,202,128,0,528,152,-1,0.2631
1148,rgb_05_07440.png,rgb_06_08220.png,0,1,282,163,0,448,196,-1,0.2348
1148,rgb_05_07440.png,rgb_06_08220.png,1,1,411,196,1,337,88,-1,0.2348
1148,rgb_05_07440.png,rgb_06_08220.png,2,1,240,226,1,488,85,-1,0.2348
1149,rgb_10_09540.png,rgb_12_11760.png,0,1,111,143,1,422,120,1,0.2192
1149,rgb_10_09540.png,rgb_12_11760.png,1,1,491,78,0,554,273,1,0.2192
1149,rgb_10_09540.png,rgb_12_11760.png,2,0,122,295,1,185,244,0,0.2192
1150,rgb_06_11700.png,rgb_11_09990.png,0,0,402,261,1,231,73,-1,0.4170
1150,rgb_06_11700.png,rgb_11_09990.png,1,1,162,231,1,160,110,-1,0.4170
1150,rgb_06_11700.png,rgb_11_09990.png,2,0,68,313,1,340,162,-1,0.4170
1151,rgb_07_10950.png,rgb_11_00810.png,0,1,322,313,1,242,110,-1,0.3278
1151,rgb_07_10950.png,rgb_11_00810.png,1,0,297,65,1,562,75,0,0.3278
1151,rgb_07_10950.png,rgb_11_00810.png,2,1,477,162,0,265,133,1,0.3278
1152,rgb_02_08760.png,rgb_09_02520.png,0,0,471,271,0,62,67,-1,0.1313
1152,rgb_02_08760.png,rgb_09_02520.png,1,0,342,233,1,445,133,-1,0.1313
1152,rgb_02_08760.png,rgb_09_02520.png,2,1,457,237,0,108,141,-1,0.1313
1153,rgb_06_07860.png,rgb_09_05640.png,0,0,217,239,1,494,115,0,0.2495
1153,rgb_06_07860.png,rgb_09_05640.png,1,0,65,226,1,371,257,1,0.2495
1153,rgb_06_07860.png,rgb_09_05640.png,2,1,180,93,0,522,188,1,0.2495
1154,rgb_07_01170.png,rgb_08_11190.png,0,1,111,216,1,402,120,0,0.0685
1154,rgb_07_01170.png,rgb_08_11190.png,1,1,480,189,1,228,128,-1,0.0685
1154,rgb_07_01170.png,rgb_08_11190.png,2,0,482,170,1,528,247,0,0.0685
1155,rgb_04_02460.png,rgb_09_04140.png,0,0,68,258,0,400,321,0,0.1747
1155,rgb_04_02460.png,rgb_09_04140.png,1,1,62,122,0,97,64,-1,0.1747
1155,rgb_04_02460.png,rgb_09_04140.png,2,0,314,36,1,394,73,0,0.1747
1156,rgb_10_08640.png,rgb_12_11340.png,0,0,228,115,0,445,225,0,0.2109
1156,rgb_10_08640.png,rgb_12_11340.png,1,1,405,120,0,328,270,1,0.2109
1156,rgb_10_08640.png,rgb_12_11340.png,2,0,508,45,1,562,146,0,0.2109
1157,rgb_02_13080.png,rgb_12_12300.png,0,1,545,298,0,368,144,1,0.1036
1157,rgb_02_13080.png,rgb_12_12300.png,1,0,137,157,1,448,311,0,0.1036
1157,rgb_02_13080.png,rgb_12_12300.png,2,0,371,258,0,274,72,-1,0.1036
1158,rgb_11_02130.png,rgb_11_08730.png,0,0,142,255,0,128,146,-1,0.1673
1158,rgb_11_02130.png,rgb_11_08730.png,1,1,88,46,1,62,181,0,0.1673
1158,rgb_11_02130.png,rgb_11_08730.png,2,1,251,261,1,305,316,0,0.1673
1159,rgb_06_09180.png,rgb_11_05550.png,0,0,420,143,0,288,287,0,0.1110
1159,rgb_06_09180.png,rgb_11_05550.png,1,0,114,90,1,174,144,1,0.1110
1159,rgb_06_09180.png,rgb_11_05550.png,2,1,540,110,1,494,199,0,0.1110
1160,rgb_04_08340.png,rgb_05_09960.png,0,1,320,69,0,360,200,1,0.2108
1160,rgb_04_08340.png,rgb_05_09960.png,1,0,565,163,0,182,289,1,0.2108
1160,rgb_04_08340.png,rgb_05_09960.png,2,1,365,196,1,480,141,0,0.2108
1161,rgb_02_04500.png,rgb_04_04800.png,0,1,445,65,1,77,110,1,0.1384
1161,rgb_02_04500.png,rgb_04_04800.png,1,1,454,223,0,560,110,-1,0.1384
1161,rgb_02_04500.png,rgb_04_04800.png,2,1,214,90,0,242,276,1,0.1384
1162,rgb_01_07080.png,rgb_02_12180.png,0,1,425,149,0,511,236,0,0.2115
1162,rgb_01_07080.png,rgb_02_12180.png,1,0,380,192,0,202,99,0,0.2115
1162,rgb_01_07080.png,rgb_02_12180.png,2,1,448,229,1,102,85,-1,0.2115
1163,rgb_09_04500.png,rgb_11_07050.png,0,1,88,263,0,280,138,-1,0.3892
1163,rgb_09_04500.png,rgb_11_07050.png,1,0,240,197,1,234,302,1,0.3892
1163,rgb_09_04500.png,rgb_11_07050.png,2,0,425,75,0,228,91,0,0.3892
1164,rgb_11_03030.png,rgb_12_03180.png,0,0,440,226,1,531,90,-1,0.2491
1164,rgb_11_03030.png,rgb_12_03180.png,1,0,317,204,1,394,73,-1,0.2491
1164,rgb_11_03030.png,rgb_12_03180.png,2,1,362,302,1,240,36,-1,0.2491
1165,rgb_01_03240.png,rgb_08_00450.png,0,1,328,43,0,317,306,1,0.4308
1165,rgb_01_03240.png,rgb_08_00450.png,1,0,68,286,0,331,96,0,0.4308
1165,rgb_01_03240.png,rgb_08_00450.png,2,0,522,130,0,477,258,0,0.4308
1166,rgb_10_04380.png,rgb_12_00060.png,0,0,142,106,0,385,98,-1,0.1985
1166,rgb_10_04380.png,rgb_12_00060.png,1,0,280,38,1,80,96,1,0.1985
1166,rgb_10_04380.png,rgb_12_00060.png,2,0,220,200,0,245,289,0,0.1985
1167,rgb_06_05520.png,rgb_06_10320.png,0,0,457,188,1,442,123,-1,0.4196
1167,rgb_06_05520.png,rgb_06_10320.png,1,0,120,104,0,314,118,1,0.4196
1167,rgb_06_05520.png,rgb_06_10320.png,2,1,177,311,0,68,49,-1,0.4196
1168,rgb_03_00240.png,rgb_06_06960.png,0,1,382,279,0,345,298,1,0.0508
1168,rgb_03_00240.png,rgb_06_06960.png,1,1,334,321,0,565,310,1,0.0508
1168,rgb_03_00240.png,rgb_06_06960.png,2,0,362,73,1,200,199,1,0.0508
1169,rgb_04_06900.png,rgb_06_11160.png,0,0,251,189,1,194,40,-1,0.3015
1169,rgb_04_06900.png,rgb_06_11160.png,1,1,400,194,1,245,216,-1,0.3015
1169,rgb_04_06900.png,rgb_06_11160.png,2,1,480,64,1,245,310,1,0.3015
1170,rgb_06_00060.png,rgb_10_11940.png,0,0,534,136,1,400,123,0,0.0299
1170,rgb_06_00060.png,rgb_10_11940.png,1,0,160,98,1,482,46,-1,0.0299
1170,rgb_06_00060.png,rgb_10_11940.png,2,1,137,138,1,294,286,1,0.0299
1171,rgb_02_10620.png,rgb_10_01380.png,0,0,251,131,0,240,218,1,0.1155
1171,rgb_02_10620.png,rgb_10_01380.png,1,1,71,154,0,505,51,-1,0.1155
1171,rgb_02_10620.png,rgb_10_01380.png,2,0,560,123,1,368,303,0,0.1155
1172,rgb_02_06000.png,rgb_05_03780.png,0,1,134,237,1,257,120,1,0.3692
1172,rgb_02_06000.png,rgb_05_03780.png,1,1,228,315,0,365,268,1,0.3692
1172,rgb_02_06000.png,rgb_05_03780.png,2,1,411,67,1,528,287,1,0.3692
1173,rgb_11_01590.png,rgb_11_04890.png,0,0,445,72,1,85,36,0,0.2178
1173,rgb_11_01590.png,rgb_11_04890.png,1,1,128,184,0,180,258,1,0.2178
1173,rgb_11_01590.png,rgb_11_04890.png,2,0,320,62,0,522,165,1,0.2178
1174,rgb_02_02640.png,rgb_12_05160.png,0,0,80,236,1,514,57,0,0.3030
1174,rgb_02_02640.png,rgb_12_05160.png,1,1,94,257,0,314,225,1,0.3030
1174,rgb_02_02640.png,rgb_12_05160.png,2,1,365,75,1,240,143,1,0.3030
1175,rgb_12_05460.png,rgb_12_08580.png,0,1,422,106,0,425,250,1,0.2990
1175,rgb_12_05460.png,rgb_12_08580.png,1,0,197,260,0,108,99,-1,0.2990
1175,rgb_12_05460.png,rgb_12_08580.png,2,0,562,163,0,297,101,-1,0.2990
1176,rgb_02_06300.png,rgb_09_10440.png,0,0,185,143,1,100,98,-1,0.3274
1176,rgb_02_06300.png,rgb_09_10440.png,1,1,197,101,0,525,72,0,0.3274
1176,rgb_02_06300.png,rgb_09_10440.png,2,1,182,221,1,517,138,-1,0.3274
1177,rgb_07_11190.png,rgb_12_08040.png,0,1,231,225,0,168,278,0,0.4247
1177,rgb_07_11190.png,rgb_12_08040.png,1,0,254,323,0,217,65,-1,0.4247
1177,rgb_07_11190.png,rgb_12_08040.png,2,0,228,189,0,374,247,0,0.4247
1178,rgb_05_01860.png,rgb_06_09840.png,0,1,191,152,1,77,85,-1,0.0625
1178,rgb_05_01860.png,rgb_06_09840.png,1,1,485,257,0,182,59,-1,0.0625
1178,rgb_05_01860.png,rgb_06_09840.png,2,1,94,151,0,345,186,1,0.0625
1179,rgb_08_07410.png,rgb_11_04650.png,0,1,160,184,0,268,90,-1,0.3272
1179,rgb_08_07410.png,rgb_11_04650.png,1,0,357,94,0,480,86,0,0.3272
1179,rgb_08_07410.png,rgb_11_04650.png,2,1,68,86,0,534,274,1,0.3272
1180,rgb_05_05280.png,rgb_09_00480.png,0,0,162,266,0,222,54,-1,0.3590
1180,rgb_05_05280.png,rgb_09_00480.png,1,0,562,173,0,368,215,1,0.3590
1180,rgb_05_05280.png,rgb_09_00480.png,2,0,442,188,1,165,200,0,0.3590
1181,rgb_03_04380.png,rgb_11_10050.png,0,1,257,38,1,411,300,1,0.2464
1181,rgb_03_04380.png,rgb_11_10050.png,1,0,528,181,1,234,306,1,0.2464
1181,rgb_03_04380.png,rgb_11_10050.png,2,1,511,41,1,302,80,1,0.2464
1182,rgb_10_03240.png,rgb_11_09750.png,0,1,111,207,0,331,83,-1,0.2550
1182,rgb_10_03240.png,rgb_11_09750.png,1,0,394,281,0,248,180,-1,0.2550
1182,rgb_10_03240.png,rgb_11_09750.png,2,1,371,276,0,497,73,-1,0.2550
1183,rgb_02_11640.png,rgb_06_00300.png,0,1,97,241,1,254,321,1,0.0379
1183,rgb_02_11640.png,rgb_06_00300.png,1,1,188,75,0,171,289,1,0.0379
1183,rgb_02_11640.png,rgb_06_00300.png,2,1,120,180,0,348,278,1,0.0379
1184,rgb_06_13740.png,rgb_10_09900.png,0,0,402,131,0,251,117,-1,0.2939
1184,rgb_06_13740.png,rgb_10_09900.png,1,0,397,231,1,71,35,-1,0.2939
1184,rgb_06_13740.png,rgb_10_09900.png,2,0,120,216,0,482,96,-1,0.2939
1185,rgb_05_00960.png,rgb_08_12030.png,0,1,205,170,1,68,189,-1,0.0894
1185,rgb_05_00960.png,rgb_08_12030.png,1,1,548,302,0,440,99,-1,0.0894
1185,rgb_05_00960.png,rgb_08_12030.png,2,1,402,308,1,300,110,-1,0.0894
1186,rgb_03_02580.png,rgb_12_06000.png,0,0,480,173,0,80,236,-1,0.1212
1186,rgb_03_02580.png,rgb_12_06000.png,1,0,140,273,0,257,96,-1,0.1212
1186,rgb_03_02580.png,rgb_12_06000.png,2,0,108,86,0,562,303,1,0.1212
1187,rgb_11_02730.png,rgb_12_07800.png,0,0,520,160,1,222,49,-1,0.3784
1187,rgb_11_02730.png,rgb_12_07800.png,1,0,508,48,0,168,213,1,0.3784
1187,rgb_11_02730.png,rgb_12_07800.png,2,1,331,64,0,394,247,1,0.3784
1188,rgb_05_02340.png,rgb_11_03750.png,0,0,371,208,1,68,72,0,0.2038
1188,rgb_05_02340.png,rgb_11_03750.png,1,0,217,220,0,225,154,-1,0.2038
1188,rgb_05_02340.png,rgb_11_03750.png,2,0,485,110,0,465,321,1,0.2038
1189,rgb_04_13200.png,rgb_06_09360.png,0,0,448,102,1,340,196,1,0.2154
1189,rgb_04_13200.png,rgb_06_09360.png,1,1,365,252,0,271,101,-1,0.2154
1189,rgb_04_13200.png,rgb_06_09360.png,2,1,251,286,1,245,56,-1,0.2154
1190,rgb_05_08520.png,rgb_09_10920.png,0,1,268,242,1,500,109,0,0.0885
1190,rgb_05_08520.png,rgb_09_10920.png,1,1,557,146,0,488,200,1,0.0885
1190,rgb_05_08520.png,rgb_09_10920.png,2,1,374,73,1,97,323,1,0.0885
1191,rgb_02_08100.png,rgb_07_02670.png,0,1,200,168,1,494,101,-1,0.1653
1191,rgb_02_08100.png,rgb_07_02670.png,1,0,480,212,1,497,274,-1,0.1653
1191,rgb_02_08100.png,rgb_07_02670.png,2,1,180,260,0,485,159,0,0.1653
1192,rgb_02_03000.png,rgb_04_10200.png,0,0,248,226,0,374,200,0,0.2781
1192,rgb_02_03000.png,rgb_04_10200.png,1,0,234,171,0,80,85,-1,0.2781
1192,rgb_02_03000.png,rgb_04_10200.png,2,1,531,287,1,374,319,0,0.2781
1193,rgb_05_01620.png,rgb_10_04740.png,0,0,328,173,1,340,252,0,0.1078
1193,rgb_05_01620.png,rgb_10_04740.png,1,0,140,91,1,425,263,1,0.1078
1193,rgb_05_01620.png,rgb_10_04740.png,2,0,451,274,1,120,80,-1,0.1078
1194,rgb_06_03840.png,rgb_10_04560.png,0,1,111,114,1,362,270,1,0.2097
1194,rgb_06_03840.png,rgb_10_04560.png,1,0,82,318,1,265,199,1,0.2097
1194,rgb_06_03840.png,rgb_10_04560.png,2,1,140,298,1,257,292,0,0.2097
1195,rgb_05_11400.png,rgb_11_08610.png,0,1,128,123,1,445,36,0,0.0843
1195,rgb_05_11400.png,rgb_11_08610.png,1,0,397,237,0,214,135,-1,0.0843
1195,rgb_05_11400.png,rgb_11_08610.png,2,1,488,191,1,242,315,1,0.0843
1196,rgb_05_12000.png,rgb_10_07980.png,0,1,380,228,1,362,152,0,0.3026
1196,rgb_05_12000.png,rgb_10_07980.png,1,1,77,191,0,282,43,-1,0.3026
1196,rgb_05_12000.png,rgb_10_07980.png,2,1,545,239,0,182,147,1,0.3026
1197,rgb_01_03120.png,rgb_08_00390.png,0,0,428,99,1,80,284,1,0.1671
1197,rgb_01_03120.png,rgb_08_00390.png,1,0,502,163,1,471,270,-1,0.1671
1197,rgb_01_03120.png,rgb_08_00390.png,2,0,248,49,1,114,220,1,0.1671
1198,rgb_06_11100.png,rgb_07_02310.png,0,0,371,237,0,425,83,-1,0.3049
1198,rgb_06_11100.png,rgb_07_02310.png,1,0,291,40,0,520,152,1,0.3049
1198,rgb_06_11100.png,rgb_07_02310.png,2,1,62,151,0,271,244,0,0.3049
1199,rgb_08_09090.png,rgb_09_12000.png,0,1,500,154,0,94,54,-1,0.0624
1199,rgb_08_09090.png,rgb_09_12000.png,1,1,465,241,0,131,101,-1,0.0624
1199,rgb_08_09090.png,rgb_09_12000.png,2,1,405,149,1,65,114,-1,0.0624
1200,rgb_03_00840.png,rgb_06_03060.png,0,0,468,261,1,357,210,-1,0.2687
1200,rgb_03_00840.png,rgb_06_03060.png,1,0,225,70,0,248,287,1,0.2687
1200,rgb_03_00840.png,rgb_06_03060.png,2,1,320,308,1,474,199,0,0.2687
1201,rgb_05_09120.png,rgb_11_05070.png,0,0,128,255,0,474,221,-1,0.3054
1201,rgb_05_09120.png,rgb_11_05070.png,1,0,568,117,0,140,93,-1,0.3054
1201,rgb_05_09120.png,rgb_11_05070.png,2,0,217,125,1,205,297,1,0.3054
1202,rgb_04_09840.png,rgb_09_08880.png,0,1,340,165,0,154,104,-1,0.2673
1202,rgb_04_09840.png,rgb_09_08880.png,1,0,340,61,0,360,207,1,0.2673
1202,rgb_04_09840.png,rgb_09_08880.png,2,1,402,65,0,117,204,1,0.2673
1203,rgb_04_06720.png,rgb_06_11640.png,0,1,142,228,1,360,197,0,0.4405
1203,rgb_04_06720.png,rgb_06_11640.png,1,0,460,159,0,305,41,-1,0.4405
1203,rgb_04_06720.png,rgb_06_11640.png,2,1,428,125,1,485,311,1,0.4405
1204,rgb_02_00420.png,rgb_02_01620.png,0,0,508,70,1,382,290,1,0.3380
1204,rgb_02_00420.png,rgb_02_01620.png,1,0,511,200,1,511,321,0,0.3380
1204,rgb_02_00420.png,rgb_02_01620.png,2,1,565,173,1,208,49,-1,0.3380
1205,rgb_06_07800.png,rgb_08_08010.png,0,1,268,115,0,382,274,1,0.2643
1205,rgb_06_07800.png,rgb_08_08010.png,1,0,437,165,1,311,321,1,0.2643
1205,rgb_06_07800.png,rgb_08_08010.png,2,1,257,204,1,154,118,0,0.2643
1206,rgb_09_03420.png,rgb_11_00330.png,0,0,511,266,1,545,81,-1,0.1077
1206,rgb_09_03420.png,rgb_11_00330.png,1,1,222,117,1,208,292,0,0.1077
1206,rgb_09_03420.png,rgb_11_00330.png,2,0,362,268,0,574,96,-1,0.1077
1207,rgb_02_04440.png,rgb_05_08820.png,0,1,457,308,1,77,64,-1,0.1443
1207,rgb_02_04440.png,rgb_05_08820.png,1,0,168,306,0,188,107,-1,0.1443
1207,rgb_02_04440.png,rgb_05_08820.png,2,0,288,109,0,188,51,-1,0.1443
1208,rgb_01_05340.png,rgb_03_13140.png,0,1,482,233,1,334,83,0,0.3277
1208,rgb_01_05340.png,rgb_03_13140.png,1,1,411,165,0,342,45,-1,0.3277
1208,rgb_01_05340.png,rgb_03_13140.png,2,1,348,268,0,542,91,-1,0.3277
1209,rgb_06_02160.png,rgb_09_08640.png,0,0,62,188,0,385,191,0,0.3119
1209,rgb_06_02160.png,rgb_09_08640.png,1,0,517,323,1,111,94,-1,0.3119
1209,rgb_06_02160.png,rgb_09_08640.png,2,1,254,160,0,445,276,0,0.3119
1210,rgb_09_12120.png,rgb_10_10140.png,0,0,231,200,1,131,292,0,0.2915
1210,rgb_09_12120.png,rgb_10_10140.png,1,0,345,104,1,80,212,1,0.2915
1210,rgb_09_12120.png,rgb_10_10140.png,2,1,237,155,1,517,221,1,0.2915
1211,rgb_03_03120.png,rgb_12_06960.png,0,0,231,323,1,557,316,-1,0.0640
1211,rgb_03_03120.png,rgb_12_06960.png,1,0,108,85,1,394,310,1,0.0640
1211,rgb_03_03120.png,rgb_12_06960.png,2,1,294,242,0,317,311,1,0.0640
1212,rgb_08_06210.png,rgb_08_11490.png,0,0,280,91,0,520,199,1,0.5115
1212,rgb_08_06210.png,rgb_08_11490.png,1,0,560,117,1,345,51,0,0.5115
1212,rgb_08_06210.png,rgb_08_11490.png,2,0,300,181,1,322,239,0,0.5115
1213,rgb_03_09720.png,rgb_08_00930.png,0,0,285,290,1,485,173,-1,0.1201
1213,rgb_03_09720.png,rgb_08_00930.png,1,1,251,85,0,251,53,-1,0.1201
1213,rgb_03_09720.png,rgb_08_00930.png,2,1,182,114,0,331,184,1,0.1201
1214,rgb_04_09000.png,rgb_11_11610.png,0,1,185,274,1,171,131,-1,0.0586
1214,rgb_04_09000.png,rgb_11_11610.png,1,1,154,83,0,111,122,1,0.0586
1214,rgb_04_09000.png,rgb_11_11610.png,2,0,242,143,1,148,194,-1,0.0586
1215,rgb_07_09330.png,rgb_12_06240.png,0,0,220,286,1,468,131,-1,0.1059
1215,rgb_07_09330.png,rgb_12_06240.png,1,1,462,192,0,405,93,-1,0.1059
1215,rgb_07_09330.png,rgb_12_06240.png,2,0,137,120,0,500,62,-1,0.1059
1216,rgb_04_08580.png,rgb_09_06780.png,0,0,337,298,1,471,315,0,0.4705
1216,rgb_04_08580.png,rgb_09_06780.png,1,0,328,200,1,300,253,-1,0.4705
1216,rgb_04_08580.png,rgb_09_06780.png,2,0,451,315,0,385,162,0,0.4705
1217,rgb_04_12060.png,rgb_06_11580.png,0,1,85,212,1,485,128,-1,0.2652
1217,rgb_04_12060.png,rgb_06_11580.png,1,0,542,263,1,348,144,1,0.2652
1217,rgb_04_12060.png,rgb_06_11580.png,2,1,80,143,1,497,303,0,0.2652
1218,rgb_11_00990.png,rgb_12_01200.png,0,0,337,225,1,517,258,0,0.2480
1218,rgb_11_00990.png,rgb_12_01200.png,1,1,162,86,0,457,110,-1,0.2480
1218,rgb_11_00990.png,rgb_12_01200.png,2,0,262,319,0,494,162,-1,0.2480
1219,rgb_09_01140.png,rgb_09_07740.png,0,0,305,316,1,357,46,-1,0.2391
1219,rgb_09_01140.png,rgb_09_07740.png,1,0,237,138,1,117,109,1,0.2391
1219,rgb_09_01140.png,rgb_09_07740.png,2,1,562,38,0,234,57,0,0.2391
1220,rgb_05_02940.png,rgb_10_10920.png,0,1,157,200,0,391,117,-1,0.3907
1220,rgb_05_02940.png,rgb_10_10920.png,1,1,108,54,0,394,279,1,0.3907
1220,rgb_05_02940.png,rgb_10_10920.png,2,0,100,57,0,202,234,1,0.3907
1221,rgb_02_10260.png,rgb_11_00030.png,0,1,242,298,1,142,115,-1,0.2592
1221,rgb_02_10260.png,rgb_11_00030.png,1,1,351,94,1,528,73,-1,0.2592
1221,rgb_02_10260.png,rgb_11_00030.png,2,1,500,183,1,568,268,1,0.2592
1222,rgb_02_10860.png,rgb_04_10320.png,0,1,188,255,0,254,298,1,0.2332
1222,rgb_02_10860.png,rgb_04_10320.png,1,1,174,138,1,208,188,1,0.2332
1222,rgb_02_10860.png,rgb_04_10320.png,2,0,448,237,0,100,112,-1,0.2332
1223,rgb_09_08040.png,rgb_10_03360.png,0,0,520,197,0,311,77,-1,0.1389
1223,rgb_09_08040.png,rgb_10_03360.png,1,1,65,59,1,460,270,1,0.1389
1223,rgb_09_08040.png,rgb_10_03360.png,2,0,162,109,1,191,117,-1,0.1389
1224,rgb_01_08940.png,rgb_12_11160.png,0,1,202,302,0,511,78,-1,0.2468
1224,rgb_01_08940.png,rgb_12_11160.png,1,0,334,45,1,437,65,0,0.2468
1224,rgb_01_08940.png,rgb_12_11160.png,2,1,377,228,0,108,54,-1,0.2468
1225,rgb_06_09420.png,rgb_10_05820.png,0,1,240,120,0,408,221,1,0.1756
1225,rgb_06_09420.png,rgb_10_05820.png,1,0,65,73,0,457,65,0,0.1756
1225,rgb_06_09420.png,rgb_10_05820.png,2,1,357,88,1,497,115,1,0.1756
1226,rgb_02_12480.png,rgb_08_11790.png,0,1,162,155,0,434,234,1,0.0287
1226,rgb_02_12480.png,rgb_08_11790.png,1,1,500,163,0,322,319,1,0.0287
1226,rgb_02_12480.png,rgb_08_11790.png,2,1,534,117,0,185,289,1,0.0287
1227,rgb_01_00780.png,rgb_05_03000.png,0,1,448,197,0,485,40,-1,0.0265
1227,rgb_01_00780.png,rgb_05_03000.png,1,1,297,102,0,371,319,1,0.0265
1227,rgb_01_00780.png,rgb_05_03000.png,2,1,502,157,0,277,323,0,0.0265
1228,rgb_06_03600.png,rgb_09_07080.png,0,0,137,90,1,531,144,1,0.0264
1228,rgb_06_03600.png,rgb_09_07080.png,1,0,342,173,1,351,194,1,0.0264
1228,rgb_06_03600.png,rgb_09_07080.png,2,0,477,146,0,308,110,-1,0.0264
1229,rgb_01_05700.png,rgb_11_11010.png,0,1,422,144,1,262,54,-1,0.2081
1229,rgb_01_05700.png,rgb_11_11010.png,1,0,400,176,0,528,114,0,0.2081
1229,rgb_01_05700.png,rgb_11_11010.png,2,1,511,247,0,320,155,0,0.2081
1230,rgb_06_04620.png,rgb_07_00450.png,0,0,291,313,1,477,151,-1,0.2828
1230,rgb_06_04620.png,rgb_07_00450.png,1,0,337,255,1,260,62,-1,0.2828
1230,rgb_06_04620.png,rgb_07_00450.png,2,1,374,220,1,354,143,0,0.2828
1231,rgb_05_13080.png,rgb_06_05280.png,0,1,397,78,1,165,253,1,0.2279
1231,rgb_05_13080.png,rgb_06_05280.png,1,1,331,147,1,114,112,0,0.2279
1231,rgb_05_13080.png,rgb_06_05280.png,2,1,297,279,1,491,126,-1,0.2279
1232,rgb_06_09900.png,rgb_12_01380.png,0,0,282,57,1,117,98,1,0.0909
1232,rgb_06_09900.png,rgb_12_01380.png,1,0,257,189,1,334,146,-1,0.0909
1232,rgb_06_09900.png,rgb_12_01380.png,2,0,434,99,1,385,236,1,0.0909
1233,rgb_05_09420.png,rgb_06_09540.png,0,1,397,64,1,237,122,1,0.2206
1233,rgb_05_09420.png,rgb_06_09540.png,1,0,531,245,1,434,120,-1,0.2206
1233,rgb_05_09420.png,rgb_06_09540.png,2,1,100,208,0,128,104,-1,0.2206
1234,rgb_11_05190.png,rgb_11_09090.png,0,1,165,176,1,134,64,-1,0.0700
1234,rgb_11_05190.png,rgb_11_09090.png,1,0,565,48,0,134,130,1,0.0700
1234,rgb_11_05190.png,rgb_11_09090.png,2,1,542,223,0,208,46,-1,0.0700
1235,rgb_05_06480.png,rgb_07_10350.png,0,0,337,215,1,71,234,0,0.1603
1235,rgb_05_06480.png,rgb_07_10350.png,1,0,88,199,1,151,205,0,0.1603
1235,rgb_05_06480.png,rgb_07_10350.png,2,1,397,104,0,200,257,1,0.1603
1236,rgb_04_05640.png,rgb_04_10680.png,0,0,468,54,1,157,144,1,0.1850
1236,rgb_04_05640.png,rgb_04_10680.png,1,0,148,151,1,360,242,0,0.1850
1236,rgb_04_05640.png,rgb_04_10680.png,2,1,128,321,1,505,228,0,0.1850
1237,rgb_10_00780.png,rgb_11_12690.png,0,1,517,96,1,394,204,1,0.1603
1237,rgb_10_00780.png,rgb_11_12690.png,1,1,222,207,1,128,210,0,0.1603
1237,rgb_10_00780.png,rgb_11_12690.png,2,1,71,106,1,222,287,1,0.1603
1238,rgb_07_05070.png,rgb_08_01650.png,0,1,448,110,1,237,62,-1,0.2313
1238,rgb_07_05070.png,rgb_08_01650.png,1,1,131,83,1,474,210,1,0.2313
1238,rgb_07_05070.png,rgb_08_01650.png,2,0,134,65,1,151,323,1,0.2313
1239,rgb_09_11220.png,rgb_11_06330.png,0,1,534,241,0,208,218,-1,0.1794
1239,rgb_09_11220.png,rgb_11_06330.png,1,1,337,265,1,200,107,-1,0.1794
1239,rgb_09_11220.png,rgb_11_06330.png,2,0,325,147,1,254,244,1,0.1794
1240,rgb_05_05220.png,rgb_09_11040.png,0,0,411,69,0,94,236,1,0.1809
1240,rgb_05_05220.png,rgb_09_11040.png,1,0,202,212,0,557,205,0,0.1809
1240,rgb_05_05220.png,rgb_09_11040.png,2,1,485,242,1,245,94,-1,0.1809
1241,rgb_01_09660.png,rgb_12_00240.png,0,1,251,120,1,537,313,1,0.1950
1241,rgb_01_09660.png,rgb_12_00240.png,1,0,437,72,1,94,101,-1,0.1950
1241,rgb_01_09660.png,rgb_12_00240.png,2,1,551,181,0,194,80,-1,0.1950
1242,rgb_06_07080.png,rgb_11_02550.png,0,0,240,155,0,480,263,0,0.3080
1242,rgb_06_07080.png,rgb_11_02550.png,1,1,302,244,0,442,125,-1,0.3080
1242,rgb_06_07080.png,rgb_11_02550.png,2,0,120,123,1,97,197,-1,0.3080
1243,rgb_05_08580.png,rgb_08_05070.png,0,1,308,117,0,328,257,1,0.1481
1243,rgb_05_08580.png,rgb_08_05070.png,1,0,474,77,1,540,75,0,0.1481
1243,rgb_05_08580.png,rgb_08_05070.png,2,1,100,226,1,94,131,1,0.1481
1244,rgb_04_13620.png,rgb_06_03540.png,0,0,522,258,0,371,88,-1,0.0480
1244,rgb_04_13620.png,rgb_06_03540.png,1,1,108,239,1,442,117,-1,0.0480
1244,rgb_04_13620.png,rgb_06_03540.png,2,0,348,237,0,125,38,-1,0.0480
1245,rgb_11_02430.png,rgb_11_10230.png,0,1,511,88,0,185,188,1,0.0337
1245,rgb_11_02430.png,rgb_11_10230.png,1,0,514,220,1,88,194,1,0.0337
1245,rgb_11_02430.png,rgb_11_10230.png,2,0,491,171,1,560,128,-1,0.0337
1246,rgb_01_04560.png,rgb_03_00960.png,0,0,74,302,1,537,144,-1,0.3423
1246,rgb_01_04560.png,rgb_03_00960.png,1,1,468,265,1,325,80,-1,0.3423
1246,rgb_01_04560.png,rgb_03_00960.png,2,0,225,168,1,351,143,0,0.3423
1247,rgb_07_11250.png,rgb_08_03390.png,0,0,68,155,0,274,276,0,0.1789
1247,rgb_07_11250.png,rgb_08_03390.png,1,0,440,249,1,500,80,-1,0.1789
1247,rgb_07_11250.png,rgb_08_03390.png,2,0,151,258,0,442,118,-1,0.1789
1248,rgb_07_10590.png,rgb_11_11850.png,0,0,522,258,1,560,115,-1,0.0832
1248,rgb_07_10590.png,rgb_11_11850.png,1,1,251,260,0,271,135,-1,0.0832
1248,rgb_07_10590.png,rgb_11_11850.png,2,1,108,212,1,357,80,-1,0.0832
1249,rgb_08_02970.png,rgb_12_09480.png,0,0,202,294,0,117,122,0,0.3738
1249,rgb_08_02970.png,rgb_12_09480.png,1,1,128,88,1,308,188,1,0.3738
1249,rgb_08_02970.png,rgb_12_09480.png,2,0,308,178,1,514,196,0,0.3738
1250,rgb_05_07740.png,rgb_12_01140.png,0,0,197,167,1,300,213,1,0.2147
1250,rgb_05_07740.png,rgb_12_01140.png,1,1,500,253,0,285,244,0,0.2147
1250,rgb_05_07740.png,rgb_12_01140.png,2,0,417,171,1,425,144,1,0.2147
1251,rgb_03_03420.png,rgb_07_08850.png,0,1,300,199,0,174,273,1,0.6160
1251,rgb_03_03420.png,rgb_07_08850.png,1,1,468,146,1,191,242,0,0.6160
1251,rgb_03_03420.png,rgb_07_08850.png,2,0,345,43,0,348,192,1,0.6160
1252,rgb_01_05580.png,rgb_02_06180.png,0,1,451,59,0,451,244,1,0.1270
1252,rgb_01_05580.png,rgb_02_06180.png,1,1,251,173,1,137,81,-1,0.1270
1252,rgb_01_05580.png,rgb_02_06180.png,2,0,360,231,0,111,90,-1,0.1270
1253,rgb_04_11760.png,rgb_12_06060.png,0,0,448,101,0,348,88,-1,0.3448
1253,rgb_04_11760.png,rgb_12_06060.png,1,1,271,175,0,520,237,0,0.3448
1253,rgb_04_11760.png,rgb_12_06060.png,2,0,128,57,0,340,205,1,0.3448
1254,rgb_05_07380.png,rgb_07_00330.png,0,1,262,123,0,520,321,1,0.1165
1254,rgb_05_07380.png,rgb_07_00330.png,1,1,520,231,1,445,110,-1,0.1165
1254,rgb_05_07380.png,rgb_07_00330.png,2,1,334,83,0,528,154,1,0.1165
1255,rgb_04_10440.png,rgb_07_03330.png,0,0,511,120,0,520,205,0,0.3222
1255,rgb_04_10440.png,rgb_07_03330.png,1,1,545,321,0,288,73,-1,0.3222
1255,rgb_04_10440.png,rgb_07_03330.png,2,1,128,99,0,65,67,0,0.3222
1256,rgb_03_07320.png,rgb_10_05520.png,0,1,202,36,1,525,115,1,0.2356
1256,rgb_03_07320.png,rgb_10_05520.png,1,1,145,216,0,311,104,1,0.2356
1256,rgb_03_07320.png,rgb_10_05520.png,2,0,468,157,0,71,152,1,0.2356
1257,rgb_02_08640.png,rgb_02_13200.png,0,0,97,302,0,71,99,-1,0.4226
1257,rgb_02_08640.png,rgb_02_13200.png,1,1,545,226,1,457,266,1,0.4226
1257,rgb_02_08640.png,rgb_02_13200.png,2,1,300,284,1,142,268,0,0.4226
1258,rgb_03_11460.png,rgb_07_02130.png,0,1,480,242,1,480,303,0,0.2576
1258,rgb_03_11460.png,rgb_07_02130.png,1,0,360,315,1,457,80,0,0.2576
1258,rgb_03_11460.png,rgb_07_02130.png,2,1,542,99,0,414,202,0,0.2576
1259,rgb_03_12000.png,rgb_09_07980.png,0,0,360,61,0,377,297,1,0.2581
1259,rgb_03_12000.png,rgb_09_07980.png,1,1,205,249,1,397,207,0,0.2581
1259,rgb_03_12000.png,rgb_09_07980.png,2,0,460,200,1,537,78,-1,0.2581
1260,rgb_12_01680.png,rgb_12_03840.png,0,0,191,109,1,400,249,1,0.0638
1260,rgb_12_01680.png,rgb_12_03840.png,1,0,322,302,1,551,112,1,0.0638
1260,rgb_12_01680.png,rgb_12_03840.png,2,0,262,239,0,551,110,-1,0.0638
1261,rgb_01_04860.png,rgb_12_10860.png,0,1,340,170,0,522,287,1,0.0404
1261,rgb_01_04860.png,rgb_12_10860.png,1,1,222,90,0,94,319,1,0.0404
1261,rgb_01_04860.png,rgb_12_10860.png,2,1,254,152,0,482,77,-1,0.0404
1262,rgb_02_12720.png,rgb_04_09240.png,0,1,208,136,0,474,233,1,0.0976
1262,rgb_02_12720.png,rgb_04_09240.png,1,1,62,265,0,400,278,0,0.0976
1262,rgb_02_12720.png,rgb_04_09240.png,2,1,388,151,0,105,93,-1,0.0976
1263,rgb_07_02190.png,rgb_11_08790.png,0,1,240,56,0,565,73,0,0.4570
1263,rgb_07_02190.png,rgb_11_08790.png,1,0,117,191,0,234,130,1,0.4570
1263,rgb_07_02190.png,rgb_11_08790.png,2,1,562,96,1,197,165,1,0.4570
1264,rgb_03_00480.png,rgb_08_03870.png,0,1,400,91,1,531,175,1,0.3729
1264,rgb_03_00480.png,rgb_08_03870.png,1,0,477,278,0,537,139,-1,0.3729
1264,rgb_03_00480.png,rgb_08_03870.png,2,1,97,236,1,242,276,0,0.3729
1265,rgb_04_03300.png,rgb_08_01110.png,0,1,140,106,0,488,311,1,0.1353
1265,rgb_04_03300.png,rgb_08_01110.png,1,0,328,197,0,511,126,-1,0.1353
1265,rgb_04_03300.png,rgb_08_01110.png,2,1,345,98,0,160,200,1,0.1353
1266,rgb_06_01440.png,rgb_10_09960.png,0,0,514,160,0,182,208,0,0.3656
1266,rgb_06_01440.png,rgb_10_09960.png,1,0,437,51,1,100,184,1,0.3656
1266,rgb_06_01440.png,rgb_10_09960.png,2,0,402,212,0,468,117,0,0.3656
1267,rgb_07_03750.png,rgb_12_12720.png,0,0,217,162,0,334,196,1,0.4105
1267,rgb_07_03750.png,rgb_12_12720.png,1,1,517,109,1,331,183,0,0.4105
1267,rgb_07_03750.png,rgb_12_12720.png,2,0,434,102,0,374,41,-1,0.4105
1268,rgb_03_05460.png,rgb_07_03030.png,0,1,205,128,0,117,43,-1,0.1556
1268,rgb_03_05460.png,rgb_07_03030.png,1,0,208,94,0,485,247,1,0.1556
1268,rgb_03_05460.png,rgb_07_03030.png,2,1,340,155,0,194,189,-1,0.1556
1269,rgb_01_06300.png,rgb_11_06090.png,0,0,362,231,0,205,98,-1,0.0982
1269,rgb_01_06300.png,rgb_11_06090.png,1,0,68,43,1,397,141,1,0.0982
1269,rgb_01_06300.png,rgb_11_06090.png,2,1,528,163,0,231,188,1,0.0982
1270,rgb_07_00810.png,rgb_12_07020.png,0,0,248,284,0,362,93,-1,0.2080
1270,rgb_07_00810.png,rgb_12_07020.png,1,0,245,51,1,71,228,1,0.2080
1270,rgb_07_00810.png,rgb_12_07020.png,2,0,537,205,0,328,36,-1,0.2080
1271,rgb_05_04740.png,rgb_12_06480.png,0,1,560,38,0,477,56,0,0.1412
1271,rgb_05_04740.png,rgb_12_06480.png,1,1,102,207,0,305,207,1,0.1412
1271,rgb_05_04740.png,rgb_12_06480.png,2,1,494,306,0,77,72,-1,0.1412
1272,rgb_02_07140.png,rgb_10_05940.png,0,1,80,165,1,400,303,0,0.0948
1272,rgb_02_07140.png,rgb_10_05940.png,1,1,477,101,1,268,241,1,0.0948
1272,rgb_02_07140.png,rgb_10_05940.png,2,1,497,271,0,322,96,-1,0.0948
1273,rgb_03_04980.png,rgb_05_03720.png,0,0,257,279,0,102,93,-1,0.1170
1273,rgb_03_04980.png,rgb_05_03720.png,1,1,488,151,0,251,69,-1,0.1170
1273,rgb_03_04980.png,rgb_05_03720.png,2,1,542,268,1,374,65,-1,0.1170
1274,rgb_04_03960.png,rgb_11_01470.png,0,0,388,202,1,268,146,0,0.2654
1274,rgb_04_03960.png,rgb_11_01470.png,1,0,454,258,0,437,159,-1,0.2654
1274,rgb_04_03960.png,rgb_11_01470.png,2,0,542,171,1,551,144,-1,0.2654
1275,rgb_01_00300.png,rgb_07_08970.png,0,0,205,286,1,362,236,-1,0.2286
1275,rgb_01_00300.png,rgb_07_08970.png,1,0,102,200,1,328,300,-1,0.2286
1275,rgb_01_00300.png,rgb_07_08970.png,2,1,485,310,1,122,237,-1,0.2286
1276,rgb_03_00000.png,rgb_08_04530.png,0,0,554,88,1,188,41,0,0.0777
1276,rgb_03_00000.png,rgb_08_04530.png,1,1,154,181,1,134,81,-1,0.0777
1276,rgb_03_00000.png,rgb_08_04530.png,2,0,105,236,0,262,64,-1,0.0777
1277,rgb_04_11700.png,rgb_06_13860.png,0,1,471,159,1,362,143,1,0.2735
1277,rgb_04_11700.png,rgb_06_13860.png,1,0,191,308,1,325,310,-1,0.2735
1277,rgb_04_11700.png,rgb_06_13860.png,2,0,260,223,1,174,306,0,0.2735
1278,rgb_06_14040.png,rgb_07_03090.png,0,1,440,35,0,294,147,0,0.0647
1278,rgb_06_14040.png,rgb_07_03090.png,1,0,82,290,0,571,273,-1,0.0647
1278,rgb_06_14040.png,rgb_07_03090.png,2,1,534,281,0,200,274,0,0.0647
1279,rgb_07_01530.png,rgb_07_10230.png,0,0,294,191,1,508,88,-1,0.3515
1279,rgb_07_01530.png,rgb_07_10230.png,1,0,140,208,1,271,130,-1,0.3515
1279,rgb_07_01530.png,rgb_07_10230.png,2,1,337,279,1,454,249,0,0.3515
1280,rgb_06_04320.png,rgb_06_12120.png,0,1,162,154,1,174,323,1,0.0931
1280,rgb_06_04320.png,rgb_06_12120.png,1,0,565,151,1,345,73,0,0.0931
1280,rgb_06_04320.png,rgb_06_12120.png,2,1,554,311,0,105,237,0,0.0931
1281,rgb_02_04860.png,rgb_04_11100.png,0,1,311,186,0,85,146,-1,0.3191
1281,rgb_02_04860.png,rgb_04_11100.png,1,1,260,146,1,485,323,1,0.3191
1281,rgb_02_04860.png,rgb_04_11100.png,2,1,151,163,0,191,225,0,0.3191
1282,rgb_08_04830.png,rgb_08_11370.png,0,1,197,138,0,214,151,0,0.2463
1282,rgb_08_04830.png,rgb_08_11370.png,1,1,160,229,0,525,306,0,0.2463
1282,rgb_08_04830.png,rgb_08_11370.png,2,0,77,319,1,297,57,-1,0.2463
1283,rgb_09_02580.png,rgb_10_02820.png,0,1,97,245,1,391,81,-1,0.2055
1283,rgb_09_02580.png,rgb_10_02820.png,1,1,197,91,0,574,255,0,0.2055
1283,rgb_09_02580.png,rgb_10_02820.png,2,1,68,61,1,242,133,1,0.2055
1284,rgb_01_03780.png,rgb_07_10470.png,0,1,285,138,1,400,202,0,0.2183
1284,rgb_01_03780.png,rgb_07_10470.png,1,1,405,46,0,574,78,0,0.2183
1284,rgb_01_03780.png,rgb_07_10470.png,2,1,62,159,0,388,196,1,0.2183
1285,rgb_04_03120.png,rgb_08_04650.png,0,0,162,163,1,225,168,-1,0.2496
1285,rgb_04_03120.png,rgb_08_04650.png,1,1,462,286,0,494,255,0,0.2496
1285,rgb_04_03120.png,rgb_08_04650.png,2,1,434,45,0,317,200,1,0.2496
1286,rgb_05_05940.png,rgb_06_07380.png,0,0,354,310,0,391,38,-1,0.6032
1286,rgb_05_05940.png,rgb_06_07380.png,1,1,137,41,1,148,104,1,0.6032
1286,rgb_05_05940.png,rgb_06_07380.png,2,1,428,135,0,77,86,-1,0.6032
1287,rgb_07_08490.png,rgb_10_00240.png,0,0,297,64,1,85,180,1,0.2303
1287,rgb_07_08490.png,rgb_10_00240.png,1,1,145,83,0,68,86,0,0.2303
1287,rgb_07_08490.png,rgb_10_00240.png,2,0,271,282,1,525,77,-1,0.2303
1288,rgb_07_09030.png,rgb_11_09870.png,0,0,65,316,0,197,85,-1,0.1625
1288,rgb_07_09030.png,rgb_11_09870.png,1,1,154,146,0,160,321,1,0.1625
1288,rgb_07_09030.png,rgb_11_09870.png,2,1,151,313,0,131,171,-1,0.1625
1289,rgb_02_03420.png,rgb_02_03540.png,0,0,394,286,0,574,57,-1,0.3611
1289,rgb_02_03420.png,rgb_02_03540.png,1,1,460,197,0,380,102,0,0.3611
1289,rgb_02_03420.png,rgb_02_03540.png,2,1,571,315,1,388,101,-1,0.3611
1290,rgb_02_07740.png,rgb_10_01620.png,0,0,77,141,1,82,112,0,0.1612
1290,rgb_02_07740.png,rgb_10_01620.png,1,1,317,138,0,560,297,1,0.1612
1290,rgb_02_07740.png,rgb_10_01620.png,2,1,265,258,1,548,133,-1,0.1612
1291,rgb_01_03900.png,rgb_06_05340.png,0,0,248,286,1,188,114,-1,0.3442
1291,rgb_01_03900.png,rgb_06_05340.png,1,0,360,199,0,537,147,0,0.3442
1291,rgb_01_03900.png,rgb_06_05340.png,2,0,534,228,1,568,183,-1,0.3442
1292,rgb_01_02940.png,rgb_02_11400.png,0,0,311,218,0,525,104,-1,0.3485
1292,rgb_01_02940.png,rgb_02_11400.png,1,1,311,228,1,562,110,-1,0.3485
1292,rgb_01_02940.png,rgb_02_11400.png,2,1,345,75,1,208,215,1,0.3485
1293,rgb_04_01380.png,rgb_08_06930.png,0,1,200,90,0,468,176,1,0.3002
1293,rgb_04_01380.png,rgb_08_06930.png,1,1,125,245,1,68,189,-1,0.3002
1293,rgb_04_01380.png,rgb_08_06930.png,2,1,182,205,1,522,107,0,0.3002
1294,rgb_03_05520.png,rgb_11_00750.png,0,0,542,316,0,174,65,-1,0.0978
1294,rgb_03_05520.png,rgb_11_00750.png,1,1,111,323,1,74,118,-1,0.0978
1294,rgb_03_05520.png,rgb_11_00750.png,2,1,497,123,0,328,171,1,0.0978
1295,rgb_10_10620.png,rgb_11_12450.png,0,1,251,200,0,437,223,1,0.2806
1295,rgb_10_10620.png,rgb_11_12450.png,1,1,174,279,1,442,257,0,0.2806
1295,rgb_10_10620.png,rgb_11_12450.png,2,1,237,65,1,551,171,1,0.2806
1296,rgb_04_00180.png,rgb_10_07380.png,0,1,500,281,1,177,234,-1,0.1902
1296,rgb_04_00180.png,rgb_10_07380.png,1,1,477,218,1,408,143,-1,0.1902
1296,rgb_04_00180.png,rgb_10_07380.png,2,0,120,192,0,394,102,-1,0.1902
1297,rgb_04_04140.png,rgb_07_09990.png,0,1,265,197,0,97,315,1,0.2981
1297,rgb_04_04140.png,rgb_07_09990.png,1,0,445,135,1,525,90,-1,0.2981
1297,rgb_04_04140.png,rgb_07_09990.png,2,0,428,318,0,300,149,-1,0.2981
1298,rgb_01_02520.png,rgb_08_06750.png,0,1,180,311,1,422,98,-1,0.1729
1298,rgb_01_02520.png,rgb_08_06750.png,1,0,408,289,0,80,77,-1,0.1729
1298,rgb_01_02520.png,rgb_08_06750.png,2,1,345,308,0,314,163,1,0.1729
1299,rgb_01_10020.png,rgb_11_08910.png,0,1,82,107,0,565,258,1,0.3379
1299,rgb_01_10020.png,rgb_11_08910.png,1,0,560,110,1,165,189,0,0.3379
1299,rgb_01_10020.png,rgb_11_08910.png,2,1,242,41,0,368,45,0,0.3379
1300,rgb_07_10110.png,rgb_11_07890.png,0,1,268,88,0,157,260,1,0.0700
1300,rgb_07_10110.png,rgb_11_07890.png,1,1,68,315,0,182,112,-1,0.0700
1300,rgb_07_10110.png,rgb_11_07890.png,2,1,457,65,1,434,273,1,0.0700
1301,rgb_03_02880.png,rgb_12_09300.png,0,1,382,149,1,237,276,1,0.4275
1301,rgb_03_02880.png,rgb_12_09300.png,1,1,448,86,1,180,316,1,0.4275
1301,rgb_03_02880.png,rgb_12_09300.png,2,1,302,91,0,554,258,1,0.4275
1302,rgb_02_04200.png,rgb_03_11940.png,0,0,534,120,0,488,310,1,0.1548
1302,rgb_02_04200.png,rgb_03_11940.png,1,0,168,138,1,371,80,0,0.1548
1302,rgb_02_04200.png,rgb_03_11940.png,2,0,345,316,0,82,78,-1,0.1548
1303,rgb_09_13200.png,rgb_11_02850.png,0,0,514,107,1,380,263,0,0.0478
1303,rgb_09_13200.png,rgb_11_02850.png,1,0,565,170,1,265,241,0,0.0478
1303,rgb_09_13200.png,rgb_11_02850.png,2,1,200,136,1,100,72,-1,0.0478
1304,rgb_03_06780.png,rgb_05_09540.png,0,1,231,83,1,94,215,1,0.1649
1304,rgb_03_06780.png,rgb_05_09540.png,1,0,477,228,1,88,45,-1,0.1649
1304,rgb_03_06780.png,rgb_05_09540.png,2,0,322,184,1,562,258,0,0.1649
1305,rgb_05_10920.png,rgb_11_09150.png,0,1,357,178,0,362,213,0,0.3850
1305,rgb_05_10920.png,rgb_11_09150.png,1,0,74,88,1,240,292,0,0.3850
1305,rgb_05_10920.png,rgb_11_09150.png,2,1,262,180,1,160,107,-1,0.3850
1306,rgb_03_05580.png,rgb_09_02880.png,0,1,497,96,0,291,109,0,0.2340
1306,rgb_03_05580.png,rgb_09_02880.png,1,1,520,146,1,454,263,0,0.2340
1306,rgb_03_05580.png,rgb_09_02880.png,2,0,165,250,0,545,311,1,0.2340
1307,rgb_06_10440.png,rgb_09_11340.png,0,0,497,252,0,291,90,-1,0.3721
1307,rgb_06_10440.png,rgb_09_11340.png,1,1,568,284,0,374,265,1,0.3721
1307,rgb_06_10440.png,rgb_09_11340.png,2,0,214,178,1,428,315,0,0.3721
1308,rgb_05_08400.png,rgb_12_02640.png,0,1,305,109,1,474,221,1,0.2586
1308,rgb_05_08400.png,rgb_12_02640.png,1,0,202,128,1,485,315,0,0.2586
1308,rgb_05_08400.png,rgb_12_02640.png,2,0,71,192,1,380,321,1,0.2586
1309,rgb_04_09720.png,rgb_07_10170.png,0,0,137,236,1,505,126,-1,0.0838
1309,rgb_04_09720.png,rgb_07_10170.png,1,0,122,131,1,565,253,1,0.0838
1309,rgb_04_09720.png,rgb_07_10170.png,2,0,237,199,0,448,90,-1,0.0838
1310,rgb_06_02340.png,rgb_08_10830.png,0,1,305,94,1,440,163,0,0.3597
1310,rgb_06_02340.png,rgb_08_10830.png,1,1,565,204,0,451,278,1,0.3597
1310,rgb_06_02340.png,rgb_08_10830.png,2,0,100,93,0,251,136,0,0.3597
1311,rgb_11_07350.png,rgb_12_03780.png,0,0,114,276,1,434,112,0,0.1990
1311,rgb_11_07350.png,rgb_12_03780.png,1,1,322,205,1,257,93,0,0.1990
1311,rgb_11_07350.png,rgb_12_03780.png,2,0,382,204,0,431,101,-1,0.1990
1312,rgb_03_05160.png,rgb_05_06840.png,0,1,68,200,0,294,160,1,0.0669
1312,rgb_03_05160.png,rgb_05_06840.png,1,0,111,192,0,177,86,-1,0.0669
1312,rgb_03_05160.png,rgb_05_06840.png,2,0,411,59,0,62,273,0,0.0669
1313,rgb_04_05160.png,rgb_11_08130.png,0,1,71,218,1,162,221,1,0.2998
1313,rgb_04_05160.png,rgb_11_08130.png,1,1,408,323,1,474,96,-1,0.2998
1313,rgb_04_05160.png,rgb_11_08130.png,2,1,185,160,0,191,57,-1,0.2998
1314,rgb_05_05760.png,rgb_06_05820.png,0,1,262,126,1,140,49,-1,0.2636
1314,rgb_05_05760.png,rgb_06_05820.png,1,1,497,180,0,408,220,1,0.2636
1314,rgb_05_05760.png,rgb_06_05820.png,2,1,122,247,0,131,305,1,0.2636
1315,rgb_02_03960.png,rgb_10_05640.png,0,1,548,85,1,108,319,1,0.1382
1315,rgb_02_03960.png,rgb_10_05640.png,1,0,497,208,1,245,189,0,0.1382
1315,rgb_02_03960.png,rgb_10_05640.png,2,0,85,271,1,300,278,0,0.1382
1316,rgb_02_05640.png,rgb_10_00360.png,0,0,442,257,0,280,239,1,0.3855
1316,rgb_02_05640.png,rgb_10_00360.png,1,0,545,228,1,117,273,-1,0.3855
1316,rgb_02_05640.png,rgb_10_00360.png,2,1,160,112,0,554,162,1,0.3855
1317,rgb_01_10920.png,rgb_02_06780.png,0,0,274,136,1,300,88,-1,0.1277
1317,rgb_01_10920.png,rgb_02_06780.png,1,0,242,197,0,205,91,-1,0.1277
1317,rgb_01_10920.png,rgb_02_06780.png,2,1,322,313,1,468,114,-1,0.1277
1318,rgb_10_06540.png,rgb_10_09720.png,0,1,262,323,1,371,186,0,0.2808
1318,rgb_10_06540.png,rgb_10_09720.png,1,0,405,305,0,337,273,-1,0.2808
1318,rgb_10_06540.png,rgb_10_09720.png,2,1,228,234,1,357,61,-1,0.2808
1319,rgb_01_02460.png,rgb_04_01260.png,0,0,568,38,0,157,102,1,0.2164
1319,rgb_01_02460.png,rgb_04_01260.png,1,1,122,98,0,177,167,0,0.2164
1319,rgb_01_02460.png,rgb_04_01260.png,2,1,71,239,1,268,289,0,0.2164
1320,rgb_02_03300.png,rgb_04_00540.png,0,1,225,260,0,388,239,0,0.2953
1320,rgb_02_03300.png,rgb_04_00540.png,1,1,257,80,0,511,64,0,0.2953
1320,rgb_02_03300.png,rgb_04_00540.png,2,1,128,163,0,237,106,0,0.2953
1321,rgb_06_00900.png,rgb_09_05340.png,0,0,105,279,0,142,40,-1,0.2242
1321,rgb_06_00900.png,rgb_09_05340.png,1,0,105,109,1,174,239,0,0.2242
1321,rgb_06_00900.png,rgb_09_05340.png,2,1,414,61,0,194,131,1,0.2242
1322,rgb_04_04980.png,rgb_05_00540.png,0,0,200,315,0,271,61,-1,0.6148
1322,rgb_04_04980.png,rgb_05_00540.png,1,1,154,207,0,108,144,-1,0.6148
1322,rgb_04_04980.png,rgb_05_00540.png,2,1,237,175,0,97,212,0,0.6148
1323,rgb_02_13020.png,rgb_03_02940.png,0,0,168,234,0,397,69,-1,0.0957
1323,rgb_02_13020.png,rgb_03_02940.png,1,1,391,258,0,451,110,0,0.0957
1323,rgb_02_13020.png,rgb_03_02940.png,2,0,562,191,1,471,86,-1,0.0957
1324,rgb_08_00270.png,rgb_10_12060.png,0,0,114,223,1,277,184,0,0.3694
1324,rgb_08_00270.png,rgb_10_12060.png,1,1,322,110,1,325,273,1,0.3694
1324,rgb_08_00270.png,rgb_10_12060.png,2,0,191,176,1,280,35,-1,0.3694
1325,rgb_04_02400.png,rgb_08_01590.png,0,1,445,115,0,171,143,1,0.1244
1325,rgb_04_02400.png,rgb_08_01590.png,1,1,340,202,0,120,73,-1,0.1244
1325,rgb_04_02400.png,rgb_08_01590.png,2,0,297,56,1,100,67,0,0.1244
1326,rgb_08_05250.png,rgb_08_07590.png,0,0,68,73,0,320,98,0,0.1702
1326,rgb_08_05250.png,rgb_08_07590.png,1,1,225,83,0,385,271,1,0.1702
1326,rgb_08_05250.png,rgb_08_07590.png,2,1,365,65,1,502,170,1,0.1702
