pair_idx,imageA_name,imageB_name,annotation_idx,pt1_img,pt1_x,pt1_y,pt2_img,pt2_x,pt2_y,label,temperature
0,CE4_GRAS_PCAMR-C-004_SCI_N_20210812042223_20210812042223_0204_B.png,CE4_GRAS_PCAMR-C-007_SCI_N_20211229080911_20211229080911_0224_B.png,0,0,1585,1519,1,1722,1311,1,0.1739
0,CE4_GRAS_PCAMR-C-004_SCI_N_20210812042223_20210812042223_0204_B.png,CE4_GRAS_PCAMR-C-007_SCI_N_20211229080911_20211229080911_0224_B.png,1,0,1911,725,0,903,1496,0,0.1739
0,CE4_GRAS_PCAMR-C-004_SCI_N_20210812042223_20210812042223_0204_B.png,CE4_GRAS_PCAMR-C-007_SCI_N_20211229080911_20211229080911_0224_B.png,2,1,546,1249,0,934,447,0,0.1739
1,CE4_GRAS_PCAML-C-004_SCI_N_20211230065656_20211230065656_0225_B.png,CE4_GRAS_PCAMR-C-005_SCI_N_20230615033819_20230615033819_0296_B.png,0,1,451,632,1,273,1465,1,0.1744
1,CE4_GRAS_PCAML-C-004_SCI_N_20211230065656_20211230065656_0225_B.png,CE4_GRAS_PCAMR-C-005_SCI_N_20230615033819_20230615033819_0296_B.png,1,1,745,432,1,1564,270,0,0.1744
1,CE4_GRAS_PCAML-C-004_SCI_N_20211230065656_20211230065656_0225_B.png,CE4_GRAS_PCAMR-C-005_SCI_N_20230615033819_20230615033819_0296_B.png,2,0,913,1010,1,945,1504,-1,0.1744
2,CE4_GRAS_PCAML-C-002_SCI_N_20210208064537_20210208064537_0173_B.png,CE4_GRAS_PCAMR-C-055_SCI_N_20190228100418_20190228100418_0011_B.png,0,0,1060,794,0,535,1218,-1,0.1028
2,CE4_GRAS_PCAML-C-002_SCI_N_20210208064537_20210208064537_0173_B.png,CE4_GRAS_PCAMR-C-055_SCI_N_20190228100418_20190228100418_0011_B.png,1,0,1501,1334,1,1701,246,0,0.1028
2,CE4_GRAS_PCAML-C-002_SCI_N_20210208064537_20210208064537_0173_B.png,CE4_GRAS_PCAMR-C-055_SCI_N_20190228100418_20190228100418_0011_B.png,2,1,1680,1242,0,1375,447,-1,0.1028
3,CE4_GRAS_PCAML-C-035_SCI_N_20230615044250_20230615044250_0296_B.png,CE4_GRAS_PCAMR-C-015_SCI_N_20221127091416_20221127091416_0269_B.png,0,1,630,1049,1,903,810,-1,0.2400
3,CE4_GRAS_PCAML-C-035_SCI_N_20230615044250_20230615044250_0296_B.png,CE4_GRAS_PCAMR-C-015_SCI_N_20221127091416_20221127091416_0269_B.png,1,1,1680,894,1,252,339,0,0.2400
3,CE4_GRAS_PCAML-C-035_SCI_N_20230615044250_20230615044250_0296_B.png,CE4_GRAS_PCAMR-C-015_SCI_N_20221127091416_20221127091416_0269_B.png,2,1,1375,663,1,2047,1357,1,0.2400
4,CE4_GRAS_PCAML-C-000_SCI_N_20220107130916_20220107130916_0227_B.png,CE4_GRAS_PCAML-C-015_SCI_N_20211010060609_20211010060609_0213_B.png,0,0,1984,763,0,1512,1141,1,0.1612
4,CE4_GRAS_PCAML-C-000_SCI_N_20220107130916_20220107130916_0227_B.png,CE4_GRAS_PCAML-C-015_SCI_N_20211010060609_20211010060609_0213_B.png,1,1,1365,424,0,409,918,0,0.1612
4,CE4_GRAS_PCAML-C-000_SCI_N_20220107130916_20220107130916_0227_B.png,CE4_GRAS_PCAML-C-015_SCI_N_20211010060609_20211010060609_0213_B.png,2,0,756,1164,1,840,1419,1,0.1612
5,CE4_GRAS_PCAML-C-002_SCI_N_20200131013425_20200131013425_0116_B.png,CE4_GRAS_PCAMR-C-002_SCI_N_20190925032103_20190925032103_0076_B.png,0,0,1543,308,0,798,732,1,0.2249
5,CE4_GRAS_PCAML-C-002_SCI_N_20200131013425_20200131013425_0116_B.png,CE4_GRAS_PCAMR-C-002_SCI_N_20190925032103_20190925032103_0076_B.png,1,0,1764,825,0,714,1211,0,0.2249
5,CE4_GRAS_PCAML-C-002_SCI_N_20200131013425_20200131013425_0116_B.png,CE4_GRAS_PCAMR-C-002_SCI_N_20190925032103_20190925032103_0076_B.png,2,0,1837,563,0,1942,1311,-1,0.2249
6,CE4_GRAS_PCAML-C-042_SCI_N_20190925044057_20190925044057_0076_B.png,CE4_GRAS_PCAMR-C-005_SCI_N_20220922061802_20220922061802_0258_B.png,0,1,441,964,0,703,1519,0,0.0617
6,CE4_GRAS_PCAML-C-042_SCI_N_20190925044057_20190925044057_0076_B.png,CE4_GRAS_PCAMR-C-005_SCI_N_20220922061802_20220922061802_0258_B.png,1,1,1543,1018,0,1816,678,0,0.0617
6,CE4_GRAS_PCAML-C-042_SCI_N_20190925044057_20190925044057_0076_B.png,CE4_GRAS_PCAMR-C-005_SCI_N_20220922061802_20220922061802_0258_B.png,2,1,1879,1380,1,1533,486,-1,0.0617
7,CE4_GRAS_PCAML-C-002_SCI_N_20190729012137_20190729012137_0050_B.png,CE4_GRAS_PCAML-C-046_SCI_N_20230615050342_20230615050342_0296_B.png,0,1,567,1203,1,2100,933,0,0.2720
7,CE4_GRAS_PCAML-C-002_SCI_N_20190729012137_20190729012137_0050_B.png,CE4_GRAS_PCAML-C-046_SCI_N_20230615050342_20230615050342_0296_B.png,1,1,903,1049,0,1050,694,1,0.2720
7,CE4_GRAS_PCAML-C-002_SCI_N_20190729012137_20190729012137_0050_B.png,CE4_GRAS_PCAML-C-046_SCI_N_20230615050342_20230615050342_0296_B.png,2,0,1386,933,0,1228,347,0,0.2720
8,CE4_GRAS_PCAML-C-002_SCI_N_20211010054326_20211010054326_0213_B.png,CE4_GRAS_PCAMR-C-035_SCI_N_20230417060629_20230417060629_0288_B.png,0,1,798,632,1,1260,185,0,0.4197
8,CE4_GRAS_PCAML-C-002_SCI_N_20211010054326_20211010054326_0213_B.png,CE4_GRAS_PCAMR-C-035_SCI_N_20230417060629_20230417060629_0288_B.png,1,1,913,902,1,892,270,0,0.4197
8,CE4_GRAS_PCAML-C-002_SCI_N_20211010054326_20211010054326_0213_B.png,CE4_GRAS_PCAMR-C-035_SCI_N_20230417060629_20230417060629_0288_B.png,2,1,273,941,1,493,1211,-1,0.4197
9,CE4_GRAS_PCAML-C-001_SCI_N_20200329050356_20200329050356_0124_B.png,CE4_GRAS_PCAML-C-005_SCI_N_20201012043919_20201012043919_0148_B.png,0,1,1827,331,1,882,1481,-1,0.0262
9,CE4_GRAS_PCAML-C-001_SCI_N_20200329050356_20200329050356_0124_B.png,CE4_GRAS_PCAML-C-005_SCI_N_20201012043919_20201012043919_0148_B.png,1,1,273,1226,1,1312,879,1,0.0262
9,CE4_GRAS_PCAML-C-001_SCI_N_20200329050356_20200329050356_0124_B.png,CE4_GRAS_PCAML-C-005_SCI_N_20201012043919_20201012043919_0148_B.png,2,1,1218,1319,1,1690,879,1,0.0262
10,CE4_GRAS_PCAML-C-000_SCI_N_20200101040020_20200101040020_0111_B.png,CE4_GRAS_PCAML-C-040_SCI_N_20190925042843_20190925042843_0076_B.png,0,1,997,671,1,598,1288,0,0.4047
10,CE4_GRAS_PCAML-C-000_SCI_N_20200101040020_20200101040020_0111_B.png,CE4_GRAS_PCAML-C-040_SCI_N_20190925042843_20190925042843_0076_B.png,1,0,945,1496,0,735,948,1,0.4047
10,CE4_GRAS_PCAML-C-000_SCI_N_20200101040020_20200101040020_0111_B.png,CE4_GRAS_PCAML-C-040_SCI_N_20190925042843_20190925042843_0076_B.png,2,0,1396,1450,0,724,208,1,0.4047
11,CE4_GRAS_PCAML-C-008_SCI_N_20230417051421_20230417051421_0288_B.png,CE4_GRAS_PCAMR-C-018_SCI_N_20221127091921_20221127091921_0269_B.png,0,0,420,648,0,1638,1041,1,0.1896
11,CE4_GRAS_PCAML-C-008_SCI_N_20230417051421_20230417051421_0288_B.png,CE4_GRAS_PCAMR-C-018_SCI_N_20221127091921_20221127091921_0269_B.png,1,0,1921,285,0,1008,709,0,0.1896
11,CE4_GRAS_PCAML-C-008_SCI_N_20230417051421_20230417051421_0288_B.png,CE4_GRAS_PCAMR-C-018_SCI_N_20221127091921_20221127091921_0269_B.png,2,1,399,486,0,1879,1342,-1,0.1896
12,CE4_GRAS_PCAML-C-011_SCI_N_20200227114032_20200227114032_0121_B.png,CE4_GRAS_PCAML-C-016_SCI_N_20221127091601_20221127091601_0269_B.png,0,0,1375,594,1,262,1473,0,0.1039
12,CE4_GRAS_PCAML-C-011_SCI_N_20200227114032_20200227114032_0121_B.png,CE4_GRAS_PCAML-C-016_SCI_N_20221127091601_20221127091601_0269_B.png,1,1,567,331,1,1995,802,1,0.1039
12,CE4_GRAS_PCAML-C-011_SCI_N_20200227114032_20200227114032_0121_B.png,CE4_GRAS_PCAML-C-016_SCI_N_20221127091601_20221127091601_0269_B.png,2,0,924,1242,0,1249,987,0,0.1039
13,CE4_GRAS_PCAMR-C-004_SCI_N_20200428093514_20200428093514_0128_B.png,CE4_GRAS_PCAMR-C-046_SCI_N_20230417062637_20230417062637_0288_B.png,0,1,1585,1188,0,598,331,0,0.1270
13,CE4_GRAS_PCAMR-C-004_SCI_N_20200428093514_20200428093514_0128_B.png,CE4_GRAS_PCAMR-C-046_SCI_N_20230417062637_20230417062637_0288_B.png,1,1,1480,640,0,777,1018,0,0.1270
13,CE4_GRAS_PCAMR-C-004_SCI_N_20200428093514_20200428093514_0128_B.png,CE4_GRAS_PCAMR-C-046_SCI_N_20230417062637_20230417062637_0288_B.png,2,1,1837,1504,0,409,1481,-1,0.1270
14,CE4_GRAS_PCAML-C-001_SCI_N_20200131030055_20200131030055_0117_B.png,CE4_GRAS_PCAMR-C-053_SCI_N_20230615051349_20230615051349_0296_B.png,0,0,588,763,1,976,1041,0,0.1458
14,CE4_GRAS_PCAML-C-001_SCI_N_20200131030055_20200131030055_0117_B.png,CE4_GRAS_PCAMR-C-053_SCI_N_20230615051349_20230615051349_0296_B.png,1,1,1323,1303,0,409,1195,0,0.1458
14,CE4_GRAS_PCAML-C-001_SCI_N_20200131030055_20200131030055_0117_B.png,CE4_GRAS_PCAMR-C-053_SCI_N_20230615051349_20230615051349_0296_B.png,2,0,997,293,1,525,1265,0,0.1458
15,CE4_GRAS_PCAMR-C-007_SCI_N_20230417051152_20230417051152_0288_B.png,CE4_GRAS_PCAMR-C-010_SCI_N_20190429145458_20190429145458_0033_B.png,0,1,252,1095,0,1270,347,-1,0.0282
15,CE4_GRAS_PCAMR-C-007_SCI_N_20230417051152_20230417051152_0288_B.png,CE4_GRAS_PCAMR-C-010_SCI_N_20190429145458_20190429145458_0033_B.png,1,1,472,1550,0,651,362,-1,0.0282
15,CE4_GRAS_PCAMR-C-007_SCI_N_20230417051152_20230417051152_0288_B.png,CE4_GRAS_PCAMR-C-010_SCI_N_20190429145458_20190429145458_0033_B.png,2,0,1575,979,1,325,177,-1,0.0282
16,CE4_GRAS_PCAML-C-002_SCI_N_20200922125529_20200922125529_0147_B.png,CE4_GRAS_PCAMR-C-031_SCI_N_20230417055957_20230417055957_0288_B.png,0,0,2005,270,1,1858,486,-1,0.0614
16,CE4_GRAS_PCAML-C-002_SCI_N_20200922125529_20200922125529_0147_B.png,CE4_GRAS_PCAMR-C-031_SCI_N_20230417055957_20230417055957_0288_B.png,1,0,766,308,0,241,470,1,0.0614
16,CE4_GRAS_PCAML-C-002_SCI_N_20200922125529_20200922125529_0147_B.png,CE4_GRAS_PCAMR-C-031_SCI_N_20230417055957_20230417055957_0288_B.png,2,0,1585,385,0,1974,740,-1,0.0614
17,CE4_GRAS_PCAMR-C-009_SCI_N_20190429145339_20190429145339_0033_B.png,CE4_GRAS_PCAMR-C-029_SCI_N_20230417055644_20230417055644_0288_B.png,0,1,514,1334,0,661,462,0,0.2782
17,CE4_GRAS_PCAMR-C-009_SCI_N_20190429145339_20190429145339_0033_B.png,CE4_GRAS_PCAMR-C-029_SCI_N_20230417055644_20230417055644_0288_B.png,1,0,273,547,1,1323,794,0,0.2782
17,CE4_GRAS_PCAMR-C-009_SCI_N_20190429145339_20190429145339_0033_B.png,CE4_GRAS_PCAMR-C-029_SCI_N_20230417055644_20230417055644_0288_B.png,2,0,840,779,1,787,270,0,0.2782
18,CE4_GRAS_PCAML-C-002_SCI_N_20201218130831_20201218130831_0162_B.png,CE4_GRAS_PCAMR-C-012_SCI_N_20201012045309_20201012045309_0148_B.png,0,1,577,1404,1,1869,1180,0,0.2911
18,CE4_GRAS_PCAML-C-002_SCI_N_20201218130831_20201218130831_0162_B.png,CE4_GRAS_PCAMR-C-012_SCI_N_20201012045309_20201012045309_0148_B.png,1,1,1942,856,1,388,293,1,0.2911
18,CE4_GRAS_PCAML-C-002_SCI_N_20201218130831_20201218130831_0162_B.png,CE4_GRAS_PCAMR-C-012_SCI_N_20201012045309_20201012045309_0148_B.png,2,1,1218,725,1,745,833,0,0.2911
19,CE4_GRAS_PCAML-C-004_SCI_N_20190729012513_20190729012513_0050_B.png,CE4_GRAS_PCAML-C-021_SCI_N_20220106121510_20220106121510_0226_B.png,0,0,399,779,0,1039,694,0,0.1394
19,CE4_GRAS_PCAML-C-004_SCI_N_20190729012513_20190729012513_0050_B.png,CE4_GRAS_PCAML-C-021_SCI_N_20220106121510_20220106121510_0226_B.png,1,0,1900,609,1,1722,794,-1,0.1394
19,CE4_GRAS_PCAML-C-004_SCI_N_20190729012513_20190729012513_0050_B.png,CE4_GRAS_PCAML-C-021_SCI_N_20220106121510_20220106121510_0226_B.png,2,0,1344,1488,1,829,864,0,0.1394
20,CE4_GRAS_PCAMR-C-002_SCI_N_20230417050206_20230417050206_0288_B.png,CE4_GRAS_PCAMR-C-018_SCI_N_20211030023205_20211030023205_0215_B.png,0,1,1407,810,0,2058,547,-1,0.2139
20,CE4_GRAS_PCAMR-C-002_SCI_N_20230417050206_20230417050206_0288_B.png,CE4_GRAS_PCAMR-C-018_SCI_N_20211030023205_20211030023205_0215_B.png,1,1,1774,354,1,378,1488,0,0.2139
20,CE4_GRAS_PCAMR-C-002_SCI_N_20230417050206_20230417050206_0288_B.png,CE4_GRAS_PCAMR-C-018_SCI_N_20211030023205_20211030023205_0215_B.png,2,0,1533,1095,0,735,825,-1,0.2139
21,CE4_GRAS_PCAML-C-001_SCI_N_20230417050029_20230417050029_0288_B.png,CE4_GRAS_PCAMR-C-012_SCI_N_20220106115612_20220106115612_0226_B.png,0,1,651,964,1,651,1350,0,0.2723
21,CE4_GRAS_PCAML-C-001_SCI_N_20230417050029_20230417050029_0288_B.png,CE4_GRAS_PCAMR-C-012_SCI_N_20220106115612_20220106115612_0226_B.png,1,1,987,470,0,1323,262,-1,0.2723
21,CE4_GRAS_PCAML-C-001_SCI_N_20230417050029_20230417050029_0288_B.png,CE4_GRAS_PCAMR-C-012_SCI_N_20220106115612_20220106115612_0226_B.png,2,1,1606,393,0,1774,709,-1,0.2723
22,CE4_GRAS_PCAML-C-014_SCI_N_20230417052703_20230417052703_0288_B.png,CE4_GRAS_PCAMR-C-025_SCI_N_20190925035721_20190925035721_0076_B.png,0,1,651,239,0,1438,216,-1,0.0142
22,CE4_GRAS_PCAML-C-014_SCI_N_20230417052703_20230417052703_0288_B.png,CE4_GRAS_PCAMR-C-025_SCI_N_20190925035721_20190925035721_0076_B.png,1,0,651,524,0,451,948,1,0.0142
22,CE4_GRAS_PCAML-C-014_SCI_N_20230417052703_20230417052703_0288_B.png,CE4_GRAS_PCAMR-C-025_SCI_N_20190925035721_20190925035721_0076_B.png,2,1,2079,254,0,1480,709,-1,0.0142
23,CE4_GRAS_PCAML-C-003_SCI_N_20220831072729_20220831072729_0255_B.png,CE4_GRAS_PCAMR-C-000_SCI_N_20200426130355_20200426130355_0127_B.png,0,0,1596,385,1,241,817,1,0.2649
23,CE4_GRAS_PCAML-C-003_SCI_N_20220831072729_20220831072729_0255_B.png,CE4_GRAS_PCAMR-C-000_SCI_N_20200426130355_20200426130355_0127_B.png,1,0,682,1257,1,1344,1442,0,0.2649
23,CE4_GRAS_PCAML-C-003_SCI_N_20220831072729_20220831072729_0255_B.png,CE4_GRAS_PCAMR-C-000_SCI_N_20200426130355_20200426130355_0127_B.png,2,1,1890,740,0,2037,1542,-1,0.2649
24,CE4_GRAS_PCAML-C-000_SCI_N_20211230065100_20211230065100_0225_B.png,CE4_GRAS_PCAMR-C-002_SCI_N_20191221121120_20191221121120_0099_B.png,0,1,1953,316,1,1963,1134,1,0.2460
24,CE4_GRAS_PCAML-C-000_SCI_N_20211230065100_20211230065100_0225_B.png,CE4_GRAS_PCAMR-C-002_SCI_N_20191221121120_20191221121120_0099_B.png,1,0,1921,786,1,1743,547,0,0.2460
24,CE4_GRAS_PCAML-C-000_SCI_N_20211230065100_20211230065100_0225_B.png,CE4_GRAS_PCAMR-C-002_SCI_N_20191221121120_20191221121120_0099_B.png,2,0,829,786,0,514,1450,0,0.2460
25,CE4_GRAS_PCAMR-C-003_SCI_N_20211010054439_20211010054439_0213_B.png,CE4_GRAS_PCAMR-C-009_SCI_N_20210812043303_20210812043303_0204_B.png,0,0,619,1319,0,1669,1550,0,0.4154
25,CE4_GRAS_PCAMR-C-003_SCI_N_20211010054439_20211010054439_0213_B.png,CE4_GRAS_PCAMR-C-009_SCI_N_20210812043303_20210812043303_0204_B.png,1,1,1155,1049,0,1281,1288,0,0.4154
25,CE4_GRAS_PCAMR-C-003_SCI_N_20211010054439_20211010054439_0213_B.png,CE4_GRAS_PCAMR-C-009_SCI_N_20210812043303_20210812043303_0204_B.png,2,0,1407,393,0,1921,1110,0,0.4154
26,CE4_GRAS_PCAML-C-012_SCI_N_20220128101621_20220128101621_0230_B.png,CE4_GRAS_PCAMR-C-000_SCI_N_20200227111912_20200227111912_0121_B.png,0,0,1323,246,0,1522,1334,1,0.2438
26,CE4_GRAS_PCAML-C-012_SCI_N_20220128101621_20220128101621_0230_B.png,CE4_GRAS_PCAMR-C-000_SCI_N_20200227111912_20200227111912_0121_B.png,1,0,798,1342,0,882,918,-1,0.2438
26,CE4_GRAS_PCAML-C-012_SCI_N_20220128101621_20220128101621_0230_B.png,CE4_GRAS_PCAMR-C-000_SCI_N_20200227111912_20200227111912_0121_B.png,2,1,1711,1234,1,1386,1041,0,0.2438
27,CE4_GRAS_PCAML-C-009_SCI_N_20210507061810_20210507061810_0187_B.png,CE4_GRAS_PCAML-C-034_SCI_N_20190925042043_20190925042043_0076_B.png,0,0,945,1380,0,294,1049,0,0.1759
27,CE4_GRAS_PCAML-C-009_SCI_N_20210507061810_20210507061810_0187_B.png,CE4_GRAS_PCAML-C-034_SCI_N_20190925042043_20190925042043_0076_B.png,1,0,1963,501,1,1575,1535,0,0.1759
27,CE4_GRAS_PCAML-C-009_SCI_N_20210507061810_20210507061810_0187_B.png,CE4_GRAS_PCAML-C-034_SCI_N_20190925042043_20190925042043_0076_B.png,2,0,1417,223,1,2089,300,0,0.1759
28,CE4_GRAS_PCAMR-C-007_SCI_N_20201012044544_20201012044544_0148_B.png,CE4_GRAS_PCAMR-C-007_SCI_N_20201211040225_20201211040225_0161_B.png,0,0,1102,1527,1,903,1211,0,0.1249
28,CE4_GRAS_PCAMR-C-007_SCI_N_20201012044544_20201012044544_0148_B.png,CE4_GRAS_PCAMR-C-007_SCI_N_20201211040225_20201211040225_0161_B.png,1,1,1690,864,0,1911,1504,0,0.1249
28,CE4_GRAS_PCAMR-C-007_SCI_N_20201012044544_20201012044544_0148_B.png,CE4_GRAS_PCAMR-C-007_SCI_N_20201211040225_20201211040225_0161_B.png,2,0,1312,856,1,535,1180,0,0.1249
29,CE4_GRAS_PCAML-C-000_SCI_N_20200329050227_20200329050227_0124_B.png,CE4_GRAS_PCAMR-C-010_SCI_N_20190925033143_20190925033143_0076_B.png,0,1,609,316,0,1680,594,1,0.3275
29,CE4_GRAS_PCAML-C-000_SCI_N_20200329050227_20200329050227_0124_B.png,CE4_GRAS_PCAMR-C-010_SCI_N_20190925033143_20190925033143_0076_B.png,1,0,1060,802,1,955,995,-1,0.3275
29,CE4_GRAS_PCAML-C-000_SCI_N_20200329050227_20200329050227_0124_B.png,CE4_GRAS_PCAMR-C-010_SCI_N_20190925033143_20190925033143_0076_B.png,2,0,252,779,0,609,1087,1,0.3275
30,CE4_GRAS_PCAMR-C-003_SCI_N_20191221121248_20191221121248_0099_B.png,CE4_GRAS_PCAMR-C-010_SCI_N_20220329085251_20220329085251_0238_B.png,0,0,1575,987,0,367,763,0,0.0802
30,CE4_GRAS_PCAMR-C-003_SCI_N_20191221121248_20191221121248_0099_B.png,CE4_GRAS_PCAMR-C-010_SCI_N_20220329085251_20220329085251_0238_B.png,1,1,367,1010,1,535,408,0,0.0802
30,CE4_GRAS_PCAMR-C-003_SCI_N_20191221121248_20191221121248_0099_B.png,CE4_GRAS_PCAMR-C-010_SCI_N_20220329085251_20220329085251_0238_B.png,2,1,1596,671,1,1953,254,0,0.0802
31,CE4_GRAS_PCAML-C-011_SCI_N_20190925033318_20190925033318_0076_B.png,CE4_GRAS_PCAMR-C-011_SCI_N_20230417051908_20230417051908_0288_B.png,0,1,871,871,1,829,424,-1,0.1993
31,CE4_GRAS_PCAML-C-011_SCI_N_20190925033318_20190925033318_0076_B.png,CE4_GRAS_PCAMR-C-011_SCI_N_20230417051908_20230417051908_0288_B.png,1,1,1753,910,0,630,316,-1,0.1993
31,CE4_GRAS_PCAML-C-011_SCI_N_20190925033318_20190925033318_0076_B.png,CE4_GRAS_PCAMR-C-011_SCI_N_20230417051908_20230417051908_0288_B.png,2,1,651,231,0,1312,740,1,0.1993
32,CE4_GRAS_PCAML-C-007_SCI_N_20201012044600_20201012044600_0148_B.png,CE4_GRAS_PCAMR-C-000_SCI_N_20210207084708_20210207084708_0172_B.png,0,1,420,1380,0,1900,339,0,0.2635
32,CE4_GRAS_PCAML-C-007_SCI_N_20201012044600_20201012044600_0148_B.png,CE4_GRAS_PCAMR-C-000_SCI_N_20210207084708_20210207084708_0172_B.png,1,1,1449,324,0,1060,1496,1,0.2635
32,CE4_GRAS_PCAML-C-007_SCI_N_20201012044600_20201012044600_0148_B.png,CE4_GRAS_PCAMR-C-000_SCI_N_20210207084708_20210207084708_0172_B.png,2,1,2005,1242,0,241,1080,0,0.2635
33,CE4_GRAS_PCAML-C-005_SCI_N_20200131014326_20200131014326_0116_B.png,CE4_GRAS_PCAMR-C-011_SCI_N_20191202054101_20191202054101_0097_B.png,0,0,2026,856,0,546,408,0,0.0427
33,CE4_GRAS_PCAML-C-005_SCI_N_20200131014326_20200131014326_0116_B.png,CE4_GRAS_PCAMR-C-011_SCI_N_20191202054101_20191202054101_0097_B.png,1,1,1543,1527,0,766,1118,-1,0.0427
33,CE4_GRAS_PCAML-C-005_SCI_N_20200131014326_20200131014326_0116_B.png,CE4_GRAS_PCAMR-C-011_SCI_N_20191202054101_20191202054101_0097_B.png,2,1,262,223,1,1197,1434,0,0.0427
34,CE4_GRAS_PCAML-C-009_SCI_N_20230417051603_20230417051603_0288_B.png,CE4_GRAS_PCAMR-C-009_SCI_N_20220831073640_20220831073640_0255_B.png,0,0,1491,401,1,1270,200,1,0.3405
34,CE4_GRAS_PCAML-C-009_SCI_N_20230417051603_20230417051603_0288_B.png,CE4_GRAS_PCAMR-C-009_SCI_N_20220831073640_20220831073640_0255_B.png,1,0,1354,655,0,346,1118,1,0.3405
34,CE4_GRAS_PCAML-C-009_SCI_N_20230417051603_20230417051603_0288_B.png,CE4_GRAS_PCAMR-C-009_SCI_N_20220831073640_20220831073640_0255_B.png,2,0,1911,270,0,1029,1365,1,0.3405
35,CE4_GRAS_PCAML-C-000_SCI_N_20200227111928_20200227111928_0121_B.png,CE4_GRAS_PCAMR-C-044_SCI_N_20220106134906_20220106134906_0226_B.png,0,0,924,648,1,283,825,0,0.2232
35,CE4_GRAS_PCAML-C-000_SCI_N_20200227111928_20200227111928_0121_B.png,CE4_GRAS_PCAMR-C-044_SCI_N_20220106134906_20220106134906_0226_B.png,1,1,1911,848,1,1722,1458,0,0.2232
35,CE4_GRAS_PCAML-C-000_SCI_N_20200227111928_20200227111928_0121_B.png,CE4_GRAS_PCAMR-C-044_SCI_N_20220106134906_20220106134906_0226_B.png,2,1,1218,1396,1,1963,1218,0,0.2232
36,CE4_GRAS_PCAML-C-006_SCI_N_20220831073229_20220831073229_0255_B.png,CE4_GRAS_PCAMR-C-032_SCI_N_20190228092503_20190228092503_0011_B.png,0,1,1932,1458,1,283,663,0,0.0760
36,CE4_GRAS_PCAML-C-006_SCI_N_20220831073229_20220831073229_0255_B.png,CE4_GRAS_PCAMR-C-032_SCI_N_20190228092503_20190228092503_0011_B.png,1,1,1228,378,0,504,1519,0,0.0760
36,CE4_GRAS_PCAML-C-006_SCI_N_20220831073229_20220831073229_0255_B.png,CE4_GRAS_PCAMR-C-032_SCI_N_20190228092503_20190228092503_0011_B.png,2,1,1407,678,0,1071,169,1,0.0760
37,CE4_GRAS_PCAMR-C-000_SCI_N_20210208064223_20210208064223_0173_B.png,CE4_GRAS_PCAMR-C-035_SCI_N_20190228092903_20190228092903_0011_B.png,0,1,1858,786,1,2068,1380,0,0.1982
37,CE4_GRAS_PCAMR-C-000_SCI_N_20210208064223_20210208064223_0173_B.png,CE4_GRAS_PCAMR-C-035_SCI_N_20190228092903_20190228092903_0011_B.png,1,1,1732,1496,1,1596,1018,-1,0.1982
37,CE4_GRAS_PCAMR-C-000_SCI_N_20210208064223_20210208064223_0173_B.png,CE4_GRAS_PCAMR-C-035_SCI_N_20190228092903_20190228092903_0011_B.png,2,0,1071,1172,1,997,1072,-1,0.1982
38,CE4_GRAS_PCAML-C-003_SCI_N_20190708044006_20190708044006_0048_B.png,CE4_GRAS_PCAMR-C-015_SCI_N_20211030022738_20211030022738_0215_B.png,0,1,735,1180,0,1428,432,0,0.2949
38,CE4_GRAS_PCAML-C-003_SCI_N_20190708044006_20190708044006_0048_B.png,CE4_GRAS_PCAMR-C-015_SCI_N_20211030022738_20211030022738_0215_B.png,1,0,1890,1280,1,1963,1535,0,0.2949
38,CE4_GRAS_PCAML-C-003_SCI_N_20190708044006_20190708044006_0048_B.png,CE4_GRAS_PCAMR-C-015_SCI_N_20211030022738_20211030022738_0215_B.png,2,0,1827,1527,1,1869,1265,0,0.2949
39,CE4_GRAS_PCAML-C-006_SCI_N_20220922062019_20220922062019_0258_B.png,CE4_GRAS_PCAML-C-018_SCI_N_20230615040817_20230615040817_0296_B.png,0,1,1134,216,1,1543,354,0,0.3933
39,CE4_GRAS_PCAML-C-006_SCI_N_20220922062019_20220922062019_0258_B.png,CE4_GRAS_PCAML-C-018_SCI_N_20230615040817_20230615040817_0296_B.png,1,0,2068,1072,1,913,1365,-1,0.3933
39,CE4_GRAS_PCAML-C-006_SCI_N_20220922062019_20220922062019_0258_B.png,CE4_GRAS_PCAML-C-018_SCI_N_20230615040817_20230615040817_0296_B.png,2,1,577,1134,1,1921,262,-1,0.3933
40,CE4_GRAS_PCAML-C-046_SCI_N_20190228095233_20190228095233_0011_B.png,CE4_GRAS_PCAMR-C-007_SCI_N_20190228082423_20190228082423_0011_B.png,0,1,819,1110,0,1354,740,0,0.1323
40,CE4_GRAS_PCAML-C-046_SCI_N_20190228095233_20190228095233_0011_B.png,CE4_GRAS_PCAMR-C-007_SCI_N_20190228082423_20190228082423_0011_B.png,1,1,1942,1080,0,1249,1303,0,0.1323
40,CE4_GRAS_PCAML-C-046_SCI_N_20190228095233_20190228095233_0011_B.png,CE4_GRAS_PCAMR-C-007_SCI_N_20190228082423_20190228082423_0011_B.png,2,0,1984,1326,1,577,686,-1,0.1323
41,CE4_GRAS_PCAML-C-019_SCI_N_20190925034937_20190925034937_0076_B.png,CE4_GRAS_PCAMR-C-000_SCI_N_20191221020111_20191221020111_0098_B.png,0,0,1375,594,1,1008,1326,0,0.1535
41,CE4_GRAS_PCAML-C-019_SCI_N_20190925034937_20190925034937_0076_B.png,CE4_GRAS_PCAMR-C-000_SCI_N_20191221020111_20191221020111_0098_B.png,1,1,567,509,0,976,624,0,0.1535
41,CE4_GRAS_PCAML-C-019_SCI_N_20190925034937_20190925034937_0076_B.png,CE4_GRAS_PCAMR-C-000_SCI_N_20191221020111_20191221020111_0098_B.png,2,1,1144,1550,1,2079,802,0,0.1535
42,CE4_GRAS_PCAML-C-009_SCI_N_20221127085216_20221127085216_0269_B.png,CE4_GRAS_PCAML-C-013_SCI_N_20211030022456_20211030022456_0215_B.png,0,0,1953,239,0,1417,200,0,0.1188
42,CE4_GRAS_PCAML-C-009_SCI_N_20221127085216_20221127085216_0269_B.png,CE4_GRAS_PCAML-C-013_SCI_N_20211030022456_20211030022456_0215_B.png,1,0,598,1026,1,1942,709,0,0.1188
42,CE4_GRAS_PCAML-C-009_SCI_N_20221127085216_20221127085216_0269_B.png,CE4_GRAS_PCAML-C-013_SCI_N_20211030022456_20211030022456_0215_B.png,2,1,1837,1203,1,1816,370,1,0.1188
43,CE4_GRAS_PCAMR-C-014_SCI_N_20200227114443_20200227114443_0121_B.png,CE4_GRAS_PCAMR-C-024_SCI_N_20190228085539_20190228085539_0011_B.png,0,1,1333,1180,0,1585,987,1,0.2807
43,CE4_GRAS_PCAMR-C-014_SCI_N_20200227114443_20200227114443_0121_B.png,CE4_GRAS_PCAMR-C-024_SCI_N_20190228085539_20190228085539_0011_B.png,1,0,1543,439,0,2058,540,0,0.2807
43,CE4_GRAS_PCAMR-C-014_SCI_N_20200227114443_20200227114443_0121_B.png,CE4_GRAS_PCAMR-C-024_SCI_N_20190228085539_20190228085539_0011_B.png,2,1,1417,486,0,777,1288,-1,0.2807
44,CE4_GRAS_PCAML-C-001_SCI_N_20200130070535_20200130070535_0115_B.png,CE4_GRAS_PCAMR-C-004_SCI_N_20211030020737_20211030020737_0215_B.png,0,1,1701,1280,1,1680,717,1,0.1329
44,CE4_GRAS_PCAML-C-001_SCI_N_20200130070535_20200130070535_0115_B.png,CE4_GRAS_PCAMR-C-004_SCI_N_20211030020737_20211030020737_0215_B.png,1,0,546,678,0,1533,462,-1,0.1329
44,CE4_GRAS_PCAML-C-001_SCI_N_20200130070535_20200130070535_0115_B.png,CE4_GRAS_PCAMR-C-004_SCI_N_20211030020737_20211030020737_0215_B.png,2,1,640,918,1,430,223,-1,0.1329
45,CE4_GRAS_PCAMR-C-005_SCI_N_20221127084446_20221127084446_0269_B.png,CE4_GRAS_PCAMR-C-054_SCI_N_20230615051518_20230615051518_0296_B.png,0,0,1260,547,1,1785,1535,1,0.0210
45,CE4_GRAS_PCAMR-C-005_SCI_N_20221127084446_20221127084446_0269_B.png,CE4_GRAS_PCAMR-C-054_SCI_N_20230615051518_20230615051518_0296_B.png,1,0,1491,385,0,241,856,1,0.0210
45,CE4_GRAS_PCAMR-C-005_SCI_N_20221127084446_20221127084446_0269_B.png,CE4_GRAS_PCAMR-C-054_SCI_N_20230615051518_20230615051518_0296_B.png,2,1,1585,216,0,903,470,-1,0.0210
46,CE4_GRAS_PCAML-C-000_SCI_N_20190110211129_20190110211129_0002_B.png,CE4_GRAS_PCAML-C-033_SCI_N_20220106123309_20220106123309_0226_B.png,0,0,1008,918,0,388,1049,0,0.2132
46,CE4_GRAS_PCAML-C-000_SCI_N_20190110211129_20190110211129_0002_B.png,CE4_GRAS_PCAML-C-033_SCI_N_20220106123309_20220106123309_0226_B.png,1,0,1827,1303,1,1575,501,1,0.2132
46,CE4_GRAS_PCAML-C-000_SCI_N_20190110211129_20190110211129_0002_B.png,CE4_GRAS_PCAML-C-033_SCI_N_20220106123309_20220106123309_0226_B.png,2,0,966,447,1,1449,1164,1,0.2132
47,CE4_GRAS_PCAMR-C-000_SCI_N_20200131025840_20200131025840_0117_B.png,CE4_GRAS_PCAMR-C-040_SCI_N_20190925042827_20190925042827_0076_B.png,0,0,640,1149,0,1050,216,1,0.3035
47,CE4_GRAS_PCAMR-C-000_SCI_N_20200131025840_20200131025840_0117_B.png,CE4_GRAS_PCAMR-C-040_SCI_N_20190925042827_20190925042827_0076_B.png,1,0,1365,1458,0,273,432,0,0.3035
47,CE4_GRAS_PCAMR-C-000_SCI_N_20200131025840_20200131025840_0117_B.png,CE4_GRAS_PCAMR-C-040_SCI_N_20190925042827_20190925042827_0076_B.png,2,0,1680,362,1,1155,570,0,0.3035
48,CE4_GRAS_PCAML-C-016_SCI_N_20220329090201_20220329090201_0238_B.png,CE4_GRAS_PCAMR-C-005_SCI_N_20220930060929_20220930060929_0260_B.png,0,1,1795,1010,0,1165,1257,1,0.5092
48,CE4_GRAS_PCAML-C-016_SCI_N_20220329090201_20220329090201_0238_B.png,CE4_GRAS_PCAMR-C-005_SCI_N_20220930060929_20220930060929_0260_B.png,1,1,1039,470,1,787,941,1,0.5092
48,CE4_GRAS_PCAML-C-016_SCI_N_20220329090201_20220329090201_0238_B.png,CE4_GRAS_PCAMR-C-005_SCI_N_20220930060929_20220930060929_0260_B.png,2,1,1995,1535,0,1585,1257,0,0.5092
49,CE4_GRAS_PCAML-C-000_SCI_N_20220527055210_20220527055210_0247_B.png,CE4_GRAS_PCAML-C-001_SCI_N_20190429143857_20190429143857_0033_B.png,0,0,2026,586,0,1974,246,0,0.2529
49,CE4_GRAS_PCAML-C-000_SCI_N_20220527055210_20220527055210_0247_B.png,CE4_GRAS_PCAML-C-001_SCI_N_20190429143857_20190429143857_0033_B.png,1,0,829,200,0,325,1342,1,0.2529
49,CE4_GRAS_PCAML-C-000_SCI_N_20220527055210_20220527055210_0247_B.png,CE4_GRAS_PCAML-C-001_SCI_N_20190429143857_20190429143857_0033_B.png,2,1,357,1172,0,661,1242,1,0.2529
50,CE4_GRAS_PCAMR-C-000_SCI_N_20190510100059_20190510100059_0038_B.png,CE4_GRAS_PCAMR-C-013_SCI_N_20201012045438_20201012045438_0148_B.png,0,0,1806,825,1,1428,169,0,0.3316
50,CE4_GRAS_PCAMR-C-000_SCI_N_20190510100059_20190510100059_0038_B.png,CE4_GRAS_PCAMR-C-013_SCI_N_20201012045438_20201012045438_0148_B.png,1,0,1470,1542,1,808,408,0,0.3316
50,CE4_GRAS_PCAMR-C-000_SCI_N_20190510100059_20190510100059_0038_B.png,CE4_GRAS_PCAMR-C-013_SCI_N_20201012045438_20201012045438_0148_B.png,2,1,1732,1404,0,1375,987,0,0.3316
51,CE4_GRAS_PCAML-C-003_SCI_N_20190729012354_20190729012354_0050_B.png,CE4_GRAS_PCAMR-C-010_SCI_N_20201218132406_20201218132406_0162_B.png,0,1,1302,1326,0,567,995,-1,0.2394
51,CE4_GRAS_PCAML-C-003_SCI_N_20190729012354_20190729012354_0050_B.png,CE4_GRAS_PCAMR-C-010_SCI_N_20201218132406_20201218132406_0162_B.png,1,0,2058,1380,0,1459,694,0,0.2394
51,CE4_GRAS_PCAML-C-003_SCI_N_20190729012354_20190729012354_0050_B.png,CE4_GRAS_PCAMR-C-010_SCI_N_20201218132406_20201218132406_0162_B.png,2,1,357,694,1,861,1172,0,0.2394
52,CE4_GRAS_PCAMR-C-008_SCI_N_20201218132108_20201218132108_0162_B.png,CE4_GRAS_PCAMR-C-020_SCI_N_20230615041059_20230615041059_0296_B.png,0,1,672,185,1,1795,956,1,0.4282
52,CE4_GRAS_PCAMR-C-008_SCI_N_20201218132108_20201218132108_0162_B.png,CE4_GRAS_PCAMR-C-020_SCI_N_20230615041059_20230615041059_0296_B.png,1,0,1669,285,1,997,632,-1,0.4282
52,CE4_GRAS_PCAMR-C-008_SCI_N_20201218132108_20201218132108_0162_B.png,CE4_GRAS_PCAMR-C-020_SCI_N_20230615041059_20230615041059_0296_B.png,2,1,1218,385,1,378,655,0,0.4282
53,CE4_GRAS_PCAML-C-025_SCI_N_20220106122106_20220106122106_0226_B.png,CE4_GRAS_PCAMR-C-009_SCI_N_20190228082703_20190228082703_0011_B.png,0,0,336,1126,1,1764,586,0,0.3337
53,CE4_GRAS_PCAML-C-025_SCI_N_20220106122106_20220106122106_0226_B.png,CE4_GRAS_PCAMR-C-009_SCI_N_20190228082703_20190228082703_0011_B.png,1,0,1417,1110,1,1932,1249,-1,0.3337
53,CE4_GRAS_PCAML-C-025_SCI_N_20220106122106_20220106122106_0226_B.png,CE4_GRAS_PCAMR-C-009_SCI_N_20190228082703_20190228082703_0011_B.png,2,1,672,277,1,861,1465,-1,0.3337
54,CE4_GRAS_PCAML-C-003_SCI_N_20190112101505_20190112101505_0003_B.png,CE4_GRAS_PCAMR-C-003_SCI_N_20190905072344_20190905072344_0067_B.png,0,0,451,1496,0,1470,709,-1,0.0579
54,CE4_GRAS_PCAML-C-003_SCI_N_20190112101505_20190112101505_0003_B.png,CE4_GRAS_PCAMR-C-003_SCI_N_20190905072344_20190905072344_0067_B.png,1,1,2068,725,0,2089,532,-1,0.0579
54,CE4_GRAS_PCAML-C-003_SCI_N_20190112101505_20190112101505_0003_B.png,CE4_GRAS_PCAMR-C-003_SCI_N_20190905072344_20190905072344_0067_B.png,2,1,1102,756,0,1060,1512,0,0.0579
55,CE4_GRAS_PCAML-C-016_SCI_N_20211010060738_20211010060738_0213_B.png,CE4_GRAS_PCAML-C-040_SCI_N_20220106134326_20220106134326_0226_B.png,0,0,777,362,1,1680,856,0,0.1253
55,CE4_GRAS_PCAML-C-016_SCI_N_20211010060738_20211010060738_0213_B.png,CE4_GRAS_PCAML-C-040_SCI_N_20220106134326_20220106134326_0226_B.png,1,1,1197,416,0,1900,1296,0,0.1253
55,CE4_GRAS_PCAML-C-016_SCI_N_20211010060738_20211010060738_0213_B.png,CE4_GRAS_PCAML-C-040_SCI_N_20220106134326_20220106134326_0226_B.png,2,1,2037,524,0,2089,385,0,0.1253
56,CE4_GRAS_PCAMR-C-000_SCI_N_20191221120822_20191221120822_0099_B.png,CE4_GRAS_PCAMR-C-004_SCI_N_20190228082023_20190228082023_0011_B.png,0,1,619,1504,1,661,663,1,0.1368
56,CE4_GRAS_PCAMR-C-000_SCI_N_20191221120822_20191221120822_0099_B.png,CE4_GRAS_PCAMR-C-004_SCI_N_20190228082023_20190228082023_0011_B.png,1,0,987,578,0,588,1103,1,0.1368
56,CE4_GRAS_PCAMR-C-000_SCI_N_20191221120822_20191221120822_0099_B.png,CE4_GRAS_PCAMR-C-004_SCI_N_20190228082023_20190228082023_0011_B.png,2,1,976,1404,1,1606,1427,-1,0.1368
57,CE4_GRAS_PCAML-C-040_SCI_N_20230615045015_20230615045015_0296_B.png,CE4_GRAS_PCAMR-C-045_SCI_N_20230417062506_20230417062506_0288_B.png,0,1,514,246,1,1984,1380,0,0.0624
57,CE4_GRAS_PCAML-C-040_SCI_N_20230615045015_20230615045015_0296_B.png,CE4_GRAS_PCAMR-C-045_SCI_N_20230417062506_20230417062506_0288_B.png,1,0,556,324,0,1869,910,-1,0.0624
57,CE4_GRAS_PCAML-C-040_SCI_N_20230615045015_20230615045015_0296_B.png,CE4_GRAS_PCAMR-C-045_SCI_N_20230417062506_20230417062506_0288_B.png,2,1,514,925,1,892,455,0,0.0624
58,CE4_GRAS_PCAMR-C-000_SCI_N_20220128095740_20220128095740_0230_B.png,CE4_GRAS_PCAMR-C-001_SCI_N_20200131013240_20200131013240_0116_B.png,0,0,871,1488,0,1585,1110,0,0.0440
58,CE4_GRAS_PCAMR-C-000_SCI_N_20220128095740_20220128095740_0230_B.png,CE4_GRAS_PCAMR-C-001_SCI_N_20200131013240_20200131013240_0116_B.png,1,0,1365,578,1,399,432,-1,0.0440
58,CE4_GRAS_PCAMR-C-000_SCI_N_20220128095740_20220128095740_0230_B.png,CE4_GRAS_PCAMR-C-001_SCI_N_20200131013240_20200131013240_0116_B.png,2,1,1449,509,1,1963,1434,1,0.0440
59,CE4_GRAS_PCAML-C-000_SCI_N_20220128095756_20220128095756_0230_B.png,CE4_GRAS_PCAML-C-034_SCI_N_20190228092759_20190228092759_0011_B.png,0,0,808,516,0,1753,1473,0,0.4081
59,CE4_GRAS_PCAML-C-000_SCI_N_20220128095756_20220128095756_0230_B.png,CE4_GRAS_PCAML-C-034_SCI_N_20190228092759_20190228092759_0011_B.png,1,1,294,1234,0,1533,810,0,0.4081
59,CE4_GRAS_PCAML-C-000_SCI_N_20220128095756_20220128095756_0230_B.png,CE4_GRAS_PCAML-C-034_SCI_N_20190228092759_20190228092759_0011_B.png,2,1,987,848,0,1533,324,0,0.4081
60,CE4_GRAS_PCAML-C-010_SCI_N_20211010055844_20211010055844_0213_B.png,CE4_GRAS_PCAMR-C-001_SCI_N_20190429143841_20190429143841_0033_B.png,0,0,1533,933,0,577,316,1,0.1284
60,CE4_GRAS_PCAML-C-010_SCI_N_20211010055844_20211010055844_0213_B.png,CE4_GRAS_PCAMR-C-001_SCI_N_20190429143841_20190429143841_0033_B.png,1,0,924,331,1,1585,810,-1,0.1284
60,CE4_GRAS_PCAML-C-010_SCI_N_20211010055844_20211010055844_0213_B.png,CE4_GRAS_PCAMR-C-001_SCI_N_20190429143841_20190429143841_0033_B.png,2,1,882,810,0,724,918,1,0.1284
61,CE4_GRAS_PCAML-C-031_SCI_N_20230615043654_20230615043654_0296_B.png,CE4_GRAS_PCAMR-C-016_SCI_N_20190228084459_20190228084459_0011_B.png,0,1,304,378,1,609,1018,1,0.1960
61,CE4_GRAS_PCAML-C-031_SCI_N_20230615043654_20230615043654_0296_B.png,CE4_GRAS_PCAMR-C-016_SCI_N_20190228084459_20190228084459_0011_B.png,1,0,1732,601,1,1585,1188,-1,0.1960
61,CE4_GRAS_PCAML-C-031_SCI_N_20230615043654_20230615043654_0296_B.png,CE4_GRAS_PCAMR-C-016_SCI_N_20190228084459_20190228084459_0011_B.png,2,1,567,1296,0,1543,1427,1,0.1960
62,CE4_GRAS_PCAML-C-002_SCI_N_20190925032118_20190925032118_0076_B.png,CE4_GRAS_PCAML-C-003_SCI_N_20191202052535_20191202052535_0097_B.png,0,1,1407,285,1,430,956,0,0.0823
62,CE4_GRAS_PCAML-C-002_SCI_N_20190925032118_20190925032118_0076_B.png,CE4_GRAS_PCAML-C-003_SCI_N_20191202052535_20191202052535_0097_B.png,1,0,1354,1072,1,2089,1512,-1,0.0823
62,CE4_GRAS_PCAML-C-002_SCI_N_20190925032118_20190925032118_0076_B.png,CE4_GRAS_PCAML-C-003_SCI_N_20191202052535_20191202052535_0097_B.png,2,1,1197,1195,0,1270,1419,1,0.0823
63,CE4_GRAS_PCAML-C-020_SCI_N_20221127092235_20221127092235_0269_B.png,CE4_GRAS_PCAMR-C-007_SCI_N_20210507061456_20210507061456_0187_B.png,0,0,1869,802,1,420,208,1,0.0450
63,CE4_GRAS_PCAML-C-020_SCI_N_20221127092235_20221127092235_0269_B.png,CE4_GRAS_PCAMR-C-007_SCI_N_20210507061456_20210507061456_0187_B.png,1,0,1890,1188,1,945,1542,1,0.0450
63,CE4_GRAS_PCAML-C-020_SCI_N_20221127092235_20221127092235_0269_B.png,CE4_GRAS_PCAMR-C-007_SCI_N_20210507061456_20210507061456_0187_B.png,2,0,1113,702,1,1596,1542,-1,0.0450
64,CE4_GRAS_PCAML-C-050_SCI_N_20230615050938_20230615050938_0296_B.png,CE4_GRAS_PCAMR-C-010_SCI_N_20210811101825_20210811101825_0203_B.png,0,1,1071,871,1,2079,694,0,0.4148
64,CE4_GRAS_PCAML-C-050_SCI_N_20230615050938_20230615050938_0296_B.png,CE4_GRAS_PCAMR-C-010_SCI_N_20210811101825_20210811101825_0203_B.png,1,1,1081,586,0,1627,840,0,0.4148
64,CE4_GRAS_PCAML-C-050_SCI_N_20230615050938_20230615050938_0296_B.png,CE4_GRAS_PCAMR-C-010_SCI_N_20210811101825_20210811101825_0203_B.png,2,0,357,277,1,1711,1265,0,0.4148
65,CE4_GRAS_PCAMR-C-017_SCI_N_20211010060851_20211010060851_0213_B.png,CE4_GRAS_PCAMR-C-030_SCI_N_20190925041507_20190925041507_0076_B.png,0,1,1218,1342,0,577,1080,0,0.3756
65,CE4_GRAS_PCAMR-C-017_SCI_N_20211010060851_20211010060851_0213_B.png,CE4_GRAS_PCAMR-C-030_SCI_N_20190925041507_20190925041507_0076_B.png,1,0,1438,516,0,2016,563,0,0.3756
65,CE4_GRAS_PCAMR-C-017_SCI_N_20211010060851_20211010060851_0213_B.png,CE4_GRAS_PCAMR-C-030_SCI_N_20190925041507_20190925041507_0076_B.png,2,1,262,1388,0,1029,956,0,0.3756
66,CE4_GRAS_PCAMR-C-011_SCI_N_20221127085458_20221127085458_0269_B.png,CE4_GRAS_PCAMR-C-012_SCI_N_20190228083103_20190228083103_0011_B.png,0,1,1008,347,0,241,987,1,0.0179
66,CE4_GRAS_PCAMR-C-011_SCI_N_20221127085458_20221127085458_0269_B.png,CE4_GRAS_PCAMR-C-012_SCI_N_20190228083103_20190228083103_0011_B.png,1,0,451,1226,1,2016,200,0,0.0179
66,CE4_GRAS_PCAMR-C-011_SCI_N_20221127085458_20221127085458_0269_B.png,CE4_GRAS_PCAMR-C-012_SCI_N_20190228083103_20190228083103_0011_B.png,2,1,1848,910,0,924,1026,1,0.0179
67,CE4_GRAS_PCAML-C-000_SCI_N_20230417045816_20230417045816_0288_B.png,CE4_GRAS_PCAMR-C-024_SCI_N_20230417054514_20230417054514_0288_B.png,0,1,1512,1442,1,955,1519,-1,0.3230
67,CE4_GRAS_PCAML-C-000_SCI_N_20230417045816_20230417045816_0288_B.png,CE4_GRAS_PCAMR-C-024_SCI_N_20230417054514_20230417054514_0288_B.png,1,1,945,1103,1,997,640,1,0.3230
67,CE4_GRAS_PCAML-C-000_SCI_N_20230417045816_20230417045816_0288_B.png,CE4_GRAS_PCAMR-C-024_SCI_N_20230417054514_20230417054514_0288_B.png,2,0,693,516,1,1869,432,1,0.3230
68,CE4_GRAS_PCAML-C-031_SCI_N_20190228092359_20190228092359_0011_B.png,CE4_GRAS_PCAMR-C-014_SCI_N_20220106115910_20220106115910_0226_B.png,0,1,346,1357,0,2026,177,-1,0.2011
68,CE4_GRAS_PCAML-C-031_SCI_N_20190228092359_20190228092359_0011_B.png,CE4_GRAS_PCAMR-C-014_SCI_N_20220106115910_20220106115910_0226_B.png,1,0,493,1296,1,1291,370,-1,0.2011
68,CE4_GRAS_PCAML-C-031_SCI_N_20190228092359_20190228092359_0011_B.png,CE4_GRAS_PCAMR-C-014_SCI_N_20220106115910_20220106115910_0226_B.png,2,1,1942,354,1,1732,1550,1,0.2011
69,CE4_GRAS_PCAML-C-005_SCI_N_20190104042714_20190104042714_0001_B.png,CE4_GRAS_PCAMR-C-049_SCI_N_20230615050753_20230615050753_0296_B.png,0,1,1848,1527,0,2089,702,-1,0.0587
69,CE4_GRAS_PCAML-C-005_SCI_N_20190104042714_20190104042714_0001_B.png,CE4_GRAS_PCAMR-C-049_SCI_N_20230615050753_20230615050753_0296_B.png,1,0,1554,840,0,756,1234,1,0.0587
69,CE4_GRAS_PCAML-C-005_SCI_N_20190104042714_20190104042714_0001_B.png,CE4_GRAS_PCAMR-C-049_SCI_N_20230615050753_20230615050753_0296_B.png,2,0,1480,1126,0,1974,385,-1,0.0587
70,CE4_GRAS_PCAML-C-019_SCI_N_20211010061205_20211010061205_0213_B.png,CE4_GRAS_PCAMR-C-008_SCI_N_20220329084940_20220329084940_0238_B.png,0,1,1858,1550,0,1627,177,0,0.0910
70,CE4_GRAS_PCAML-C-019_SCI_N_20211010061205_20211010061205_0213_B.png,CE4_GRAS_PCAMR-C-008_SCI_N_20220329084940_20220329084940_0238_B.png,1,1,1522,1488,0,1690,1095,0,0.0910
70,CE4_GRAS_PCAML-C-019_SCI_N_20211010061205_20211010061205_0213_B.png,CE4_GRAS_PCAMR-C-008_SCI_N_20220329084940_20220329084940_0238_B.png,2,1,1344,192,1,1837,748,1,0.0910
71,CE4_GRAS_PCAML-C-002_SCI_N_20211229075752_20211229075752_0224_B.png,CE4_GRAS_PCAML-C-003_SCI_N_20230417050442_20230417050442_0288_B.png,0,0,661,1195,1,777,709,-1,0.3262
71,CE4_GRAS_PCAML-C-002_SCI_N_20211229075752_20211229075752_0224_B.png,CE4_GRAS_PCAML-C-003_SCI_N_20230417050442_20230417050442_0288_B.png,1,1,1627,354,1,819,432,0,0.3262
71,CE4_GRAS_PCAML-C-002_SCI_N_20211229075752_20211229075752_0224_B.png,CE4_GRAS_PCAML-C-003_SCI_N_20230417050442_20230417050442_0288_B.png,2,0,399,825,0,1837,208,-1,0.3262
72,CE4_GRAS_PCAML-C-003_SCI_N_20200131014028_20200131014028_0116_B.png,CE4_GRAS_PCAMR-C-012_SCI_N_20200227114145_20200227114145_0121_B.png,0,1,882,1357,0,714,277,0,0.1920
72,CE4_GRAS_PCAML-C-003_SCI_N_20200131014028_20200131014028_0116_B.png,CE4_GRAS_PCAMR-C-012_SCI_N_20200227114145_20200227114145_0121_B.png,1,1,1438,1311,0,987,1334,-1,0.1920
72,CE4_GRAS_PCAML-C-003_SCI_N_20200131014028_20200131014028_0116_B.png,CE4_GRAS_PCAMR-C-012_SCI_N_20200227114145_20200227114145_0121_B.png,2,0,1480,810,1,777,578,1,0.1920
73,CE4_GRAS_PCAMR-C-001_SCI_N_20211010054141_20211010054141_0213_B.png,CE4_GRAS_PCAMR-C-010_SCI_N_20220920065517_20220920065517_0256_B.png,0,0,304,378,0,1984,1442,0,0.1826
73,CE4_GRAS_PCAMR-C-001_SCI_N_20211010054141_20211010054141_0213_B.png,CE4_GRAS_PCAMR-C-010_SCI_N_20220920065517_20220920065517_0256_B.png,1,0,1165,246,0,1837,840,0,0.1826
73,CE4_GRAS_PCAMR-C-001_SCI_N_20211010054141_20211010054141_0213_B.png,CE4_GRAS_PCAMR-C-010_SCI_N_20220920065517_20220920065517_0256_B.png,2,1,1018,678,1,756,347,0,0.1826
74,CE4_GRAS_PCAML-C-000_SCI_N_20191202052108_20191202052108_0097_B.png,CE4_GRAS_PCAMR-C-001_SCI_N_20201012043308_20201012043308_0148_B.png,0,1,2005,1419,0,714,632,-1,0.1155
74,CE4_GRAS_PCAML-C-000_SCI_N_20191202052108_20191202052108_0097_B.png,CE4_GRAS_PCAMR-C-001_SCI_N_20201012043308_20201012043308_0148_B.png,1,0,1596,632,0,483,1018,0,0.1155
74,CE4_GRAS_PCAML-C-000_SCI_N_20191202052108_20191202052108_0097_B.png,CE4_GRAS_PCAMR-C-001_SCI_N_20201012043308_20201012043308_0148_B.png,2,0,462,1396,1,1543,169,0,0.1155
75,CE4_GRAS_PCAML-C-008_SCI_N_20190925032918_20190925032918_0076_B.png,CE4_GRAS_PCAMR-C-016_SCI_N_20190925034521_20190925034521_0076_B.png,0,0,2079,1149,1,1669,1033,-1,0.2614
75,CE4_GRAS_PCAML-C-008_SCI_N_20190925032918_20190925032918_0076_B.png,CE4_GRAS_PCAMR-C-016_SCI_N_20190925034521_20190925034521_0076_B.png,1,0,1963,455,1,1333,702,0,0.2614
75,CE4_GRAS_PCAML-C-008_SCI_N_20190925032918_20190925032918_0076_B.png,CE4_GRAS_PCAMR-C-016_SCI_N_20190925034521_20190925034521_0076_B.png,2,1,1396,1157,0,693,169,-1,0.2614
76,CE4_GRAS_PCAMR-C-002_SCI_N_20200320091920_20200320091920_0123_B.png,CE4_GRAS_PCAMR-C-014_SCI_N_20230417052648_20230417052648_0288_B.png,0,1,1323,725,0,1512,594,1,0.0487
76,CE4_GRAS_PCAMR-C-002_SCI_N_20200320091920_20200320091920_0123_B.png,CE4_GRAS_PCAMR-C-014_SCI_N_20230417052648_20230417052648_0288_B.png,1,0,903,424,1,714,362,-1,0.0487
76,CE4_GRAS_PCAMR-C-002_SCI_N_20200320091920_20200320091920_0123_B.png,CE4_GRAS_PCAMR-C-014_SCI_N_20230417052648_20230417052648_0288_B.png,2,0,1900,432,0,1365,1203,1,0.0487
77,CE4_GRAS_PCAMR-C-009_SCI_N_20211010055334_20211010055334_0213_B.png,CE4_GRAS_PCAMR-C-011_SCI_N_20190111034908_20190111034908_0002_B.png,0,0,745,455,0,1732,1172,1,0.1311
77,CE4_GRAS_PCAMR-C-009_SCI_N_20211010055334_20211010055334_0213_B.png,CE4_GRAS_PCAMR-C-011_SCI_N_20190111034908_20190111034908_0002_B.png,1,0,2047,848,0,1113,1481,1,0.1311
77,CE4_GRAS_PCAMR-C-009_SCI_N_20211010055334_20211010055334_0213_B.png,CE4_GRAS_PCAMR-C-011_SCI_N_20190111034908_20190111034908_0002_B.png,2,1,1554,293,0,1533,223,-1,0.1311
78,CE4_GRAS_PCAMR-C-001_SCI_N_20210812041756_20210812041756_0204_B.png,CE4_GRAS_PCAMR-C-004_SCI_N_20190905072513_20190905072513_0067_B.png,0,1,472,1195,0,787,200,0,0.0102
78,CE4_GRAS_PCAMR-C-001_SCI_N_20210812041756_20210812041756_0204_B.png,CE4_GRAS_PCAMR-C-004_SCI_N_20190905072513_20190905072513_0067_B.png,1,0,1123,586,1,1165,1481,1,0.0102
78,CE4_GRAS_PCAMR-C-001_SCI_N_20210812041756_20210812041756_0204_B.png,CE4_GRAS_PCAMR-C-004_SCI_N_20190905072513_20190905072513_0067_B.png,2,1,871,1080,1,588,1535,0,0.0102
79,CE4_GRAS_PCAMR-C-006_SCI_N_20201211035511_20201211035511_0161_B.png,CE4_GRAS_PCAMR-C-013_SCI_N_20220329085718_20220329085718_0238_B.png,0,0,514,362,0,262,1373,-1,0.2389
79,CE4_GRAS_PCAMR-C-006_SCI_N_20201211035511_20201211035511_0161_B.png,CE4_GRAS_PCAMR-C-013_SCI_N_20220329085718_20220329085718_0238_B.png,1,1,1522,648,0,1449,578,0,0.2389
79,CE4_GRAS_PCAMR-C-006_SCI_N_20201211035511_20201211035511_0161_B.png,CE4_GRAS_PCAMR-C-013_SCI_N_20220329085718_20220329085718_0238_B.png,2,1,1680,1465,1,829,555,0,0.2389
80,CE4_GRAS_PCAML-C-008_SCI_N_20220527060455_20220527060455_0247_B.png,CE4_GRAS_PCAMR-C-037_SCI_N_20190228093143_20190228093143_0011_B.png,0,0,483,300,1,1764,1180,1,0.0273
80,CE4_GRAS_PCAML-C-008_SCI_N_20220527060455_20220527060455_0247_B.png,CE4_GRAS_PCAMR-C-037_SCI_N_20190228093143_20190228093143_0011_B.png,1,0,1018,208,1,367,1396,1,0.0273
80,CE4_GRAS_PCAML-C-008_SCI_N_20220527060455_20220527060455_0247_B.png,CE4_GRAS_PCAMR-C-037_SCI_N_20190228093143_20190228093143_0011_B.png,2,0,325,702,1,1396,1072,0,0.0273
81,CE4_GRAS_PCAML-C-002_SCI_N_20200426131257_20200426131257_0127_B.png,CE4_GRAS_PCAMR-C-013_SCI_N_20210812043859_20210812043859_0204_B.png,0,1,1134,208,1,1575,972,0,0.1362
81,CE4_GRAS_PCAML-C-002_SCI_N_20200426131257_20200426131257_0127_B.png,CE4_GRAS_PCAMR-C-013_SCI_N_20210812043859_20210812043859_0204_B.png,1,1,504,964,0,924,208,-1,0.1362
81,CE4_GRAS_PCAML-C-002_SCI_N_20200426131257_20200426131257_0127_B.png,CE4_GRAS_PCAMR-C-013_SCI_N_20210812043859_20210812043859_0204_B.png,2,1,1113,879,0,1701,1110,0,0.1362
82,CE4_GRAS_PCAML-C-002_SCI_N_20210117043629_20210117043629_0166_B.png,CE4_GRAS_PCAMR-C-053_SCI_N_20190228100138_20190228100138_0011_B.png,0,1,850,192,0,1239,632,1,0.0138
82,CE4_GRAS_PCAML-C-002_SCI_N_20210117043629_20210117043629_0166_B.png,CE4_GRAS_PCAMR-C-053_SCI_N_20190228100138_20190228100138_0011_B.png,1,0,1732,270,0,409,1527,1,0.0138
82,CE4_GRAS_PCAML-C-002_SCI_N_20210117043629_20210117043629_0166_B.png,CE4_GRAS_PCAMR-C-053_SCI_N_20190228100138_20190228100138_0011_B.png,2,0,997,393,0,1995,1265,1,0.0138
83,CE4_GRAS_PCAML-C-001_SCI_N_20200131074416_20200131074416_0118_B.png,CE4_GRAS_PCAMR-C-006_SCI_N_20200329051622_20200329051622_0124_B.png,0,0,1564,331,1,1638,756,0,0.1522
83,CE4_GRAS_PCAML-C-001_SCI_N_20200131074416_20200131074416_0118_B.png,CE4_GRAS_PCAMR-C-006_SCI_N_20200329051622_20200329051622_0124_B.png,1,0,609,1527,0,913,493,0,0.1522
83,CE4_GRAS_PCAML-C-001_SCI_N_20200131074416_20200131074416_0118_B.png,CE4_GRAS_PCAMR-C-006_SCI_N_20200329051622_20200329051622_0124_B.png,2,0,1480,879,0,787,1164,0,0.1522
84,CE4_GRAS_PCAML-C-004_SCI_N_20201211035229_20201211035229_0161_B.png,CE4_GRAS_PCAMR-C-000_SCI_N_20190110211113_20190110211113_0002_B.png,0,0,1512,918,1,1501,1373,0,0.0913
84,CE4_GRAS_PCAML-C-004_SCI_N_20201211035229_20201211035229_0161_B.png,CE4_GRAS_PCAMR-C-000_SCI_N_20190110211113_20190110211113_0002_B.png,1,0,1606,1203,1,661,1218,-1,0.0913
84,CE4_GRAS_PCAML-C-004_SCI_N_20201211035229_20201211035229_0161_B.png,CE4_GRAS_PCAMR-C-000_SCI_N_20190110211113_20190110211113_0002_B.png,2,0,388,686,1,1669,1134,-1,0.0913
85,CE4_GRAS_PCAML-C-019_SCI_N_20220106120651_20220106120651_0226_B.png,CE4_GRAS_PCAML-C-049_SCI_N_20190925045017_20190925045017_0076_B.png,0,1,472,709,1,724,1519,0,0.2985
85,CE4_GRAS_PCAML-C-019_SCI_N_20220106120651_20220106120651_0226_B.png,CE4_GRAS_PCAML-C-049_SCI_N_20190925045017_20190925045017_0076_B.png,1,0,1449,1072,1,1617,1056,0,0.2985
85,CE4_GRAS_PCAML-C-019_SCI_N_20220106120651_20220106120651_0226_B.png,CE4_GRAS_PCAML-C-049_SCI_N_20190925045017_20190925045017_0076_B.png,2,0,1554,702,0,1743,948,0,0.2985
86,CE4_GRAS_PCAML-C-005_SCI_N_20220920064639_20220920064639_0256_B.png,CE4_GRAS_PCAMR-C-039_SCI_N_20230615044831_20230615044831_0296_B.png,0,0,325,1342,0,1186,964,0,0.0710
86,CE4_GRAS_PCAML-C-005_SCI_N_20220920064639_20220920064639_0256_B.png,CE4_GRAS_PCAMR-C-039_SCI_N_20230615044831_20230615044831_0296_B.png,1,0,1354,401,0,588,771,1,0.0710
86,CE4_GRAS_PCAML-C-005_SCI_N_20220920064639_20220920064639_0256_B.png,CE4_GRAS_PCAMR-C-039_SCI_N_20230615044831_20230615044831_0296_B.png,2,0,1732,732,1,1564,1350,1,0.0710
87,CE4_GRAS_PCAMR-C-001_SCI_N_20221127083850_20221127083850_0269_B.png,CE4_GRAS_PCAMR-C-013_SCI_N_20230417052219_20230417052219_0288_B.png,0,0,483,424,1,745,1527,1,0.1147
87,CE4_GRAS_PCAMR-C-001_SCI_N_20221127083850_20221127083850_0269_B.png,CE4_GRAS_PCAMR-C-013_SCI_N_20230417052219_20230417052219_0288_B.png,1,0,1953,1365,1,1228,1211,1,0.1147
87,CE4_GRAS_PCAMR-C-001_SCI_N_20221127083850_20221127083850_0269_B.png,CE4_GRAS_PCAMR-C-013_SCI_N_20230417052219_20230417052219_0288_B.png,2,1,1627,1272,1,892,231,-1,0.1147
88,CE4_GRAS_PCAML-C-015_SCI_N_20221127091432_20221127091432_0269_B.png,CE4_GRAS_PCAMR-C-014_SCI_N_20220329085847_20220329085847_0238_B.png,0,1,1900,1126,0,1071,624,-1,0.2109
88,CE4_GRAS_PCAML-C-015_SCI_N_20221127091432_20221127091432_0269_B.png,CE4_GRAS_PCAMR-C-014_SCI_N_20220329085847_20220329085847_0238_B.png,1,0,724,748,0,1890,478,0,0.2109
88,CE4_GRAS_PCAML-C-015_SCI_N_20221127091432_20221127091432_0269_B.png,CE4_GRAS_PCAMR-C-014_SCI_N_20220329085847_20220329085847_0238_B.png,2,0,2037,1296,0,934,1334,-1,0.2109
89,CE4_GRAS_PCAML-C-048_SCI_N_20220106135904_20220106135904_0226_B.png,CE4_GRAS_PCAMR-C-003_SCI_N_20211230065511_20211230065511_0225_B.png,0,1,745,439,0,1911,1465,0,0.3276
89,CE4_GRAS_PCAML-C-048_SCI_N_20220106135904_20220106135904_0226_B.png,CE4_GRAS_PCAMR-C-003_SCI_N_20211230065511_20211230065511_0225_B.png,1,1,441,516,0,1050,300,-1,0.3276
89,CE4_GRAS_PCAML-C-048_SCI_N_20220106135904_20220106135904_0226_B.png,CE4_GRAS_PCAMR-C-003_SCI_N_20211230065511_20211230065511_0225_B.png,2,0,1281,532,1,294,1442,1,0.3276
90,CE4_GRAS_PCAMR-C-034_SCI_N_20190925042027_20190925042027_0076_B.png,CE4_GRAS_PCAMR-C-040_SCI_N_20190228093543_20190228093543_0011_B.png,0,1,1858,1326,1,462,601,-1,0.2246
90,CE4_GRAS_PCAMR-C-034_SCI_N_20190925042027_20190925042027_0076_B.png,CE4_GRAS_PCAMR-C-040_SCI_N_20190228093543_20190228093543_0011_B.png,1,0,1543,493,0,882,1519,0,0.2246
90,CE4_GRAS_PCAMR-C-034_SCI_N_20190925042027_20190925042027_0076_B.png,CE4_GRAS_PCAMR-C-040_SCI_N_20190228093543_20190228093543_0011_B.png,2,0,1774,1218,1,997,354,-1,0.2246
91,CE4_GRAS_PCAML-C-005_SCI_N_20220930060945_20220930060945_0260_B.png,CE4_GRAS_PCAMR-C-009_SCI_N_20211030021502_20211030021502_0215_B.png,0,0,1228,1157,0,882,1434,0,0.4376
91,CE4_GRAS_PCAML-C-005_SCI_N_20220930060945_20220930060945_0260_B.png,CE4_GRAS_PCAMR-C-009_SCI_N_20211030021502_20211030021502_0215_B.png,1,0,1554,308,0,598,941,1,0.4376
91,CE4_GRAS_PCAML-C-005_SCI_N_20220930060945_20220930060945_0260_B.png,CE4_GRAS_PCAMR-C-009_SCI_N_20211030021502_20211030021502_0215_B.png,2,0,976,671,1,945,871,-1,0.4376
92,CE4_GRAS_PCAML-C-003_SCI_N_20200329050654_20200329050654_0124_B.png,CE4_GRAS_PCAMR-C-004_SCI_N_20230417050621_20230417050621_0288_B.png,0,0,1438,1010,0,1627,1535,1,0.2909
92,CE4_GRAS_PCAML-C-003_SCI_N_20200329050654_20200329050654_0124_B.png,CE4_GRAS_PCAMR-C-004_SCI_N_20230417050621_20230417050621_0288_B.png,1,1,1806,1380,1,451,293,-1,0.2909
92,CE4_GRAS_PCAML-C-003_SCI_N_20200329050654_20200329050654_0124_B.png,CE4_GRAS_PCAMR-C-004_SCI_N_20230417050621_20230417050621_0288_B.png,2,1,976,1002,1,409,702,0,0.2909
93,CE4_GRAS_PCAML-C-004_SCI_N_20200428093529_20200428093529_0128_B.png,CE4_GRAS_PCAML-C-008_SCI_N_20190429145236_20190429145236_0033_B.png,0,1,808,1072,1,567,578,0,0.1613
93,CE4_GRAS_PCAML-C-004_SCI_N_20200428093529_20200428093529_0128_B.png,CE4_GRAS_PCAML-C-008_SCI_N_20190429145236_20190429145236_0033_B.png,1,0,2068,1311,0,976,1110,1,0.1613
93,CE4_GRAS_PCAML-C-004_SCI_N_20200428093529_20200428093529_0128_B.png,CE4_GRAS_PCAML-C-008_SCI_N_20190429145236_20190429145236_0033_B.png,2,0,1480,393,1,1942,246,0,0.1613
94,CE4_GRAS_PCAMR-C-006_SCI_N_20220920064921_20220920064921_0256_B.png,CE4_GRAS_PCAMR-C-007_SCI_N_20211030021204_20211030021204_0215_B.png,0,0,1596,308,1,1018,393,1,0.5478
94,CE4_GRAS_PCAMR-C-006_SCI_N_20220920064921_20220920064921_0256_B.png,CE4_GRAS_PCAMR-C-007_SCI_N_20211030021204_20211030021204_0215_B.png,1,0,1617,624,1,2016,1326,1,0.5478
94,CE4_GRAS_PCAMR-C-006_SCI_N_20220920064921_20220920064921_0256_B.png,CE4_GRAS_PCAMR-C-007_SCI_N_20211030021204_20211030021204_0215_B.png,2,1,871,1118,0,1890,740,-1,0.5478
95,CE4_GRAS_PCAML-C-000_SCI_N_20200428092933_20200428092933_0128_B.png,CE4_GRAS_PCAMR-C-032_SCI_N_20230615043808_20230615043808_0296_B.png,0,0,1197,918,1,483,277,1,0.0520
95,CE4_GRAS_PCAML-C-000_SCI_N_20200428092933_20200428092933_0128_B.png,CE4_GRAS_PCAMR-C-032_SCI_N_20230615043808_20230615043808_0296_B.png,1,1,2037,1188,1,987,740,-1,0.0520
95,CE4_GRAS_PCAML-C-000_SCI_N_20200428092933_20200428092933_0128_B.png,CE4_GRAS_PCAMR-C-032_SCI_N_20230615043808_20230615043808_0296_B.png,2,1,1039,1195,0,325,501,-1,0.0520
96,CE4_GRAS_PCAML-C-004_SCI_N_20200130071712_20200130071712_0115_B.png,CE4_GRAS_PCAML-C-044_SCI_N_20230615050044_20230615050044_0296_B.png,0,1,367,632,0,672,501,0,0.1892
96,CE4_GRAS_PCAML-C-004_SCI_N_20200130071712_20200130071712_0115_B.png,CE4_GRAS_PCAML-C-044_SCI_N_20230615050044_20230615050044_0296_B.png,1,1,1155,624,0,1270,686,0,0.1892
96,CE4_GRAS_PCAML-C-004_SCI_N_20200130071712_20200130071712_0115_B.png,CE4_GRAS_PCAML-C-044_SCI_N_20230615050044_20230615050044_0296_B.png,2,1,1008,1458,0,325,1311,0,0.1892
97,CE4_GRAS_PCAML-C-007_SCI_N_20210812043021_20210812043021_0204_B.png,CE4_GRAS_PCAMR-C-022_SCI_N_20190228085259_20190228085259_0011_B.png,0,0,399,771,1,1743,686,0,0.1149
97,CE4_GRAS_PCAML-C-007_SCI_N_20210812043021_20210812043021_0204_B.png,CE4_GRAS_PCAMR-C-022_SCI_N_20190228085259_20190228085259_0011_B.png,1,1,1638,972,1,1249,192,0,0.1149
97,CE4_GRAS_PCAML-C-007_SCI_N_20210812043021_20210812043021_0204_B.png,CE4_GRAS_PCAMR-C-022_SCI_N_20190228085259_20190228085259_0011_B.png,2,0,987,1280,1,819,1550,-1,0.1149
98,CE4_GRAS_PCAMR-C-038_SCI_N_20190925042547_20190925042547_0076_B.png,CE4_GRAS_PCAMR-C-044_SCI_N_20190228094938_20190228094938_0011_B.png,0,0,1302,979,1,2058,594,-1,0.3050
98,CE4_GRAS_PCAMR-C-038_SCI_N_20190925042547_20190925042547_0076_B.png,CE4_GRAS_PCAMR-C-044_SCI_N_20190228094938_20190228094938_0011_B.png,1,1,1669,540,1,903,439,-1,0.3050
98,CE4_GRAS_PCAMR-C-038_SCI_N_20190925042547_20190925042547_0076_B.png,CE4_GRAS_PCAMR-C-044_SCI_N_20190228094938_20190228094938_0011_B.png,2,0,1134,1488,0,2068,1118,0,0.3050
99,CE4_GRAS_PCAML-C-002_SCI_N_20200320091936_20200320091936_0123_B.png,CE4_GRAS_PCAMR-C-007_SCI_N_20220106114828_20220106114828_0226_B.png,0,0,630,1373,0,1806,532,-1,0.0892
99,CE4_GRAS_PCAML-C-002_SCI_N_20200320091936_20200320091936_0123_B.png,CE4_GRAS_PCAMR-C-007_SCI_N_20220106114828_20220106114828_0226_B.png,1,1,1900,532,0,1165,1527,1,0.0892
99,CE4_GRAS_PCAML-C-002_SCI_N_20200320091936_20200320091936_0123_B.png,CE4_GRAS_PCAMR-C-007_SCI_N_20220106114828_20220106114828_0226_B.png,2,0,1491,516,1,1249,678,-1,0.0892
100,CE4_GRAS_PCAML-C-002_SCI_N_20190827094539_20190827094539_0060_B.png,CE4_GRAS_PCAML-C-003_SCI_N_20210117043758_20210117043758_0166_B.png,0,0,1680,169,1,1806,1542,0,0.1549
100,CE4_GRAS_PCAML-C-002_SCI_N_20190827094539_20190827094539_0060_B.png,CE4_GRAS_PCAML-C-003_SCI_N_20210117043758_20210117043758_0166_B.png,1,0,252,509,1,777,1188,1,0.1549
100,CE4_GRAS_PCAML-C-002_SCI_N_20190827094539_20190827094539_0060_B.png,CE4_GRAS_PCAML-C-003_SCI_N_20210117043758_20210117043758_0166_B.png,2,0,357,810,1,777,624,1,0.1549
101,CE4_GRAS_PCAML-C-000_SCI_N_20200120075551_20200120075551_0112_B.png,CE4_GRAS_PCAML-C-032_SCI_N_20230615043823_20230615043823_0296_B.png,0,1,1774,1080,1,1186,1535,-1,0.3311
101,CE4_GRAS_PCAML-C-000_SCI_N_20200120075551_20200120075551_0112_B.png,CE4_GRAS_PCAML-C-032_SCI_N_20230615043823_20230615043823_0296_B.png,1,0,1858,732,1,1417,470,0,0.3311
101,CE4_GRAS_PCAML-C-000_SCI_N_20200120075551_20200120075551_0112_B.png,CE4_GRAS_PCAML-C-032_SCI_N_20230615043823_20230615043823_0296_B.png,2,1,1375,1180,0,525,833,0,0.3311
102,CE4_GRAS_PCAML-C-006_SCI_N_20220527060157_20220527060157_0247_B.png,CE4_GRAS_PCAMR-C-046_SCI_N_20190228095218_20190228095218_0011_B.png,0,0,1396,1496,1,430,270,-1,0.0338
102,CE4_GRAS_PCAML-C-006_SCI_N_20220527060157_20220527060157_0247_B.png,CE4_GRAS_PCAMR-C-046_SCI_N_20190228095218_20190228095218_0011_B.png,1,0,1102,678,1,693,1411,-1,0.0338
102,CE4_GRAS_PCAML-C-006_SCI_N_20220527060157_20220527060157_0247_B.png,CE4_GRAS_PCAMR-C-046_SCI_N_20190228095218_20190228095218_0011_B.png,2,0,735,725,1,2089,401,-1,0.0338
103,CE4_GRAS_PCAML-C-009_SCI_N_20220329085124_20220329085124_0238_B.png,CE4_GRAS_PCAMR-C-013_SCI_N_20220128101735_20220128101735_0230_B.png,0,0,1732,1427,1,619,1080,-1,0.0999
103,CE4_GRAS_PCAML-C-009_SCI_N_20220329085124_20220329085124_0238_B.png,CE4_GRAS_PCAMR-C-013_SCI_N_20220128101735_20220128101735_0230_B.png,1,0,1554,185,1,766,408,-1,0.0999
103,CE4_GRAS_PCAML-C-009_SCI_N_20220329085124_20220329085124_0238_B.png,CE4_GRAS_PCAMR-C-013_SCI_N_20220128101735_20220128101735_0230_B.png,2,1,1984,1257,0,1186,1242,1,0.0999
104,CE4_GRAS_PCAML-C-001_SCI_N_20220831072431_20220831072431_0255_B.png,CE4_GRAS_PCAMR-C-007_SCI_N_20191202053505_20191202053505_0097_B.png,0,0,1438,1242,1,1144,1218,0,0.2464
104,CE4_GRAS_PCAML-C-001_SCI_N_20220831072431_20220831072431_0255_B.png,CE4_GRAS_PCAMR-C-007_SCI_N_20191202053505_20191202053505_0097_B.png,1,0,1197,339,0,241,972,1,0.2464
104,CE4_GRAS_PCAML-C-001_SCI_N_20220831072431_20220831072431_0255_B.png,CE4_GRAS_PCAMR-C-007_SCI_N_20191202053505_20191202053505_0097_B.png,2,0,1333,1010,1,798,1288,1,0.2464
105,CE4_GRAS_PCAML-C-037_SCI_N_20230615044548_20230615044548_0296_B.png,CE4_GRAS_PCAMR-C-041_SCI_N_20220106134439_20220106134439_0226_B.png,0,1,1533,486,1,882,1542,0,0.1058
105,CE4_GRAS_PCAML-C-037_SCI_N_20230615044548_20230615044548_0296_B.png,CE4_GRAS_PCAMR-C-041_SCI_N_20220106134439_20220106134439_0226_B.png,1,1,1260,1334,1,1039,262,0,0.1058
105,CE4_GRAS_PCAML-C-037_SCI_N_20230615044548_20230615044548_0296_B.png,CE4_GRAS_PCAMR-C-041_SCI_N_20220106134439_20220106134439_0226_B.png,2,1,1365,840,1,2068,192,0,0.1058
106,CE4_GRAS_PCAML-C-000_SCI_N_20190827051956_20190827051956_0059_B.png,CE4_GRAS_PCAML-C-000_SCI_N_20210117043331_20210117043331_0166_B.png,0,0,1459,1527,1,546,493,1,0.1888
106,CE4_GRAS_PCAML-C-000_SCI_N_20190827051956_20190827051956_0059_B.png,CE4_GRAS_PCAML-C-000_SCI_N_20210117043331_20210117043331_0166_B.png,1,1,871,609,1,252,1203,0,0.1888
106,CE4_GRAS_PCAML-C-000_SCI_N_20190827051956_20190827051956_0059_B.png,CE4_GRAS_PCAML-C-000_SCI_N_20210117043331_20210117043331_0166_B.png,2,1,493,185,1,598,1334,1,0.1888
107,CE4_GRAS_PCAML-C-002_SCI_N_20191202052406_20191202052406_0097_B.png,CE4_GRAS_PCAMR-C-009_SCI_N_20200227113718_20200227113718_0121_B.png,0,1,2100,200,0,1575,1542,-1,0.1500
107,CE4_GRAS_PCAML-C-002_SCI_N_20191202052406_20191202052406_0097_B.png,CE4_GRAS_PCAMR-C-009_SCI_N_20200227113718_20200227113718_0121_B.png,1,0,808,1188,1,1774,1249,0,0.1500
107,CE4_GRAS_PCAML-C-002_SCI_N_20191202052406_20191202052406_0097_B.png,CE4_GRAS_PCAMR-C-009_SCI_N_20200227113718_20200227113718_0121_B.png,2,1,2100,1434,0,1974,1357,-1,0.1500
108,CE4_GRAS_PCAML-C-034_SCI_N_20230615044121_20230615044121_0296_B.png,CE4_GRAS_PCAML-C-054_SCI_N_20230615051534_20230615051534_0296_B.png,0,1,1312,1118,0,472,1103,1,0.2304
108,CE4_GRAS_PCAML-C-034_SCI_N_20230615044121_20230615044121_0296_B.png,CE4_GRAS_PCAML-C-054_SCI_N_20230615051534_20230615051534_0296_B.png,1,0,1974,840,1,1711,925,-1,0.2304
108,CE4_GRAS_PCAML-C-034_SCI_N_20230615044121_20230615044121_0296_B.png,CE4_GRAS_PCAML-C-054_SCI_N_20230615051534_20230615051534_0296_B.png,2,0,1134,1465,1,1438,532,0,0.2304
109,CE4_GRAS_PCAML-C-015_SCI_N_20220329090032_20220329090032_0238_B.png,CE4_GRAS_PCAMR-C-052_SCI_N_20230615051220_20230615051220_0296_B.png,0,1,913,601,0,1827,563,0,0.3370
109,CE4_GRAS_PCAML-C-015_SCI_N_20220329090032_20220329090032_0238_B.png,CE4_GRAS_PCAMR-C-052_SCI_N_20230615051220_20230615051220_0296_B.png,1,0,1848,308,0,672,1550,0,0.3370
109,CE4_GRAS_PCAML-C-015_SCI_N_20220329090032_20220329090032_0238_B.png,CE4_GRAS_PCAMR-C-052_SCI_N_20230615051220_20230615051220_0296_B.png,2,0,283,370,1,609,972,1,0.3370
110,CE4_GRAS_PCAML-C-045_SCI_N_20190228095113_20190228095113_0011_B.png,CE4_GRAS_PCAMR-C-027_SCI_N_20230615042122_20230615042122_0296_B.png,0,0,1774,1134,1,1953,617,0,0.1920
110,CE4_GRAS_PCAML-C-045_SCI_N_20190228095113_20190228095113_0011_B.png,CE4_GRAS_PCAMR-C-027_SCI_N_20230615042122_20230615042122_0296_B.png,1,0,976,347,1,399,671,-1,0.1920
110,CE4_GRAS_PCAML-C-045_SCI_N_20190228095113_20190228095113_0011_B.png,CE4_GRAS_PCAMR-C-027_SCI_N_20230615042122_20230615042122_0296_B.png,2,0,735,516,1,1606,802,0,0.1920
111,CE4_GRAS_PCAML-C-007_SCI_N_20210207091352_20210207091352_0172_B.png,CE4_GRAS_PCAMR-C-006_SCI_N_20200320092742_20200320092742_0123_B.png,0,0,976,447,1,1669,1458,0,0.3035
111,CE4_GRAS_PCAML-C-007_SCI_N_20210207091352_20210207091352_0172_B.png,CE4_GRAS_PCAMR-C-006_SCI_N_20200320092742_20200320092742_0123_B.png,1,0,1669,972,0,661,1018,-1,0.3035
111,CE4_GRAS_PCAML-C-007_SCI_N_20210207091352_20210207091352_0172_B.png,CE4_GRAS_PCAMR-C-006_SCI_N_20200320092742_20200320092742_0123_B.png,2,1,304,995,1,682,324,1,0.3035
112,CE4_GRAS_PCAMR-C-001_SCI_N_20190110211233_20190110211233_0002_B.png,CE4_GRAS_PCAMR-C-014_SCI_N_20211030022609_20211030022609_0215_B.png,0,1,1564,540,0,819,702,-1,0.0851
112,CE4_GRAS_PCAMR-C-001_SCI_N_20190110211233_20190110211233_0002_B.png,CE4_GRAS_PCAMR-C-014_SCI_N_20211030022609_20211030022609_0215_B.png,1,1,955,1157,0,1606,1164,-1,0.0851
112,CE4_GRAS_PCAMR-C-001_SCI_N_20190110211233_20190110211233_0002_B.png,CE4_GRAS_PCAMR-C-014_SCI_N_20211030022609_20211030022609_0215_B.png,2,1,1648,1157,0,756,1049,-1,0.0851
113,CE4_GRAS_PCAML-C-012_SCI_N_20210812043746_20210812043746_0204_B.png,CE4_GRAS_PCAMR-C-017_SCI_N_20221127091714_20221127091714_0269_B.png,0,1,1501,1180,0,1092,833,1,0.4419
113,CE4_GRAS_PCAML-C-012_SCI_N_20210812043746_20210812043746_0204_B.png,CE4_GRAS_PCAMR-C-017_SCI_N_20221127091714_20221127091714_0269_B.png,1,1,1659,1450,0,399,817,1,0.4419
113,CE4_GRAS_PCAML-C-012_SCI_N_20210812043746_20210812043746_0204_B.png,CE4_GRAS_PCAMR-C-017_SCI_N_20221127091714_20221127091714_0269_B.png,2,1,1659,702,0,1522,424,1,0.4419
114,CE4_GRAS_PCAMR-C-004_SCI_N_20200329050808_20200329050808_0124_B.png,CE4_GRAS_PCAMR-C-010_SCI_N_20230417051733_20230417051733_0288_B.png,0,1,2079,262,1,1218,509,0,0.0356
114,CE4_GRAS_PCAMR-C-004_SCI_N_20200329050808_20200329050808_0124_B.png,CE4_GRAS_PCAMR-C-010_SCI_N_20230417051733_20230417051733_0288_B.png,1,1,903,532,1,1249,246,-1,0.0356
114,CE4_GRAS_PCAMR-C-004_SCI_N_20200329050808_20200329050808_0124_B.png,CE4_GRAS_PCAMR-C-010_SCI_N_20230417051733_20230417051733_0288_B.png,2,1,2079,725,0,619,956,-1,0.0356
115,CE4_GRAS_PCAMR-C-019_SCI_N_20211030023334_20211030023334_0215_B.png,CE4_GRAS_PCAMR-C-042_SCI_N_20190228094658_20190228094658_0011_B.png,0,1,1953,447,0,1365,516,1,0.2329
115,CE4_GRAS_PCAMR-C-019_SCI_N_20211030023334_20211030023334_0215_B.png,CE4_GRAS_PCAMR-C-042_SCI_N_20190228094658_20190228094658_0011_B.png,1,0,1837,979,1,525,1550,0,0.2329
115,CE4_GRAS_PCAMR-C-019_SCI_N_20211030023334_20211030023334_0215_B.png,CE4_GRAS_PCAMR-C-042_SCI_N_20190228094658_20190228094658_0011_B.png,2,1,1942,1026,1,1596,1450,1,0.2329
116,CE4_GRAS_PCAML-C-000_SCI_N_20200131013127_20200131013127_0116_B.png,CE4_GRAS_PCAML-C-041_SCI_N_20230417061613_20230417061613_0288_B.png,0,0,766,1535,1,304,1350,1,0.4091
116,CE4_GRAS_PCAML-C-000_SCI_N_20200131013127_20200131013127_0116_B.png,CE4_GRAS_PCAML-C-041_SCI_N_20230417061613_20230417061613_0288_B.png,1,1,955,516,0,1974,694,-1,0.4091
116,CE4_GRAS_PCAML-C-000_SCI_N_20200131013127_20200131013127_0116_B.png,CE4_GRAS_PCAML-C-041_SCI_N_20230417061613_20230417061613_0288_B.png,2,1,1092,894,1,1837,825,0,0.4091
117,CE4_GRAS_PCAML-C-001_SCI_N_20190708043517_20190708043517_0048_B.png,CE4_GRAS_PCAMR-C-004_SCI_N_20201218131113_20201218131113_0162_B.png,0,0,1543,1334,0,1354,285,-1,0.4167
117,CE4_GRAS_PCAML-C-001_SCI_N_20190708043517_20190708043517_0048_B.png,CE4_GRAS_PCAMR-C-004_SCI_N_20201218131113_20201218131113_0162_B.png,1,1,1302,902,0,2110,694,1,0.4167
117,CE4_GRAS_PCAML-C-001_SCI_N_20190708043517_20190708043517_0048_B.png,CE4_GRAS_PCAMR-C-004_SCI_N_20201218131113_20201218131113_0162_B.png,2,0,262,1041,0,588,216,-1,0.4167
118,CE4_GRAS_PCAML-C-008_SCI_N_20191202053649_20191202053649_0097_B.png,CE4_GRAS_PCAMR-C-008_SCI_N_20200329051920_20200329051920_0124_B.png,0,0,850,1033,0,546,632,0,0.2465
118,CE4_GRAS_PCAML-C-008_SCI_N_20191202053649_20191202053649_0097_B.png,CE4_GRAS_PCAMR-C-008_SCI_N_20200329051920_20200329051920_0124_B.png,1,0,1722,1326,1,1575,169,0,0.2465
118,CE4_GRAS_PCAML-C-008_SCI_N_20191202053649_20191202053649_0097_B.png,CE4_GRAS_PCAMR-C-008_SCI_N_20200329051920_20200329051920_0124_B.png,2,0,2016,1427,1,525,324,0,0.2465
119,CE4_GRAS_PCAMR-C-001_SCI_N_20220328085139_20220328085139_0237_B.png,CE4_GRAS_PCAMR-C-029_SCI_N_20220106122646_20220106122646_0226_B.png,0,1,882,794,0,609,864,0,0.3350
119,CE4_GRAS_PCAMR-C-001_SCI_N_20220328085139_20220328085139_0237_B.png,CE4_GRAS_PCAMR-C-029_SCI_N_20220106122646_20220106122646_0226_B.png,1,0,493,432,0,1228,910,0,0.3350
119,CE4_GRAS_PCAMR-C-001_SCI_N_20220328085139_20220328085139_0237_B.png,CE4_GRAS_PCAMR-C-029_SCI_N_20220106122646_20220106122646_0226_B.png,2,1,1302,185,0,556,1195,1,0.3350
120,CE4_GRAS_PCAML-C-007_SCI_N_20211230070515_20211230070515_0225_B.png,CE4_GRAS_PCAMR-C-001_SCI_N_20191202052222_20191202052222_0097_B.png,0,0,1459,802,1,1785,1157,0,0.1342
120,CE4_GRAS_PCAML-C-007_SCI_N_20211230070515_20211230070515_0225_B.png,CE4_GRAS_PCAMR-C-001_SCI_N_20191202052222_20191202052222_0097_B.png,1,0,1858,408,1,1480,1388,0,0.1342
120,CE4_GRAS_PCAML-C-007_SCI_N_20211230070515_20211230070515_0225_B.png,CE4_GRAS_PCAMR-C-001_SCI_N_20191202052222_20191202052222_0097_B.png,2,0,241,1365,1,1354,671,-1,0.1342
121,CE4_GRAS_PCAML-C-009_SCI_N_20201218132252_20201218132252_0162_B.png,CE4_GRAS_PCAMR-C-006_SCI_N_20190905081117_20190905081117_0067_B.png,0,0,1816,1203,1,1291,1373,-1,0.2129
121,CE4_GRAS_PCAML-C-009_SCI_N_20201218132252_20201218132252_0162_B.png,CE4_GRAS_PCAMR-C-006_SCI_N_20190905081117_20190905081117_0067_B.png,1,1,357,856,0,1050,1326,1,0.2129
121,CE4_GRAS_PCAML-C-009_SCI_N_20201218132252_20201218132252_0162_B.png,CE4_GRAS_PCAMR-C-006_SCI_N_20190905081117_20190905081117_0067_B.png,2,1,735,948,0,1512,825,1,0.2129
122,CE4_GRAS_PCAMR-C-000_SCI_N_20210117043315_20210117043315_0166_B.png,CE4_GRAS_PCAMR-C-005_SCI_N_20211230070201_20211230070201_0225_B.png,0,1,1837,786,1,1291,563,0,0.2044
122,CE4_GRAS_PCAMR-C-000_SCI_N_20210117043315_20210117043315_0166_B.png,CE4_GRAS_PCAMR-C-005_SCI_N_20211230070201_20211230070201_0225_B.png,1,1,934,1242,0,1501,331,-1,0.2044
122,CE4_GRAS_PCAMR-C-000_SCI_N_20210117043315_20210117043315_0166_B.png,CE4_GRAS_PCAMR-C-005_SCI_N_20211230070201_20211230070201_0225_B.png,2,0,924,802,1,1480,1257,0,0.2044
123,CE4_GRAS_PCAML-C-038_SCI_N_20190925042603_20190925042603_0076_B.png,CE4_GRAS_PCAMR-C-005_SCI_N_20190112101728_20190112101728_0003_B.png,0,0,1984,1134,1,1680,540,-1,0.0573
123,CE4_GRAS_PCAML-C-038_SCI_N_20190925042603_20190925042603_0076_B.png,CE4_GRAS_PCAMR-C-005_SCI_N_20190112101728_20190112101728_0003_B.png,1,1,892,1519,0,1512,447,1,0.0573
123,CE4_GRAS_PCAML-C-038_SCI_N_20190925042603_20190925042603_0076_B.png,CE4_GRAS_PCAMR-C-005_SCI_N_20190112101728_20190112101728_0003_B.png,2,1,2026,655,0,1249,1018,1,0.0573
124,CE4_GRAS_PCAML-C-001_SCI_N_20210812041811_20210812041811_0204_B.png,CE4_GRAS_PCAML-C-014_SCI_N_20200227114459_20200227114459_0121_B.png,0,0,1449,1334,0,1858,1380,0,0.3185
124,CE4_GRAS_PCAML-C-001_SCI_N_20210812041811_20210812041811_0204_B.png,CE4_GRAS_PCAML-C-014_SCI_N_20200227114459_20200227114459_0121_B.png,1,1,262,316,1,2026,802,0,0.3185
124,CE4_GRAS_PCAML-C-001_SCI_N_20210812041811_20210812041811_0204_B.png,CE4_GRAS_PCAML-C-014_SCI_N_20200227114459_20200227114459_0121_B.png,2,0,1186,331,1,1155,239,1,0.3185
125,CE4_GRAS_PCAML-C-020_SCI_N_20230615041115_20230615041115_0296_B.png,CE4_GRAS_PCAML-C-042_SCI_N_20220106134624_20220106134624_0226_B.png,0,1,1837,702,0,1470,918,-1,0.2338
125,CE4_GRAS_PCAML-C-020_SCI_N_20230615041115_20230615041115_0296_B.png,CE4_GRAS_PCAML-C-042_SCI_N_20220106134624_20220106134624_0226_B.png,1,0,798,1002,0,1228,177,-1,0.2338
125,CE4_GRAS_PCAML-C-020_SCI_N_20230615041115_20230615041115_0296_B.png,CE4_GRAS_PCAML-C-042_SCI_N_20220106134624_20220106134624_0226_B.png,2,0,1606,663,0,1606,1388,1,0.2338
126,CE4_GRAS_PCAML-C-005_SCI_N_20200428093658_20200428093658_0128_B.png,CE4_GRAS_PCAMR-C-008_SCI_N_20220527060440_20220527060440_0247_B.png,0,1,714,609,0,262,239,0,0.2308
126,CE4_GRAS_PCAML-C-005_SCI_N_20200428093658_20200428093658_0128_B.png,CE4_GRAS_PCAMR-C-008_SCI_N_20220527060440_20220527060440_0247_B.png,1,1,1134,1481,0,682,871,-1,0.2308
126,CE4_GRAS_PCAML-C-005_SCI_N_20200428093658_20200428093658_0128_B.png,CE4_GRAS_PCAMR-C-008_SCI_N_20220527060440_20220527060440_0247_B.png,2,1,1333,470,1,1428,1257,-1,0.2308
127,CE4_GRAS_PCAML-C-003_SCI_N_20200227112355_20200227112355_0121_B.png,CE4_GRAS_PCAMR-C-002_SCI_N_20210207090214_20210207090214_0172_B.png,0,1,2058,416,0,378,1519,0,0.1418
127,CE4_GRAS_PCAML-C-003_SCI_N_20200227112355_20200227112355_0121_B.png,CE4_GRAS_PCAMR-C-002_SCI_N_20210207090214_20210207090214_0172_B.png,1,0,1701,624,1,1533,470,-1,0.1418
127,CE4_GRAS_PCAML-C-003_SCI_N_20200227112355_20200227112355_0121_B.png,CE4_GRAS_PCAMR-C-002_SCI_N_20210207090214_20210207090214_0172_B.png,2,1,630,1535,0,1816,208,-1,0.1418
128,CE4_GRAS_PCAML-C-012_SCI_N_20230615034858_20230615034858_0296_B.png,CE4_GRAS_PCAMR-C-005_SCI_N_20210812042352_20210812042352_0204_B.png,0,1,2005,833,1,1396,401,-1,0.2393
128,CE4_GRAS_PCAML-C-012_SCI_N_20230615034858_20230615034858_0296_B.png,CE4_GRAS_PCAMR-C-005_SCI_N_20210812042352_20210812042352_0204_B.png,1,1,1102,1380,0,304,609,-1,0.2393
128,CE4_GRAS_PCAML-C-012_SCI_N_20230615034858_20230615034858_0296_B.png,CE4_GRAS_PCAMR-C-005_SCI_N_20210812042352_20210812042352_0204_B.png,2,1,399,694,0,2026,1488,0,0.2393
129,CE4_GRAS_PCAML-C-026_SCI_N_20230615042009_20230615042009_0296_B.png,CE4_GRAS_PCAMR-C-037_SCI_N_20230615044533_20230615044533_0296_B.png,0,0,420,1056,0,1386,709,0,0.1433
129,CE4_GRAS_PCAML-C-026_SCI_N_20230615042009_20230615042009_0296_B.png,CE4_GRAS_PCAMR-C-037_SCI_N_20230615044533_20230615044533_0296_B.png,1,0,294,501,1,441,1411,0,0.1433
129,CE4_GRAS_PCAML-C-026_SCI_N_20230615042009_20230615042009_0296_B.png,CE4_GRAS_PCAMR-C-037_SCI_N_20230615044533_20230615044533_0296_B.png,2,0,1879,524,1,777,1141,1,0.1433
130,CE4_GRAS_PCAML-C-007_SCI_N_20220920065106_20220920065106_0256_B.png,CE4_GRAS_PCAML-C-028_SCI_N_20230615043227_20230615043227_0296_B.png,0,0,1732,316,0,1386,1234,1,0.3257
130,CE4_GRAS_PCAML-C-007_SCI_N_20220920065106_20220920065106_0256_B.png,CE4_GRAS_PCAML-C-028_SCI_N_20230615043227_20230615043227_0296_B.png,1,0,556,1265,1,1375,910,0,0.3257
130,CE4_GRAS_PCAML-C-007_SCI_N_20220920065106_20220920065106_0256_B.png,CE4_GRAS_PCAML-C-028_SCI_N_20230615043227_20230615043227_0296_B.png,2,1,1270,1157,1,2058,601,-1,0.3257
131,CE4_GRAS_PCAML-C-015_SCI_N_20230615040350_20230615040350_0296_B.png,CE4_GRAS_PCAMR-C-001_SCI_N_20200131030040_20200131030040_0117_B.png,0,1,1060,185,1,1333,578,0,0.2300
131,CE4_GRAS_PCAML-C-015_SCI_N_20230615040350_20230615040350_0296_B.png,CE4_GRAS_PCAMR-C-001_SCI_N_20200131030040_20200131030040_0117_B.png,1,0,409,331,0,2047,810,1,0.2300
131,CE4_GRAS_PCAML-C-015_SCI_N_20230615040350_20230615040350_0296_B.png,CE4_GRAS_PCAMR-C-001_SCI_N_20200131030040_20200131030040_0117_B.png,2,0,1092,617,0,567,956,1,0.2300
132,CE4_GRAS_PCAML-C-000_SCI_N_20211030020157_20211030020157_0215_B.png,CE4_GRAS_PCAMR-C-003_SCI_N_20220107131732_20220107131732_0227_B.png,0,0,1606,455,1,1081,1550,1,0.2433
132,CE4_GRAS_PCAML-C-000_SCI_N_20211030020157_20211030020157_0215_B.png,CE4_GRAS_PCAMR-C-003_SCI_N_20220107131732_20220107131732_0227_B.png,1,1,451,848,0,777,763,0,0.2433
132,CE4_GRAS_PCAML-C-000_SCI_N_20211030020157_20211030020157_0215_B.png,CE4_GRAS_PCAMR-C-003_SCI_N_20220107131732_20220107131732_0227_B.png,2,1,1344,1257,1,1669,1357,1,0.2433
133,CE4_GRAS_PCAML-C-002_SCI_N_20191221121135_20191221121135_0099_B.png,CE4_GRAS_PCAMR-C-005_SCI_N_20211229080613_20211229080613_0224_B.png,0,1,609,285,1,1953,1388,-1,0.2277
133,CE4_GRAS_PCAML-C-002_SCI_N_20191221121135_20191221121135_0099_B.png,CE4_GRAS_PCAMR-C-005_SCI_N_20211229080613_20211229080613_0224_B.png,1,0,1281,1033,0,2058,1002,-1,0.2277
133,CE4_GRAS_PCAML-C-002_SCI_N_20191221121135_20191221121135_0099_B.png,CE4_GRAS_PCAMR-C-005_SCI_N_20211229080613_20211229080613_0224_B.png,2,1,357,1002,1,1743,254,1,0.2277
134,CE4_GRAS_PCAML-C-000_SCI_N_20190903091501_20190903091501_0061_B.png,CE4_GRAS_PCAMR-C-051_SCI_N_20230417063420_20230417063420_0288_B.png,0,0,1827,725,0,1638,1280,1,0.1764
134,CE4_GRAS_PCAML-C-000_SCI_N_20190903091501_20190903091501_0061_B.png,CE4_GRAS_PCAMR-C-051_SCI_N_20230417063420_20230417063420_0288_B.png,1,0,955,1427,0,252,779,-1,0.1764
134,CE4_GRAS_PCAML-C-000_SCI_N_20190903091501_20190903091501_0061_B.png,CE4_GRAS_PCAMR-C-051_SCI_N_20230417063420_20230417063420_0288_B.png,2,0,840,632,0,703,1033,1,0.1764
135,CE4_GRAS_PCAML-C-003_SCI_N_20220107131748_20220107131748_0227_B.png,CE4_GRAS_PCAMR-C-006_SCI_N_20200227112806_20200227112806_0121_B.png,0,1,2037,447,1,1900,1388,0,0.2342
135,CE4_GRAS_PCAML-C-003_SCI_N_20220107131748_20220107131748_0227_B.png,CE4_GRAS_PCAMR-C-006_SCI_N_20200227112806_20200227112806_0121_B.png,1,1,1050,1265,0,1375,887,0,0.2342
135,CE4_GRAS_PCAML-C-003_SCI_N_20220107131748_20220107131748_0227_B.png,CE4_GRAS_PCAMR-C-006_SCI_N_20200227112806_20200227112806_0121_B.png,2,0,1564,1396,0,714,501,0,0.2342
136,CE4_GRAS_PCAML-C-004_SCI_N_20200131014157_20200131014157_0116_B.png,CE4_GRAS_PCAMR-C-006_SCI_N_20190111034036_20190111034036_0002_B.png,0,0,1722,1002,1,1396,756,-1,0.1263
136,CE4_GRAS_PCAML-C-004_SCI_N_20200131014157_20200131014157_0116_B.png,CE4_GRAS_PCAMR-C-006_SCI_N_20190111034036_20190111034036_0002_B.png,1,1,1795,655,1,1942,948,0,0.1263
136,CE4_GRAS_PCAML-C-004_SCI_N_20200131014157_20200131014157_0116_B.png,CE4_GRAS_PCAMR-C-006_SCI_N_20190111034036_20190111034036_0002_B.png,2,1,1795,1450,1,252,470,-1,0.1263
137,CE4_GRAS_PCAML-C-002_SCI_N_20201211034931_20201211034931_0161_B.png,CE4_GRAS_PCAMR-C-003_SCI_N_20191202052520_20191202052520_0097_B.png,0,0,2026,1550,1,966,1141,-1,0.1248
137,CE4_GRAS_PCAML-C-002_SCI_N_20201211034931_20201211034931_0161_B.png,CE4_GRAS_PCAMR-C-003_SCI_N_20191202052520_20191202052520_0097_B.png,1,1,1743,1458,0,1785,486,0,0.1248
137,CE4_GRAS_PCAML-C-002_SCI_N_20201211034931_20201211034931_0161_B.png,CE4_GRAS_PCAMR-C-003_SCI_N_20191202052520_20191202052520_0097_B.png,2,1,357,1465,0,1008,1018,0,0.1248
138,CE4_GRAS_PCAML-C-031_SCI_N_20190925041643_20190925041643_0076_B.png,CE4_GRAS_PCAMR-C-039_SCI_N_20190925042707_20190925042707_0076_B.png,0,0,2110,1203,0,1144,200,1,0.1162
138,CE4_GRAS_PCAML-C-031_SCI_N_20190925041643_20190925041643_0076_B.png,CE4_GRAS_PCAMR-C-039_SCI_N_20190925042707_20190925042707_0076_B.png,1,1,430,671,1,1407,293,-1,0.1162
138,CE4_GRAS_PCAML-C-031_SCI_N_20190925041643_20190925041643_0076_B.png,CE4_GRAS_PCAMR-C-039_SCI_N_20190925042707_20190925042707_0076_B.png,2,1,1018,1188,1,1879,393,1,0.1162
139,CE4_GRAS_PCAML-C-001_SCI_N_20201211034802_20201211034802_0161_B.png,CE4_GRAS_PCAMR-C-008_SCI_N_20200227113104_20200227113104_0121_B.png,0,0,1407,570,0,735,347,-1,0.1086
139,CE4_GRAS_PCAML-C-001_SCI_N_20201211034802_20201211034802_0161_B.png,CE4_GRAS_PCAMR-C-008_SCI_N_20200227113104_20200227113104_0121_B.png,1,0,955,586,0,346,424,1,0.1086
139,CE4_GRAS_PCAML-C-001_SCI_N_20201211034802_20201211034802_0161_B.png,CE4_GRAS_PCAMR-C-008_SCI_N_20200227113104_20200227113104_0121_B.png,2,0,1176,1110,1,1890,185,0,0.1086
140,CE4_GRAS_PCAML-C-003_SCI_N_20200320092105_20200320092105_0123_B.png,CE4_GRAS_PCAMR-C-017_SCI_N_20190925034641_20190925034641_0076_B.png,0,1,672,246,1,1648,1272,0,0.2724
140,CE4_GRAS_PCAML-C-003_SCI_N_20200320092105_20200320092105_0123_B.png,CE4_GRAS_PCAMR-C-017_SCI_N_20190925034641_20190925034641_0076_B.png,1,1,1449,786,0,304,686,-1,0.2724
140,CE4_GRAS_PCAML-C-003_SCI_N_20200320092105_20200320092105_0123_B.png,CE4_GRAS_PCAMR-C-017_SCI_N_20190925034641_20190925034641_0076_B.png,2,0,1186,1211,1,231,1265,1,0.2724
141,CE4_GRAS_PCAML-C-004_SCI_N_20220328090204_20220328090204_0237_B.png,CE4_GRAS_PCAML-C-030_SCI_N_20190925041523_20190925041523_0076_B.png,0,1,829,1288,0,1795,347,0,0.0638
141,CE4_GRAS_PCAML-C-004_SCI_N_20220328090204_20220328090204_0237_B.png,CE4_GRAS_PCAML-C-030_SCI_N_20190925041523_20190925041523_0076_B.png,1,0,1512,1265,1,924,624,-1,0.0638
141,CE4_GRAS_PCAML-C-004_SCI_N_20220328090204_20220328090204_0237_B.png,CE4_GRAS_PCAML-C-030_SCI_N_20190925041523_20190925041523_0076_B.png,2,0,1407,671,0,829,763,1,0.0638
142,CE4_GRAS_PCAML-C-019_SCI_N_20221127092106_20221127092106_0269_B.png,CE4_GRAS_PCAMR-C-020_SCI_N_20190228085019_20190228085019_0011_B.png,0,1,1669,1512,1,525,871,1,0.0805
142,CE4_GRAS_PCAML-C-019_SCI_N_20221127092106_20221127092106_0269_B.png,CE4_GRAS_PCAMR-C-020_SCI_N_20190228085019_20190228085019_0011_B.png,1,1,315,640,0,1606,671,0,0.0805
142,CE4_GRAS_PCAML-C-019_SCI_N_20221127092106_20221127092106_0269_B.png,CE4_GRAS_PCAMR-C-020_SCI_N_20190228085019_20190228085019_0011_B.png,2,0,1774,169,1,252,1527,1,0.0805
143,CE4_GRAS_PCAML-C-037_SCI_N_20190228093159_20190228093159_0011_B.png,CE4_GRAS_PCAMR-C-003_SCI_N_20220831072714_20220831072714_0255_B.png,0,0,924,856,0,2068,1087,0,0.3592
143,CE4_GRAS_PCAML-C-037_SCI_N_20190228093159_20190228093159_0011_B.png,CE4_GRAS_PCAMR-C-003_SCI_N_20220831072714_20220831072714_0255_B.png,1,1,661,1550,0,1501,570,1,0.3592
143,CE4_GRAS_PCAML-C-037_SCI_N_20190228093159_20190228093159_0011_B.png,CE4_GRAS_PCAMR-C-003_SCI_N_20220831072714_20220831072714_0255_B.png,2,0,1113,578,0,861,308,-1,0.3592
144,CE4_GRAS_PCAML-C-000_SCI_N_20220604060848_20220604060848_0249_B.png,CE4_GRAS_PCAMR-C-004_SCI_N_20200130071657_20200130071657_0115_B.png,0,0,1984,748,0,924,663,0,0.1783
144,CE4_GRAS_PCAML-C-000_SCI_N_20220604060848_20220604060848_0249_B.png,CE4_GRAS_PCAMR-C-004_SCI_N_20200130071657_20200130071657_0115_B.png,1,1,1375,439,0,1291,1334,-1,0.1783
144,CE4_GRAS_PCAML-C-000_SCI_N_20220604060848_20220604060848_0249_B.png,CE4_GRAS_PCAMR-C-004_SCI_N_20200130071657_20200130071657_0115_B.png,2,0,430,1010,0,1575,972,-1,0.1783
145,CE4_GRAS_PCAML-C-006_SCI_N_20230417051014_20230417051014_0288_B.png,CE4_GRAS_PCAMR-C-001_SCI_N_20200227112041_20200227112041_0121_B.png,0,0,525,894,0,630,347,0,0.1904
145,CE4_GRAS_PCAML-C-006_SCI_N_20230417051014_20230417051014_0288_B.png,CE4_GRAS_PCAMR-C-001_SCI_N_20200227112041_20200227112041_0121_B.png,1,0,388,1188,0,1186,732,-1,0.1904
145,CE4_GRAS_PCAML-C-006_SCI_N_20230417051014_20230417051014_0288_B.png,CE4_GRAS_PCAMR-C-001_SCI_N_20200227112041_20200227112041_0121_B.png,2,0,861,1411,1,1627,239,0,0.1904
146,CE4_GRAS_PCAML-C-011_SCI_N_20200320093523_20200320093523_0123_B.png,CE4_GRAS_PCAMR-C-030_SCI_N_20190228092223_20190228092223_0011_B.png,0,1,577,802,1,1018,1041,0,0.1926
146,CE4_GRAS_PCAML-C-011_SCI_N_20200320093523_20200320093523_0123_B.png,CE4_GRAS_PCAMR-C-030_SCI_N_20190228092223_20190228092223_0011_B.png,1,1,1270,1542,0,1858,1164,0,0.1926
146,CE4_GRAS_PCAML-C-011_SCI_N_20200320093523_20200320093523_0123_B.png,CE4_GRAS_PCAMR-C-030_SCI_N_20190228092223_20190228092223_0011_B.png,2,0,2016,817,1,1827,1026,0,0.1926
147,CE4_GRAS_PCAML-C-005_SCI_N_20211030020921_20211030020921_0215_B.png,CE4_GRAS_PCAMR-C-052_SCI_N_20190925045402_20190925045402_0076_B.png,0,1,556,848,0,556,578,0,0.1982
147,CE4_GRAS_PCAML-C-005_SCI_N_20211030020921_20211030020921_0215_B.png,CE4_GRAS_PCAMR-C-052_SCI_N_20190925045402_20190925045402_0076_B.png,1,0,1554,748,0,2005,1404,-1,0.1982
147,CE4_GRAS_PCAML-C-005_SCI_N_20211030020921_20211030020921_0215_B.png,CE4_GRAS_PCAMR-C-052_SCI_N_20190925045402_20190925045402_0076_B.png,2,1,1984,324,1,1039,1396,0,0.1982
148,CE4_GRAS_PCAML-C-005_SCI_N_20230615033835_20230615033835_0296_B.png,CE4_GRAS_PCAMR-C-050_SCI_N_20190925045122_20190925045122_0076_B.png,0,1,1680,1465,0,2037,678,-1,0.0452
148,CE4_GRAS_PCAML-C-005_SCI_N_20230615033835_20230615033835_0296_B.png,CE4_GRAS_PCAMR-C-050_SCI_N_20190925045122_20190925045122_0076_B.png,1,0,1312,648,1,1312,416,1,0.0452
148,CE4_GRAS_PCAML-C-005_SCI_N_20230615033835_20230615033835_0296_B.png,CE4_GRAS_PCAMR-C-050_SCI_N_20190925045122_20190925045122_0076_B.png,2,0,913,648,1,1963,416,0,0.0452
149,CE4_GRAS_PCAML-C-044_SCI_N_20230417062347_20230417062347_0288_B.png,CE4_GRAS_PCAMR-C-021_SCI_N_20230615041228_20230615041228_0296_B.png,0,1,1869,995,1,1134,594,-1,0.0851
149,CE4_GRAS_PCAML-C-044_SCI_N_20230417062347_20230417062347_0288_B.png,CE4_GRAS_PCAMR-C-021_SCI_N_20230615041228_20230615041228_0296_B.png,1,0,1942,864,0,861,285,0,0.0851
149,CE4_GRAS_PCAML-C-044_SCI_N_20230417062347_20230417062347_0288_B.png,CE4_GRAS_PCAMR-C-021_SCI_N_20230615041228_20230615041228_0296_B.png,2,1,1018,956,1,1249,347,-1,0.0851
150,CE4_GRAS_PCAML-C-007_SCI_N_20200329051806_20200329051806_0124_B.png,CE4_GRAS_PCAMR-C-007_SCI_N_20200227112935_20200227112935_0121_B.png,0,0,504,262,1,892,300,0,0.1588
150,CE4_GRAS_PCAML-C-007_SCI_N_20200329051806_20200329051806_0124_B.png,CE4_GRAS_PCAMR-C-007_SCI_N_20200227112935_20200227112935_0121_B.png,1,0,2110,1203,0,619,1056,0,0.1588
150,CE4_GRAS_PCAML-C-007_SCI_N_20200329051806_20200329051806_0124_B.png,CE4_GRAS_PCAMR-C-007_SCI_N_20200227112935_20200227112935_0121_B.png,2,1,1690,246,1,1711,1126,0,0.1588
151,CE4_GRAS_PCAML-C-011_SCI_N_20230417051924_20230417051924_0288_B.png,CE4_GRAS_PCAML-C-041_SCI_N_20220106134455_20220106134455_0226_B.png,0,0,966,1141,1,1165,725,0,0.1339
151,CE4_GRAS_PCAML-C-011_SCI_N_20230417051924_20230417051924_0288_B.png,CE4_GRAS_PCAML-C-041_SCI_N_20220106134455_20220106134455_0226_B.png,1,1,1764,702,1,1900,1550,0,0.1339
151,CE4_GRAS_PCAML-C-011_SCI_N_20230417051924_20230417051924_0288_B.png,CE4_GRAS_PCAML-C-041_SCI_N_20220106134455_20220106134455_0226_B.png,2,0,1638,447,0,1249,555,1,0.1339
152,CE4_GRAS_PCAML-C-009_SCI_N_20190111034644_20190111034644_0002_B.png,CE4_GRAS_PCAMR-C-039_SCI_N_20190228093423_20190228093423_0011_B.png,0,1,1144,864,0,472,648,-1,0.0740
152,CE4_GRAS_PCAML-C-009_SCI_N_20190111034644_20190111034644_0002_B.png,CE4_GRAS_PCAMR-C-039_SCI_N_20190228093423_20190228093423_0011_B.png,1,1,336,810,0,1008,810,-1,0.0740
152,CE4_GRAS_PCAML-C-009_SCI_N_20190111034644_20190111034644_0002_B.png,CE4_GRAS_PCAMR-C-039_SCI_N_20190228093423_20190228093423_0011_B.png,2,0,493,285,1,1953,624,1,0.0740
153,CE4_GRAS_PCAML-C-007_SCI_N_20220128100819_20220128100819_0230_B.png,CE4_GRAS_PCAMR-C-008_SCI_N_20210811101527_20210811101527_0203_B.png,0,1,609,1203,1,2047,478,1,0.0763
153,CE4_GRAS_PCAML-C-007_SCI_N_20220128100819_20220128100819_0230_B.png,CE4_GRAS_PCAMR-C-008_SCI_N_20210811101527_20210811101527_0203_B.png,1,0,1417,856,0,546,1396,0,0.0763
153,CE4_GRAS_PCAML-C-007_SCI_N_20220128100819_20220128100819_0230_B.png,CE4_GRAS_PCAMR-C-008_SCI_N_20210811101527_20210811101527_0203_B.png,2,1,976,624,0,1459,347,0,0.0763
154,CE4_GRAS_PCAMR-C-004_SCI_N_20190110211917_20190110211917_0002_B.png,CE4_GRAS_PCAMR-C-038_SCI_N_20190228093303_20190228093303_0011_B.png,0,0,1638,300,0,1921,1257,1,0.3682
154,CE4_GRAS_PCAMR-C-004_SCI_N_20190110211917_20190110211917_0002_B.png,CE4_GRAS_PCAMR-C-038_SCI_N_20190228093303_20190228093303_0011_B.png,1,0,262,1141,1,1050,277,1,0.3682
154,CE4_GRAS_PCAMR-C-004_SCI_N_20190110211917_20190110211917_0002_B.png,CE4_GRAS_PCAMR-C-038_SCI_N_20190228093303_20190228093303_0011_B.png,2,1,1701,1496,0,913,223,-1,0.3682
155,CE4_GRAS_PCAML-C-005_SCI_N_20201211035358_20201211035358_0161_B.png,CE4_GRAS_PCAMR-C-011_SCI_N_20210812043601_20210812043601_0204_B.png,0,0,798,1342,1,546,231,1,0.1385
155,CE4_GRAS_PCAML-C-005_SCI_N_20201211035358_20201211035358_0161_B.png,CE4_GRAS_PCAMR-C-011_SCI_N_20210812043601_20210812043601_0204_B.png,1,1,409,1496,1,1029,501,0,0.1385
155,CE4_GRAS_PCAML-C-005_SCI_N_20201211035358_20201211035358_0161_B.png,CE4_GRAS_PCAMR-C-011_SCI_N_20210812043601_20210812043601_0204_B.png,2,0,231,1481,1,714,964,0,0.1385
156,CE4_GRAS_PCAMR-C-006_SCI_N_20211010054907_20211010054907_0213_B.png,CE4_GRAS_PCAMR-C-039_SCI_N_20230417061258_20230417061258_0288_B.png,0,0,1606,470,1,1008,455,0,0.2261
156,CE4_GRAS_PCAMR-C-006_SCI_N_20211010054907_20211010054907_0213_B.png,CE4_GRAS_PCAMR-C-039_SCI_N_20230417061258_20230417061258_0288_B.png,1,0,682,979,0,346,347,0,0.2261
156,CE4_GRAS_PCAMR-C-006_SCI_N_20211010054907_20211010054907_0213_B.png,CE4_GRAS_PCAMR-C-039_SCI_N_20230417061258_20230417061258_0288_B.png,2,1,693,748,0,1155,1450,0,0.2261
157,CE4_GRAS_PCAML-C-001_SCI_N_20211030020325_20211030020325_0215_B.png,CE4_GRAS_PCAMR-C-008_SCI_N_20220920065219_20220920065219_0256_B.png,0,1,1942,871,1,1249,887,1,0.1105
157,CE4_GRAS_PCAML-C-001_SCI_N_20211030020325_20211030020325_0215_B.png,CE4_GRAS_PCAMR-C-008_SCI_N_20220920065219_20220920065219_0256_B.png,1,0,1207,1488,1,1827,1373,-1,0.1105
157,CE4_GRAS_PCAML-C-001_SCI_N_20211030020325_20211030020325_0215_B.png,CE4_GRAS_PCAMR-C-008_SCI_N_20220920065219_20220920065219_0256_B.png,2,1,651,177,1,294,1103,1,0.1105
158,CE4_GRAS_PCAML-C-002_SCI_N_20220328085324_20220328085324_0237_B.png,CE4_GRAS_PCAMR-C-003_SCI_N_20220329084215_20220329084215_0238_B.png,0,0,1533,524,0,1501,1080,1,0.2827
158,CE4_GRAS_PCAML-C-002_SCI_N_20220328085324_20220328085324_0237_B.png,CE4_GRAS_PCAMR-C-003_SCI_N_20220329084215_20220329084215_0238_B.png,1,1,283,1049,1,1743,439,-1,0.2827
158,CE4_GRAS_PCAML-C-002_SCI_N_20220328085324_20220328085324_0237_B.png,CE4_GRAS_PCAMR-C-003_SCI_N_20220329084215_20220329084215_0238_B.png,2,1,1428,200,1,1617,856,1,0.2827
159,CE4_GRAS_PCAMR-C-001_SCI_N_20190208204650_20190208204650_0007_B.png,CE4_GRAS_PCAMR-C-002_SCI_N_20190729012121_20190729012121_0050_B.png,0,0,1186,902,0,1617,200,-1,0.1843
159,CE4_GRAS_PCAMR-C-001_SCI_N_20190208204650_20190208204650_0007_B.png,CE4_GRAS_PCAMR-C-002_SCI_N_20190729012121_20190729012121_0050_B.png,1,0,1711,1010,1,1365,185,1,0.1843
159,CE4_GRAS_PCAMR-C-001_SCI_N_20190208204650_20190208204650_0007_B.png,CE4_GRAS_PCAMR-C-002_SCI_N_20190729012121_20190729012121_0050_B.png,2,0,1942,1195,1,1428,1126,0,0.1843
160,CE4_GRAS_PCAML-C-000_SCI_N_20220922061053_20220922061053_0258_B.png,CE4_GRAS_PCAML-C-002_SCI_N_20210811100340_20210811100340_0203_B.png,0,1,514,231,0,2089,200,-1,0.0207
160,CE4_GRAS_PCAML-C-000_SCI_N_20220922061053_20220922061053_0258_B.png,CE4_GRAS_PCAML-C-002_SCI_N_20210811100340_20210811100340_0203_B.png,1,0,735,185,0,1575,686,1,0.0207
160,CE4_GRAS_PCAML-C-000_SCI_N_20220922061053_20220922061053_0258_B.png,CE4_GRAS_PCAML-C-002_SCI_N_20210811100340_20210811100340_0203_B.png,2,0,283,725,1,1050,941,1,0.0207
161,CE4_GRAS_PCAML-C-009_SCI_N_20200329052104_20200329052104_0124_B.png,CE4_GRAS_PCAMR-C-032_SCI_N_20220106123124_20220106123124_0226_B.png,0,0,262,663,1,840,1396,0,0.1454
161,CE4_GRAS_PCAML-C-009_SCI_N_20200329052104_20200329052104_0124_B.png,CE4_GRAS_PCAMR-C-032_SCI_N_20220106123124_20220106123124_0226_B.png,1,1,1333,1080,0,840,1257,-1,0.1454
161,CE4_GRAS_PCAML-C-009_SCI_N_20200329052104_20200329052104_0124_B.png,CE4_GRAS_PCAMR-C-032_SCI_N_20220106123124_20220106123124_0226_B.png,2,0,304,308,0,735,833,0,0.1454
162,CE4_GRAS_PCAML-C-001_SCI_N_20190228081639_20190228081639_0011_B.png,CE4_GRAS_PCAML-C-004_SCI_N_20190429144254_20190429144254_0033_B.png,0,0,1344,1218,0,2068,709,0,0.2455
162,CE4_GRAS_PCAML-C-001_SCI_N_20190228081639_20190228081639_0011_B.png,CE4_GRAS_PCAML-C-004_SCI_N_20190429144254_20190429144254_0033_B.png,1,0,976,1357,1,997,1396,1,0.2455
162,CE4_GRAS_PCAML-C-001_SCI_N_20190228081639_20190228081639_0011_B.png,CE4_GRAS_PCAML-C-004_SCI_N_20190429144254_20190429144254_0033_B.png,2,1,1995,1488,0,2016,1496,0,0.2455
163,CE4_GRAS_PCAML-C-002_SCI_N_20230615033408_20230615033408_0296_B.png,CE4_GRAS_PCAMR-C-019_SCI_N_20190925034921_20190925034921_0076_B.png,0,0,976,470,0,1249,1110,1,0.0747
163,CE4_GRAS_PCAML-C-002_SCI_N_20230615033408_20230615033408_0296_B.png,CE4_GRAS_PCAMR-C-019_SCI_N_20190925034921_20190925034921_0076_B.png,1,1,1312,1118,0,399,810,-1,0.0747
163,CE4_GRAS_PCAML-C-002_SCI_N_20230615033408_20230615033408_0296_B.png,CE4_GRAS_PCAMR-C-019_SCI_N_20190925034921_20190925034921_0076_B.png,2,0,1291,432,1,766,300,1,0.0747
164,CE4_GRAS_PCAMR-C-002_SCI_N_20220824053336_20220824053336_0253_B.png,CE4_GRAS_PCAMR-C-023_SCI_N_20230417054344_20230417054344_0288_B.png,0,0,1081,1365,1,1323,1134,1,0.2735
164,CE4_GRAS_PCAMR-C-002_SCI_N_20220824053336_20220824053336_0253_B.png,CE4_GRAS_PCAMR-C-023_SCI_N_20230417054344_20230417054344_0288_B.png,1,1,1029,1326,1,472,486,0,0.2735
164,CE4_GRAS_PCAMR-C-002_SCI_N_20220824053336_20220824053336_0253_B.png,CE4_GRAS_PCAMR-C-023_SCI_N_20230417054344_20230417054344_0288_B.png,2,1,420,1110,0,1606,1257,1,0.2735
165,CE4_GRAS_PCAML-C-002_SCI_N_20200227112226_20200227112226_0121_B.png,CE4_GRAS_PCAMR-C-018_SCI_N_20220106120506_20220106120506_0226_B.png,0,1,346,671,0,1680,246,0,0.1591
165,CE4_GRAS_PCAML-C-002_SCI_N_20200227112226_20200227112226_0121_B.png,CE4_GRAS_PCAMR-C-018_SCI_N_20220106120506_20220106120506_0226_B.png,1,1,829,1319,1,1848,192,0,0.1591
165,CE4_GRAS_PCAML-C-002_SCI_N_20200227112226_20200227112226_0121_B.png,CE4_GRAS_PCAMR-C-018_SCI_N_20220106120506_20220106120506_0226_B.png,2,1,1323,825,0,1575,501,0,0.1591
166,CE4_GRAS_PCAML-C-041_SCI_N_20190228093719_20190228093719_0011_B.png,CE4_GRAS_PCAMR-C-011_SCI_N_20200320093507_20200320093507_0123_B.png,0,1,850,1311,1,1365,416,0,0.1693
166,CE4_GRAS_PCAML-C-041_SCI_N_20190228093719_20190228093719_0011_B.png,CE4_GRAS_PCAMR-C-011_SCI_N_20200320093507_20200320093507_0123_B.png,1,1,231,1350,0,1953,925,-1,0.1693
166,CE4_GRAS_PCAML-C-041_SCI_N_20190228093719_20190228093719_0011_B.png,CE4_GRAS_PCAMR-C-011_SCI_N_20200320093507_20200320093507_0123_B.png,2,0,2005,1195,0,693,1103,-1,0.1693
167,CE4_GRAS_PCAML-C-016_SCI_N_20200227114757_20200227114757_0121_B.png,CE4_GRAS_PCAMR-C-000_SCI_N_20211010054012_20211010054012_0213_B.png,0,1,1176,1535,1,651,378,-1,0.2351
167,CE4_GRAS_PCAML-C-016_SCI_N_20200227114757_20200227114757_0121_B.png,CE4_GRAS_PCAMR-C-000_SCI_N_20211010054012_20211010054012_0213_B.png,1,1,1102,200,0,1081,1373,0,0.2351
167,CE4_GRAS_PCAML-C-016_SCI_N_20200227114757_20200227114757_0121_B.png,CE4_GRAS_PCAMR-C-000_SCI_N_20211010054012_20211010054012_0213_B.png,2,1,1396,956,0,766,1180,1,0.2351
168,CE4_GRAS_PCAML-C-001_SCI_N_20191221121006_20191221121006_0099_B.png,CE4_GRAS_PCAML-C-017_SCI_N_20211010060907_20211010060907_0213_B.png,0,0,1953,987,0,367,493,1,0.0895
168,CE4_GRAS_PCAML-C-001_SCI_N_20191221121006_20191221121006_0099_B.png,CE4_GRAS_PCAML-C-017_SCI_N_20211010060907_20211010060907_0213_B.png,1,0,2068,470,0,1302,786,1,0.0895
168,CE4_GRAS_PCAML-C-001_SCI_N_20191221121006_20191221121006_0099_B.png,CE4_GRAS_PCAML-C-017_SCI_N_20211010060907_20211010060907_0213_B.png,2,0,714,1542,0,1648,902,-1,0.0895
169,CE4_GRAS_PCAMR-C-002_SCI_N_20210811100324_20210811100324_0203_B.png,CE4_GRAS_PCAMR-C-016_SCI_N_20230417053010_20230417053010_0288_B.png,0,0,976,1172,1,283,339,-1,0.2175
169,CE4_GRAS_PCAMR-C-002_SCI_N_20210811100324_20210811100324_0203_B.png,CE4_GRAS_PCAMR-C-016_SCI_N_20230417053010_20230417053010_0288_B.png,1,0,1554,1404,0,1039,424,-1,0.2175
169,CE4_GRAS_PCAMR-C-002_SCI_N_20210811100324_20210811100324_0203_B.png,CE4_GRAS_PCAMR-C-016_SCI_N_20230417053010_20230417053010_0288_B.png,2,1,1690,624,0,1963,786,1,0.2175
170,CE4_GRAS_PCAML-C-009_SCI_N_20220527060624_20220527060624_0247_B.png,CE4_GRAS_PCAML-C-023_SCI_N_20220106121808_20220106121808_0226_B.png,0,0,1984,1373,0,546,678,0,0.0966
170,CE4_GRAS_PCAML-C-009_SCI_N_20220527060624_20220527060624_0247_B.png,CE4_GRAS_PCAML-C-023_SCI_N_20220106121808_20220106121808_0226_B.png,1,0,1186,1234,0,1197,324,0,0.0966
170,CE4_GRAS_PCAML-C-009_SCI_N_20220527060624_20220527060624_0247_B.png,CE4_GRAS_PCAML-C-023_SCI_N_20220106121808_20220106121808_0226_B.png,2,0,1732,185,0,1281,1519,0,0.0966
171,CE4_GRAS_PCAML-C-004_SCI_N_20190806114151_20190806114151_0053_B.png,CE4_GRAS_PCAMR-C-036_SCI_N_20230417060829_20230417060829_0288_B.png,0,1,1270,1002,1,2058,941,0,0.0626
171,CE4_GRAS_PCAML-C-004_SCI_N_20190806114151_20190806114151_0053_B.png,CE4_GRAS_PCAMR-C-036_SCI_N_20230417060829_20230417060829_0288_B.png,1,1,1543,1380,0,546,1242,0,0.0626
171,CE4_GRAS_PCAML-C-004_SCI_N_20190806114151_20190806114151_0053_B.png,CE4_GRAS_PCAMR-C-036_SCI_N_20230417060829_20230417060829_0288_B.png,2,0,1407,1488,1,252,1049,0,0.0626
172,CE4_GRAS_PCAML-C-004_SCI_N_20190228082039_20190228082039_0011_B.png,CE4_GRAS_PCAMR-C-022_SCI_N_20230615041357_20230615041357_0296_B.png,0,1,1900,231,1,420,864,1,0.2078
172,CE4_GRAS_PCAML-C-004_SCI_N_20190228082039_20190228082039_0011_B.png,CE4_GRAS_PCAMR-C-022_SCI_N_20230615041357_20230615041357_0296_B.png,1,1,1711,879,0,1879,516,0,0.2078
172,CE4_GRAS_PCAML-C-004_SCI_N_20190228082039_20190228082039_0011_B.png,CE4_GRAS_PCAMR-C-022_SCI_N_20230615041357_20230615041357_0296_B.png,2,0,1648,285,1,1270,547,-1,0.2078
173,CE4_GRAS_PCAML-C-003_SCI_N_20210812042109_20210812042109_0204_B.png,CE4_GRAS_PCAMR-C-002_SCI_N_20190110211353_20190110211353_0002_B.png,0,1,315,1226,1,1155,331,-1,0.0436
173,CE4_GRAS_PCAML-C-003_SCI_N_20210812042109_20210812042109_0204_B.png,CE4_GRAS_PCAMR-C-002_SCI_N_20190110211353_20190110211353_0002_B.png,1,1,1113,1550,1,1081,671,-1,0.0436
173,CE4_GRAS_PCAML-C-003_SCI_N_20210812042109_20210812042109_0204_B.png,CE4_GRAS_PCAMR-C-002_SCI_N_20190110211353_20190110211353_0002_B.png,2,0,1155,347,1,556,756,-1,0.0436
174,CE4_GRAS_PCAMR-C-001_SCI_N_20210117043444_20210117043444_0166_B.png,CE4_GRAS_PCAMR-C-004_SCI_N_20211230065640_20211230065640_0225_B.png,0,0,546,486,0,1480,1257,0,0.5679
174,CE4_GRAS_PCAMR-C-001_SCI_N_20210117043444_20210117043444_0166_B.png,CE4_GRAS_PCAMR-C-004_SCI_N_20211230065640_20211230065640_0225_B.png,1,0,1092,362,0,1732,1450,1,0.5679
174,CE4_GRAS_PCAMR-C-001_SCI_N_20210117043444_20210117043444_0166_B.png,CE4_GRAS_PCAMR-C-004_SCI_N_20211230065640_20211230065640_0225_B.png,2,1,1806,216,0,577,948,1,0.5679
175,CE4_GRAS_PCAML-C-039_SCI_N_20230615044846_20230615044846_0296_B.png,CE4_GRAS_PCAMR-C-014_SCI_N_20221127091247_20221127091247_0269_B.png,0,0,840,1095,0,1449,1512,1,0.2745
175,CE4_GRAS_PCAML-C-039_SCI_N_20230615044846_20230615044846_0296_B.png,CE4_GRAS_PCAMR-C-014_SCI_N_20221127091247_20221127091247_0269_B.png,1,1,1984,1180,0,1596,462,1,0.2745
175,CE4_GRAS_PCAML-C-039_SCI_N_20230615044846_20230615044846_0296_B.png,CE4_GRAS_PCAMR-C-014_SCI_N_20221127091247_20221127091247_0269_B.png,2,1,409,1157,0,1879,717,0,0.2745
176,CE4_GRAS_PCAML-C-003_SCI_N_20221127084204_20221127084204_0269_B.png,CE4_GRAS_PCAML-C-011_SCI_N_20220106115459_20220106115459_0226_B.png,0,1,1617,516,0,640,262,-1,0.2344
176,CE4_GRAS_PCAML-C-003_SCI_N_20221127084204_20221127084204_0269_B.png,CE4_GRAS_PCAML-C-011_SCI_N_20220106115459_20220106115459_0226_B.png,1,1,1050,825,0,1186,501,-1,0.2344
176,CE4_GRAS_PCAML-C-003_SCI_N_20221127084204_20221127084204_0269_B.png,CE4_GRAS_PCAML-C-011_SCI_N_20220106115459_20220106115459_0226_B.png,2,0,1911,1087,0,1711,223,-1,0.2344
177,CE4_GRAS_PCAML-C-024_SCI_N_20190228085555_20190228085555_0011_B.png,CE4_GRAS_PCAMR-C-007_SCI_N_20210811101358_20210811101358_0203_B.png,0,1,1459,578,1,283,1512,-1,0.1926
177,CE4_GRAS_PCAML-C-024_SCI_N_20190228085555_20190228085555_0011_B.png,CE4_GRAS_PCAMR-C-007_SCI_N_20210811101358_20210811101358_0203_B.png,1,1,1764,779,1,1134,941,-1,0.1926
177,CE4_GRAS_PCAML-C-024_SCI_N_20190228085555_20190228085555_0011_B.png,CE4_GRAS_PCAMR-C-007_SCI_N_20210811101358_20210811101358_0203_B.png,2,0,1134,887,0,1953,277,1,0.1926
178,CE4_GRAS_PCAML-C-008_SCI_N_20211030021349_20211030021349_0215_B.png,CE4_GRAS_PCAML-C-011_SCI_N_20191202054116_20191202054116_0097_B.png,0,1,399,200,0,2100,663,-1,0.1156
178,CE4_GRAS_PCAML-C-008_SCI_N_20211030021349_20211030021349_0215_B.png,CE4_GRAS_PCAML-C-011_SCI_N_20191202054116_20191202054116_0097_B.png,1,0,1144,354,0,2005,354,0,0.1156
178,CE4_GRAS_PCAML-C-008_SCI_N_20211030021349_20211030021349_0215_B.png,CE4_GRAS_PCAML-C-011_SCI_N_20191202054116_20191202054116_0097_B.png,2,0,1270,594,1,1669,169,0,0.1156
179,CE4_GRAS_PCAML-C-007_SCI_N_20201218131954_20201218131954_0162_B.png,CE4_GRAS_PCAMR-C-011_SCI_N_20220922062728_20220922062728_0258_B.png,0,1,1386,408,0,1627,1450,0,0.0961
179,CE4_GRAS_PCAML-C-007_SCI_N_20201218131954_20201218131954_0162_B.png,CE4_GRAS_PCAMR-C-011_SCI_N_20220922062728_20220922062728_0258_B.png,1,0,1648,270,1,1176,1550,0,0.0961
179,CE4_GRAS_PCAML-C-007_SCI_N_20201218131954_20201218131954_0162_B.png,CE4_GRAS_PCAMR-C-011_SCI_N_20220922062728_20220922062728_0258_B.png,2,1,1512,979,1,997,216,-1,0.0961
180,CE4_GRAS_PCAMR-C-004_SCI_N_20221127084317_20221127084317_0269_B.png,CE4_GRAS_PCAMR-C-041_SCI_N_20230417061557_20230417061557_0288_B.png,0,0,1564,1458,0,1890,1542,-1,0.3856
180,CE4_GRAS_PCAMR-C-004_SCI_N_20221127084317_20221127084317_0269_B.png,CE4_GRAS_PCAMR-C-041_SCI_N_20230417061557_20230417061557_0288_B.png,1,0,1018,1010,1,1785,239,1,0.3856
180,CE4_GRAS_PCAMR-C-004_SCI_N_20221127084317_20221127084317_0269_B.png,CE4_GRAS_PCAMR-C-041_SCI_N_20230417061557_20230417061557_0288_B.png,2,1,1480,995,1,1102,408,1,0.3856
181,CE4_GRAS_PCAML-C-002_SCI_N_20190429144016_20190429144016_0033_B.png,CE4_GRAS_PCAML-C-029_SCI_N_20220106122702_20220106122702_0226_B.png,0,0,840,1249,0,315,1110,0,0.0844
181,CE4_GRAS_PCAML-C-002_SCI_N_20190429144016_20190429144016_0033_B.png,CE4_GRAS_PCAML-C-029_SCI_N_20220106122702_20220106122702_0226_B.png,1,1,1680,169,0,1260,1095,-1,0.0844
181,CE4_GRAS_PCAML-C-002_SCI_N_20190429144016_20190429144016_0033_B.png,CE4_GRAS_PCAML-C-029_SCI_N_20220106122702_20220106122702_0226_B.png,2,0,2100,840,1,1438,941,1,0.0844
182,CE4_GRAS_PCAML-C-001_SCI_N_20220824053223_20220824053223_0253_B.png,CE4_GRAS_PCAML-C-044_SCI_N_20190925044337_20190925044337_0076_B.png,0,1,2047,1380,1,2037,648,1,0.6710
182,CE4_GRAS_PCAML-C-001_SCI_N_20220824053223_20220824053223_0253_B.png,CE4_GRAS_PCAML-C-044_SCI_N_20190925044337_20190925044337_0076_B.png,1,0,1113,270,0,535,185,1,0.6710
182,CE4_GRAS_PCAML-C-001_SCI_N_20220824053223_20220824053223_0253_B.png,CE4_GRAS_PCAML-C-044_SCI_N_20190925044337_20190925044337_0076_B.png,2,1,399,432,1,1627,339,1,0.6710
183,CE4_GRAS_PCAML-C-005_SCI_N_20211010054753_20211010054753_0213_B.png,CE4_GRAS_PCAMR-C-005_SCI_N_20220527055919_20220527055919_0247_B.png,0,1,882,1380,0,630,1002,-1,0.1765
183,CE4_GRAS_PCAML-C-005_SCI_N_20211010054753_20211010054753_0213_B.png,CE4_GRAS_PCAMR-C-005_SCI_N_20220527055919_20220527055919_0247_B.png,1,0,1890,1411,1,1102,879,-1,0.1765
183,CE4_GRAS_PCAML-C-005_SCI_N_20211010054753_20211010054753_0213_B.png,CE4_GRAS_PCAMR-C-005_SCI_N_20220527055919_20220527055919_0247_B.png,2,0,651,177,0,1333,1311,0,0.1765
184,CE4_GRAS_PCAMR-C-002_SCI_N_20201012043437_20201012043437_0148_B.png,CE4_GRAS_PCAMR-C-036_SCI_N_20230615044404_20230615044404_0296_B.png,0,0,955,1026,0,640,439,-1,0.1656
184,CE4_GRAS_PCAMR-C-002_SCI_N_20201012043437_20201012043437_0148_B.png,CE4_GRAS_PCAMR-C-036_SCI_N_20230615044404_20230615044404_0296_B.png,1,1,1186,385,1,1795,1272,0,0.1656
184,CE4_GRAS_PCAMR-C-002_SCI_N_20201012043437_20201012043437_0148_B.png,CE4_GRAS_PCAMR-C-036_SCI_N_20230615044404_20230615044404_0296_B.png,2,0,787,1488,1,808,1203,-1,0.1656
185,CE4_GRAS_PCAMR-C-002_SCI_N_20210208064521_20210208064521_0173_B.png,CE4_GRAS_PCAMR-C-003_SCI_N_20201211035044_20201211035044_0161_B.png,0,1,2047,563,0,1722,586,-1,0.1485
185,CE4_GRAS_PCAMR-C-002_SCI_N_20210208064521_20210208064521_0173_B.png,CE4_GRAS_PCAMR-C-003_SCI_N_20201211035044_20201211035044_0161_B.png,1,0,756,563,0,672,979,1,0.1485
185,CE4_GRAS_PCAMR-C-002_SCI_N_20210208064521_20210208064521_0173_B.png,CE4_GRAS_PCAMR-C-003_SCI_N_20201211035044_20201211035044_0161_B.png,2,0,483,1188,1,1375,1272,1,0.1485
186,CE4_GRAS_PCAML-C-004_SCI_N_20220107131949_20220107131949_0227_B.png,CE4_GRAS_PCAML-C-008_SCI_N_20190228082559_20190228082559_0011_B.png,0,1,1228,455,1,1533,339,1,0.2692
186,CE4_GRAS_PCAML-C-004_SCI_N_20220107131949_20220107131949_0227_B.png,CE4_GRAS_PCAML-C-008_SCI_N_20190228082559_20190228082559_0011_B.png,1,1,1648,1049,0,934,1126,0,0.2692
186,CE4_GRAS_PCAML-C-004_SCI_N_20220107131949_20220107131949_0227_B.png,CE4_GRAS_PCAML-C-008_SCI_N_20190228082559_20190228082559_0011_B.png,2,0,388,1164,1,1890,324,-1,0.2692
187,CE4_GRAS_PCAML-C-011_SCI_N_20200428095013_20200428095013_0128_B.png,CE4_GRAS_PCAMR-C-004_SCI_N_20200131014141_20200131014141_0116_B.png,0,1,2110,1134,0,2110,1172,0,0.3612
187,CE4_GRAS_PCAML-C-011_SCI_N_20200428095013_20200428095013_0128_B.png,CE4_GRAS_PCAMR-C-004_SCI_N_20200131014141_20200131014141_0116_B.png,1,1,934,285,1,441,640,0,0.3612
187,CE4_GRAS_PCAML-C-011_SCI_N_20200428095013_20200428095013_0128_B.png,CE4_GRAS_PCAMR-C-004_SCI_N_20200131014141_20200131014141_0116_B.png,2,0,1249,1172,0,1459,740,0,0.3612
188,CE4_GRAS_PCAML-C-010_SCI_N_20221127085345_20221127085345_0269_B.png,CE4_GRAS_PCAML-C-043_SCI_N_20230615045915_20230615045915_0296_B.png,0,1,630,717,1,2058,254,-1,0.2304
188,CE4_GRAS_PCAML-C-010_SCI_N_20221127085345_20221127085345_0269_B.png,CE4_GRAS_PCAML-C-043_SCI_N_20230615045915_20230615045915_0296_B.png,1,0,1827,478,1,262,1319,1,0.2304
188,CE4_GRAS_PCAML-C-010_SCI_N_20221127085345_20221127085345_0269_B.png,CE4_GRAS_PCAML-C-043_SCI_N_20230615045915_20230615045915_0296_B.png,2,1,1554,169,0,1837,1149,0,0.2304
189,CE4_GRAS_PCAML-C-006_SCI_N_20210117044225_20210117044225_0166_B.png,CE4_GRAS_PCAMR-C-003_SCI_N_20190925032223_20190925032223_0076_B.png,0,1,1869,1512,1,1165,609,-1,0.1690
189,CE4_GRAS_PCAML-C-006_SCI_N_20210117044225_20210117044225_0166_B.png,CE4_GRAS_PCAMR-C-003_SCI_N_20190925032223_20190925032223_0076_B.png,1,1,798,547,1,1690,493,0,0.1690
189,CE4_GRAS_PCAML-C-006_SCI_N_20210117044225_20210117044225_0166_B.png,CE4_GRAS_PCAMR-C-003_SCI_N_20190925032223_20190925032223_0076_B.png,2,1,1134,1226,1,514,324,0,0.1690
190,CE4_GRAS_PCAMR-C-005_SCI_N_20190806114304_20190806114304_0053_B.png,CE4_GRAS_PCAMR-C-006_SCI_N_20220831073213_20220831073213_0255_B.png,0,1,546,732,0,871,1434,-1,0.2475
190,CE4_GRAS_PCAMR-C-005_SCI_N_20190806114304_20190806114304_0053_B.png,CE4_GRAS_PCAMR-C-006_SCI_N_20220831073213_20220831073213_0255_B.png,1,0,1081,732,0,1249,316,0,0.2475
190,CE4_GRAS_PCAMR-C-005_SCI_N_20190806114304_20190806114304_0053_B.png,CE4_GRAS_PCAMR-C-006_SCI_N_20220831073213_20220831073213_0255_B.png,2,1,1134,756,0,1869,1504,-1,0.2475
191,CE4_GRAS_PCAML-C-000_SCI_N_20190806113452_20190806113452_0053_B.png,CE4_GRAS_PCAML-C-004_SCI_N_20200320092234_20200320092234_0123_B.png,0,0,1092,995,1,1659,555,0,0.3972
191,CE4_GRAS_PCAML-C-000_SCI_N_20190806113452_20190806113452_0053_B.png,CE4_GRAS_PCAML-C-004_SCI_N_20200320092234_20200320092234_0123_B.png,1,0,1113,300,1,525,1365,1,0.3972
191,CE4_GRAS_PCAML-C-000_SCI_N_20190806113452_20190806113452_0053_B.png,CE4_GRAS_PCAML-C-004_SCI_N_20200320092234_20200320092234_0123_B.png,2,1,609,570,0,1491,972,0,0.3972
192,CE4_GRAS_PCAML-C-004_SCI_N_20201218131129_20201218131129_0162_B.png,CE4_GRAS_PCAML-C-005_SCI_N_20210507055957_20210507055957_0187_B.png,0,0,1753,216,0,1428,879,1,0.5114
192,CE4_GRAS_PCAML-C-004_SCI_N_20201218131129_20201218131129_0162_B.png,CE4_GRAS_PCAML-C-005_SCI_N_20210507055957_20210507055957_0187_B.png,1,0,1942,408,1,399,447,-1,0.5114
192,CE4_GRAS_PCAML-C-004_SCI_N_20201218131129_20201218131129_0162_B.png,CE4_GRAS_PCAML-C-005_SCI_N_20210507055957_20210507055957_0187_B.png,2,1,1207,1242,1,483,871,0,0.5114
193,CE4_GRAS_PCAMR-C-001_SCI_N_20201218130646_20201218130646_0162_B.png,CE4_GRAS_PCAMR-C-029_SCI_N_20190925041347_20190925041347_0076_B.png,0,0,2110,570,1,1575,1234,1,0.0456
193,CE4_GRAS_PCAMR-C-001_SCI_N_20201218130646_20201218130646_0162_B.png,CE4_GRAS_PCAMR-C-029_SCI_N_20190925041347_20190925041347_0076_B.png,1,0,1774,663,1,1806,810,1,0.0456
193,CE4_GRAS_PCAMR-C-001_SCI_N_20201218130646_20201218130646_0162_B.png,CE4_GRAS_PCAMR-C-029_SCI_N_20190925041347_20190925041347_0076_B.png,2,0,1354,563,1,1522,1496,1,0.0456
194,CE4_GRAS_PCAML-C-034_SCI_N_20220106123438_20220106123438_0226_B.png,CE4_GRAS_PCAML-C-040_SCI_N_20190228093559_20190228093559_0011_B.png,0,1,367,324,1,1732,1488,1,0.2234
194,CE4_GRAS_PCAML-C-034_SCI_N_20220106123438_20220106123438_0226_B.png,CE4_GRAS_PCAML-C-040_SCI_N_20190228093559_20190228093559_0011_B.png,1,0,367,1411,0,1680,200,0,0.2234
194,CE4_GRAS_PCAML-C-034_SCI_N_20220106123438_20220106123438_0226_B.png,CE4_GRAS_PCAML-C-040_SCI_N_20190228093559_20190228093559_0011_B.png,2,1,714,1157,1,1123,223,-1,0.2234
195,CE4_GRAS_PCAML-C-004_SCI_N_20220922061649_20220922061649_0258_B.png,CE4_GRAS_PCAML-C-012_SCI_N_20230417052103_20230417052103_0288_B.png,0,1,1669,254,1,1848,1110,1,0.1358
195,CE4_GRAS_PCAML-C-004_SCI_N_20220922061649_20220922061649_0258_B.png,CE4_GRAS_PCAML-C-012_SCI_N_20230417052103_20230417052103_0288_B.png,1,1,241,1226,1,798,370,-1,0.1358
195,CE4_GRAS_PCAML-C-004_SCI_N_20220922061649_20220922061649_0258_B.png,CE4_GRAS_PCAML-C-012_SCI_N_20230417052103_20230417052103_0288_B.png,2,0,1522,1064,0,1533,277,-1,0.1358
196,CE4_GRAS_PCAML-C-015_SCI_N_20230417052851_20230417052851_0288_B.png,CE4_GRAS_PCAMR-C-027_SCI_N_20220106122348_20220106122348_0226_B.png,0,1,1848,501,1,934,1535,0,0.1200
196,CE4_GRAS_PCAML-C-015_SCI_N_20230417052851_20230417052851_0288_B.png,CE4_GRAS_PCAMR-C-027_SCI_N_20220106122348_20220106122348_0226_B.png,1,0,1365,1002,1,2068,1326,1,0.1200
196,CE4_GRAS_PCAML-C-015_SCI_N_20230417052851_20230417052851_0288_B.png,CE4_GRAS_PCAMR-C-027_SCI_N_20220106122348_20220106122348_0226_B.png,2,0,1995,408,0,420,1303,1,0.1200
197,CE4_GRAS_PCAML-C-003_SCI_N_20190925032238_20190925032238_0076_B.png,CE4_GRAS_PCAMR-C-001_SCI_N_20211230065213_20211230065213_0225_B.png,0,1,1627,655,0,724,879,1,0.4378
197,CE4_GRAS_PCAML-C-003_SCI_N_20190925032238_20190925032238_0076_B.png,CE4_GRAS_PCAMR-C-001_SCI_N_20211230065213_20211230065213_0225_B.png,1,1,1081,509,0,1942,439,1,0.4378
197,CE4_GRAS_PCAML-C-003_SCI_N_20190925032238_20190925032238_0076_B.png,CE4_GRAS_PCAMR-C-001_SCI_N_20211230065213_20211230065213_0225_B.png,2,0,409,270,1,997,1442,0,0.4378
198,CE4_GRAS_PCAML-C-003_SCI_N_20210507055659_20210507055659_0187_B.png,CE4_GRAS_PCAMR-C-006_SCI_N_20211030021035_20211030021035_0215_B.png,0,1,735,1134,1,420,586,0,0.2572
198,CE4_GRAS_PCAML-C-003_SCI_N_20210507055659_20210507055659_0187_B.png,CE4_GRAS_PCAMR-C-006_SCI_N_20211030021035_20211030021035_0215_B.png,1,1,1816,277,0,315,1450,1,0.2572
198,CE4_GRAS_PCAML-C-003_SCI_N_20210507055659_20210507055659_0187_B.png,CE4_GRAS_PCAMR-C-006_SCI_N_20211030021035_20211030021035_0215_B.png,2,1,1764,1465,1,1060,918,0,0.2572
199,CE4_GRAS_PCAMR-C-003_SCI_N_20190806114006_20190806114006_0053_B.png,CE4_GRAS_PCAMR-C-007_SCI_N_20190925032743_20190925032743_0076_B.png,0,0,1512,285,1,1743,1018,0,0.2560
199,CE4_GRAS_PCAMR-C-003_SCI_N_20190806114006_20190806114006_0053_B.png,CE4_GRAS_PCAMR-C-007_SCI_N_20190925032743_20190925032743_0076_B.png,1,1,1144,840,0,829,1234,-1,0.2560
199,CE4_GRAS_PCAMR-C-003_SCI_N_20190806114006_20190806114006_0053_B.png,CE4_GRAS_PCAMR-C-007_SCI_N_20190925032743_20190925032743_0076_B.png,2,0,850,185,0,1417,732,0,0.2560
200,CE4_GRAS_PCAML-C-004_SCI_N_20210208065300_20210208065300_0173_B.png,CE4_GRAS_PCAML-C-011_SCI_N_20200329101518_20200329101518_0124_B.png,0,0,861,1303,1,462,354,0,0.2298
200,CE4_GRAS_PCAML-C-004_SCI_N_20210208065300_20210208065300_0173_B.png,CE4_GRAS_PCAML-C-011_SCI_N_20200329101518_20200329101518_0124_B.png,1,1,2058,887,0,1155,432,-1,0.2298
200,CE4_GRAS_PCAML-C-004_SCI_N_20210208065300_20210208065300_0173_B.png,CE4_GRAS_PCAML-C-011_SCI_N_20200329101518_20200329101518_0124_B.png,2,0,1480,285,0,525,524,1,0.2298
201,CE4_GRAS_PCAML-C-023_SCI_N_20221127092702_20221127092702_0269_B.png,CE4_GRAS_PCAMR-C-000_SCI_N_20220922061037_20220922061037_0258_B.png,0,1,1029,856,1,1323,354,-1,0.2034
201,CE4_GRAS_PCAML-C-023_SCI_N_20221127092702_20221127092702_0269_B.png,CE4_GRAS_PCAMR-C-000_SCI_N_20220922061037_20220922061037_0258_B.png,1,0,1543,879,1,1942,1288,0,0.2034
201,CE4_GRAS_PCAML-C-023_SCI_N_20221127092702_20221127092702_0269_B.png,CE4_GRAS_PCAMR-C-000_SCI_N_20220922061037_20220922061037_0258_B.png,2,1,1669,763,1,861,594,-1,0.2034
202,CE4_GRAS_PCAML-C-005_SCI_N_20220604061649_20220604061649_0249_B.png,CE4_GRAS_PCAML-C-009_SCI_N_20220106115142_20220106115142_0226_B.png,0,0,1113,617,1,388,270,-1,0.1786
202,CE4_GRAS_PCAML-C-005_SCI_N_20220604061649_20220604061649_0249_B.png,CE4_GRAS_PCAML-C-009_SCI_N_20220106115142_20220106115142_0226_B.png,1,0,430,1195,0,693,995,0,0.1786
202,CE4_GRAS_PCAML-C-005_SCI_N_20220604061649_20220604061649_0249_B.png,CE4_GRAS_PCAML-C-009_SCI_N_20220106115142_20220106115142_0226_B.png,2,0,546,408,0,1029,1242,-1,0.1786
203,CE4_GRAS_PCAML-C-021_SCI_N_20190925035217_20190925035217_0076_B.png,CE4_GRAS_PCAML-C-027_SCI_N_20230615042138_20230615042138_0296_B.png,0,1,241,871,0,745,1396,0,0.0485
203,CE4_GRAS_PCAML-C-021_SCI_N_20190925035217_20190925035217_0076_B.png,CE4_GRAS_PCAML-C-027_SCI_N_20230615042138_20230615042138_0296_B.png,1,0,409,671,0,1606,177,-1,0.0485
203,CE4_GRAS_PCAML-C-021_SCI_N_20190925035217_20190925035217_0076_B.png,CE4_GRAS_PCAML-C-027_SCI_N_20230615042138_20230615042138_0296_B.png,2,1,1249,200,1,840,300,0,0.0485
204,CE4_GRAS_PCAMR-C-001_SCI_N_20230417050014_20230417050014_0288_B.png,CE4_GRAS_PCAMR-C-003_SCI_N_20210117043742_20210117043742_0166_B.png,0,0,1638,802,1,2047,933,1,0.1233
204,CE4_GRAS_PCAMR-C-001_SCI_N_20230417050014_20230417050014_0288_B.png,CE4_GRAS_PCAMR-C-003_SCI_N_20210117043742_20210117043742_0166_B.png,1,0,2110,925,1,1039,1388,1,0.1233
204,CE4_GRAS_PCAMR-C-001_SCI_N_20230417050014_20230417050014_0288_B.png,CE4_GRAS_PCAMR-C-003_SCI_N_20210117043742_20210117043742_0166_B.png,2,1,1732,609,0,1039,192,-1,0.1233
205,CE4_GRAS_PCAML-C-003_SCI_N_20190228081919_20190228081919_0011_B.png,CE4_GRAS_PCAMR-C-006_SCI_N_20221127084733_20221127084733_0269_B.png,0,1,913,223,0,1890,192,-1,0.1191
205,CE4_GRAS_PCAML-C-003_SCI_N_20190228081919_20190228081919_0011_B.png,CE4_GRAS_PCAMR-C-006_SCI_N_20221127084733_20221127084733_0269_B.png,1,1,325,285,1,1921,1326,0,0.1191
205,CE4_GRAS_PCAML-C-003_SCI_N_20190228081919_20190228081919_0011_B.png,CE4_GRAS_PCAMR-C-006_SCI_N_20221127084733_20221127084733_0269_B.png,2,1,1543,925,0,514,223,-1,0.1191
206,CE4_GRAS_PCAML-C-007_SCI_N_20200227112951_20200227112951_0121_B.png,CE4_GRAS_PCAMR-C-000_SCI_N_20200428092918_20200428092918_0128_B.png,0,0,1564,640,0,724,1481,0,0.0945
206,CE4_GRAS_PCAML-C-007_SCI_N_20200227112951_20200227112951_0121_B.png,CE4_GRAS_PCAMR-C-000_SCI_N_20200428092918_20200428092918_0128_B.png,1,1,315,1296,1,798,1357,1,0.0945
206,CE4_GRAS_PCAML-C-007_SCI_N_20200227112951_20200227112951_0121_B.png,CE4_GRAS_PCAMR-C-000_SCI_N_20200428092918_20200428092918_0128_B.png,2,1,472,401,1,546,648,-1,0.0945
207,CE4_GRAS_PCAML-C-001_SCI_N_20200428093102_20200428093102_0128_B.png,CE4_GRAS_PCAMR-C-005_SCI_N_20220128100505_20220128100505_0230_B.png,0,1,1963,1388,1,2100,540,1,0.1402
207,CE4_GRAS_PCAML-C-001_SCI_N_20200428093102_20200428093102_0128_B.png,CE4_GRAS_PCAMR-C-005_SCI_N_20220128100505_20220128100505_0230_B.png,1,0,325,1288,0,808,208,1,0.1402
207,CE4_GRAS_PCAML-C-001_SCI_N_20200428093102_20200428093102_0128_B.png,CE4_GRAS_PCAMR-C-005_SCI_N_20220128100505_20220128100505_0230_B.png,2,1,2100,1018,1,399,1041,-1,0.1402
208,CE4_GRAS_PCAML-C-008_SCI_N_20211229081056_20211229081056_0224_B.png,CE4_GRAS_PCAML-C-011_SCI_N_20190228082959_20190228082959_0011_B.png,0,0,787,547,0,1921,516,1,0.1610
208,CE4_GRAS_PCAML-C-008_SCI_N_20211229081056_20211229081056_0224_B.png,CE4_GRAS_PCAML-C-011_SCI_N_20190228082959_20190228082959_0011_B.png,1,0,1417,848,1,1344,678,-1,0.1610
208,CE4_GRAS_PCAML-C-008_SCI_N_20211229081056_20211229081056_0224_B.png,CE4_GRAS_PCAML-C-011_SCI_N_20190228082959_20190228082959_0011_B.png,2,0,1186,609,1,1060,563,-1,0.1610
209,CE4_GRAS_PCAML-C-005_SCI_N_20221127084502_20221127084502_0269_B.png,CE4_GRAS_PCAML-C-036_SCI_N_20190925042323_20190925042323_0076_B.png,0,0,409,794,1,1501,216,1,0.4023
209,CE4_GRAS_PCAML-C-005_SCI_N_20221127084502_20221127084502_0269_B.png,CE4_GRAS_PCAML-C-036_SCI_N_20190925042323_20190925042323_0076_B.png,1,1,283,424,0,1722,918,-1,0.4023
209,CE4_GRAS_PCAML-C-005_SCI_N_20221127084502_20221127084502_0269_B.png,CE4_GRAS_PCAML-C-036_SCI_N_20190925042323_20190925042323_0076_B.png,2,0,1018,1458,1,2026,1458,0,0.4023
210,CE4_GRAS_PCAML-C-002_SCI_N_20200130070704_20200130070704_0115_B.png,CE4_GRAS_PCAMR-C-002_SCI_N_20200922125513_20200922125513_0147_B.png,0,0,1470,1041,1,252,1473,0,0.2626
210,CE4_GRAS_PCAML-C-002_SCI_N_20200130070704_20200130070704_0115_B.png,CE4_GRAS_PCAMR-C-002_SCI_N_20200922125513_20200922125513_0147_B.png,1,0,1722,401,0,1260,1342,1,0.2626
210,CE4_GRAS_PCAML-C-002_SCI_N_20200130070704_20200130070704_0115_B.png,CE4_GRAS_PCAMR-C-002_SCI_N_20200922125513_20200922125513_0147_B.png,2,1,1134,200,1,609,1388,0,0.2626
211,CE4_GRAS_PCAML-C-005_SCI_N_20220922061817_20220922061817_0258_B.png,CE4_GRAS_PCAML-C-006_SCI_N_20201211035527_20201211035527_0161_B.png,0,0,1018,1334,1,1932,1350,1,0.2964
211,CE4_GRAS_PCAML-C-005_SCI_N_20220922061817_20220922061817_0258_B.png,CE4_GRAS_PCAML-C-006_SCI_N_20201211035527_20201211035527_0161_B.png,1,1,1543,1149,0,1911,547,1,0.2964
211,CE4_GRAS_PCAML-C-005_SCI_N_20220922061817_20220922061817_0258_B.png,CE4_GRAS_PCAML-C-006_SCI_N_20201211035527_20201211035527_0161_B.png,2,0,693,316,1,955,331,0,0.2964
212,CE4_GRAS_PCAML-C-000_SCI_N_20210208064239_20210208064239_0173_B.png,CE4_GRAS_PCAMR-C-049_SCI_N_20190925045002_20190925045002_0076_B.png,0,1,231,1234,0,1123,1072,-1,0.1275
212,CE4_GRAS_PCAML-C-000_SCI_N_20210208064239_20210208064239_0173_B.png,CE4_GRAS_PCAMR-C-049_SCI_N_20190925045002_20190925045002_0076_B.png,1,1,1186,563,1,535,671,0,0.1275
212,CE4_GRAS_PCAML-C-000_SCI_N_20210208064239_20210208064239_0173_B.png,CE4_GRAS_PCAMR-C-049_SCI_N_20190925045002_20190925045002_0076_B.png,2,0,462,902,0,1165,1473,1,0.1275
213,CE4_GRAS_PCAML-C-000_SCI_N_20220831072302_20220831072302_0255_B.png,CE4_GRAS_PCAMR-C-041_SCI_N_20190925042947_20190925042947_0076_B.png,0,1,493,509,0,283,771,-1,0.2868
213,CE4_GRAS_PCAML-C-000_SCI_N_20220831072302_20220831072302_0255_B.png,CE4_GRAS_PCAMR-C-041_SCI_N_20190925042947_20190925042947_0076_B.png,1,0,1029,624,0,1774,1041,1,0.2868
213,CE4_GRAS_PCAML-C-000_SCI_N_20220831072302_20220831072302_0255_B.png,CE4_GRAS_PCAMR-C-041_SCI_N_20190925042947_20190925042947_0076_B.png,2,0,1627,378,0,1008,925,1,0.2868
214,CE4_GRAS_PCAMR-C-000_SCI_N_20211229075438_20211229075438_0224_B.png,CE4_GRAS_PCAMR-C-005_SCI_N_20200130071826_20200130071826_0115_B.png,0,0,1459,1311,1,1543,1141,-1,0.1665
214,CE4_GRAS_PCAMR-C-000_SCI_N_20211229075438_20211229075438_0224_B.png,CE4_GRAS_PCAMR-C-005_SCI_N_20200130071826_20200130071826_0115_B.png,1,0,1480,223,1,1711,1342,1,0.1665
214,CE4_GRAS_PCAMR-C-000_SCI_N_20211229075438_20211229075438_0224_B.png,CE4_GRAS_PCAMR-C-005_SCI_N_20200130071826_20200130071826_0115_B.png,2,1,1050,1388,0,1816,1226,0,0.1665
215,CE4_GRAS_PCAML-C-000_SCI_N_20200131074247_20200131074247_0118_B.png,CE4_GRAS_PCAMR-C-001_SCI_N_20200120075704_20200120075704_0112_B.png,0,1,1690,1265,1,745,486,1,0.4223
215,CE4_GRAS_PCAML-C-000_SCI_N_20200131074247_20200131074247_0118_B.png,CE4_GRAS_PCAMR-C-001_SCI_N_20200120075704_20200120075704_0112_B.png,1,0,241,1512,0,819,709,1,0.4223
215,CE4_GRAS_PCAML-C-000_SCI_N_20200131074247_20200131074247_0118_B.png,CE4_GRAS_PCAMR-C-001_SCI_N_20200120075704_20200120075704_0112_B.png,2,1,588,756,1,1900,709,-1,0.4223
216,CE4_GRAS_PCAML-C-000_SCI_N_20190104041518_20190104041518_0001_B.png,CE4_GRAS_PCAML-C-042_SCI_N_20230417062038_20230417062038_0288_B.png,0,1,903,1087,1,1480,1041,0,0.2763
216,CE4_GRAS_PCAML-C-000_SCI_N_20190104041518_20190104041518_0001_B.png,CE4_GRAS_PCAML-C-042_SCI_N_20230417062038_20230417062038_0288_B.png,1,1,1438,1326,0,714,902,-1,0.2763
216,CE4_GRAS_PCAML-C-000_SCI_N_20190104041518_20190104041518_0001_B.png,CE4_GRAS_PCAML-C-042_SCI_N_20230417062038_20230417062038_0288_B.png,2,1,903,169,1,252,1303,0,0.2763
217,CE4_GRAS_PCAML-C-010_SCI_N_20220329085307_20220329085307_0238_B.png,CE4_GRAS_PCAMR-C-005_SCI_N_20220920064623_20220920064623_0256_B.png,0,0,1197,1342,0,1438,702,0,0.2692
217,CE4_GRAS_PCAML-C-010_SCI_N_20220329085307_20220329085307_0238_B.png,CE4_GRAS_PCAMR-C-005_SCI_N_20220920064623_20220920064623_0256_B.png,1,0,682,1002,1,399,948,0,0.2692
217,CE4_GRAS_PCAML-C-010_SCI_N_20220329085307_20220329085307_0238_B.png,CE4_GRAS_PCAMR-C-005_SCI_N_20220920064623_20220920064623_0256_B.png,2,1,1144,1311,1,1312,632,-1,0.2692
218,CE4_GRAS_PCAML-C-038_SCI_N_20230615044717_20230615044717_0296_B.png,CE4_GRAS_PCAMR-C-034_SCI_N_20230615044106_20230615044106_0296_B.png,0,1,609,1257,1,1533,331,0,0.5753
218,CE4_GRAS_PCAML-C-038_SCI_N_20230615044717_20230615044717_0296_B.png,CE4_GRAS_PCAMR-C-034_SCI_N_20230615044106_20230615044106_0296_B.png,1,1,1291,1249,1,262,1319,0,0.5753
218,CE4_GRAS_PCAML-C-038_SCI_N_20230615044717_20230615044717_0296_B.png,CE4_GRAS_PCAMR-C-034_SCI_N_20230615044106_20230615044106_0296_B.png,2,0,598,694,1,1596,717,0,0.5753
219,CE4_GRAS_PCAML-C-013_SCI_N_20210812043915_20210812043915_0204_B.png,CE4_GRAS_PCAML-C-039_SCI_N_20190925042723_20190925042723_0076_B.png,0,0,1050,185,0,1134,509,0,0.3506
219,CE4_GRAS_PCAML-C-013_SCI_N_20210812043915_20210812043915_0204_B.png,CE4_GRAS_PCAML-C-039_SCI_N_20190925042723_20190925042723_0076_B.png,1,1,1638,1249,0,1134,1041,0,0.3506
219,CE4_GRAS_PCAML-C-013_SCI_N_20210812043915_20210812043915_0204_B.png,CE4_GRAS_PCAML-C-039_SCI_N_20190925042723_20190925042723_0076_B.png,2,0,1942,617,1,777,833,0,0.3506
220,CE4_GRAS_PCAML-C-041_SCI_N_20190925043003_20190925043003_0076_B.png,CE4_GRAS_PCAMR-C-004_SCI_N_20220604061504_20220604061504_0249_B.png,0,1,1323,1550,0,504,1257,-1,0.2827
220,CE4_GRAS_PCAML-C-041_SCI_N_20190925043003_20190925043003_0076_B.png,CE4_GRAS_PCAMR-C-004_SCI_N_20220604061504_20220604061504_0249_B.png,1,1,1113,894,0,630,848,-1,0.2827
220,CE4_GRAS_PCAML-C-041_SCI_N_20190925043003_20190925043003_0076_B.png,CE4_GRAS_PCAMR-C-004_SCI_N_20220604061504_20220604061504_0249_B.png,2,0,1060,1218,1,388,1365,1,0.2827
221,CE4_GRAS_PCAML-C-010_SCI_N_20200320093354_20200320093354_0123_B.png,CE4_GRAS_PCAMR-C-008_SCI_N_20190429145220_20190429145220_0033_B.png,0,0,1816,941,1,1806,185,1,0.0131
221,CE4_GRAS_PCAML-C-010_SCI_N_20200320093354_20200320093354_0123_B.png,CE4_GRAS_PCAMR-C-008_SCI_N_20190429145220_20190429145220_0033_B.png,1,0,819,1427,0,273,416,1,0.0131
221,CE4_GRAS_PCAML-C-010_SCI_N_20200320093354_20200320093354_0123_B.png,CE4_GRAS_PCAMR-C-008_SCI_N_20190429145220_20190429145220_0033_B.png,2,0,1333,825,1,1428,246,0,0.0131
222,CE4_GRAS_PCAML-C-009_SCI_N_20220831073656_20220831073656_0255_B.png,CE4_GRAS_PCAMR-C-009_SCI_N_20220930061937_20220930061937_0260_B.png,0,1,703,254,1,1785,1280,-1,0.0969
222,CE4_GRAS_PCAML-C-009_SCI_N_20220831073656_20220831073656_0255_B.png,CE4_GRAS_PCAMR-C-009_SCI_N_20220930061937_20220930061937_0260_B.png,1,0,724,972,1,630,1512,0,0.0969
222,CE4_GRAS_PCAML-C-009_SCI_N_20220831073656_20220831073656_0255_B.png,CE4_GRAS_PCAMR-C-009_SCI_N_20220930061937_20220930061937_0260_B.png,2,0,283,570,1,577,671,1,0.0969
223,CE4_GRAS_PCAML-C-024_SCI_N_20230417054530_20230417054530_0288_B.png,CE4_GRAS_PCAML-C-055_SCI_N_20230615051703_20230615051703_0296_B.png,0,0,1228,1550,1,1155,1180,1,0.2126
223,CE4_GRAS_PCAML-C-024_SCI_N_20230417054530_20230417054530_0288_B.png,CE4_GRAS_PCAML-C-055_SCI_N_20230615051703_20230615051703_0296_B.png,1,1,1753,732,0,1050,385,-1,0.2126
223,CE4_GRAS_PCAML-C-024_SCI_N_20230417054530_20230417054530_0288_B.png,CE4_GRAS_PCAML-C-055_SCI_N_20230615051703_20230615051703_0296_B.png,2,0,1596,509,1,1344,177,1,0.2126
224,CE4_GRAS_PCAML-C-049_SCI_N_20230615050809_20230615050809_0296_B.png,CE4_GRAS_PCAMR-C-007_SCI_N_20230615034117_20230615034117_0296_B.png,0,1,1260,601,1,903,1465,1,0.1937
224,CE4_GRAS_PCAML-C-049_SCI_N_20230615050809_20230615050809_0296_B.png,CE4_GRAS_PCAMR-C-007_SCI_N_20230615034117_20230615034117_0296_B.png,1,1,1900,1103,1,661,231,-1,0.1937
224,CE4_GRAS_PCAML-C-049_SCI_N_20230615050809_20230615050809_0296_B.png,CE4_GRAS_PCAMR-C-007_SCI_N_20230615034117_20230615034117_0296_B.png,2,0,1092,1504,1,1816,439,-1,0.1937
225,CE4_GRAS_PCAML-C-050_SCI_N_20190228095753_20190228095753_0011_B.png,CE4_GRAS_PCAMR-C-014_SCI_N_20230615040205_20230615040205_0296_B.png,0,1,766,1118,1,304,478,-1,0.2717
225,CE4_GRAS_PCAML-C-050_SCI_N_20190228095753_20190228095753_0011_B.png,CE4_GRAS_PCAMR-C-014_SCI_N_20230615040205_20230615040205_0296_B.png,1,0,672,1504,1,388,825,-1,0.2717
225,CE4_GRAS_PCAML-C-050_SCI_N_20190228095753_20190228095753_0011_B.png,CE4_GRAS_PCAMR-C-014_SCI_N_20230615040205_20230615040205_0296_B.png,2,1,892,246,1,2058,871,1,0.2717
226,CE4_GRAS_PCAMR-C-000_SCI_N_20200716021743_20200716021743_0135_B.png,CE4_GRAS_PCAMR-C-033_SCI_N_20230615043937_20230615043937_0296_B.png,0,1,1522,439,0,357,1242,-1,0.3090
226,CE4_GRAS_PCAMR-C-000_SCI_N_20200716021743_20200716021743_0135_B.png,CE4_GRAS_PCAMR-C-033_SCI_N_20230615043937_20230615043937_0296_B.png,1,0,1627,678,0,1984,1404,-1,0.3090
226,CE4_GRAS_PCAMR-C-000_SCI_N_20200716021743_20200716021743_0135_B.png,CE4_GRAS_PCAMR-C-033_SCI_N_20230615043937_20230615043937_0296_B.png,2,0,2068,385,0,735,439,0,0.3090
227,CE4_GRAS_PCAMR-C-002_SCI_N_20210507055514_20210507055514_0187_B.png,CE4_GRAS_PCAMR-C-014_SCI_N_20211010060424_20211010060424_0213_B.png,0,1,840,231,0,735,1326,0,0.2425
227,CE4_GRAS_PCAMR-C-002_SCI_N_20210507055514_20210507055514_0187_B.png,CE4_GRAS_PCAMR-C-014_SCI_N_20211010060424_20211010060424_0213_B.png,1,1,1690,1087,0,693,748,0,0.2425
227,CE4_GRAS_PCAMR-C-002_SCI_N_20210507055514_20210507055514_0187_B.png,CE4_GRAS_PCAMR-C-014_SCI_N_20211010060424_20211010060424_0213_B.png,2,0,997,354,0,829,995,1,0.2425
228,CE4_GRAS_PCAML-C-003_SCI_N_20190429144135_20190429144135_0033_B.png,CE4_GRAS_PCAMR-C-013_SCI_N_20190228083223_20190228083223_0011_B.png,0,1,756,1380,0,1270,794,1,0.4175
228,CE4_GRAS_PCAML-C-003_SCI_N_20190429144135_20190429144135_0033_B.png,CE4_GRAS_PCAMR-C-013_SCI_N_20190228083223_20190228083223_0011_B.png,1,0,577,239,1,367,416,-1,0.4175
228,CE4_GRAS_PCAML-C-003_SCI_N_20190429144135_20190429144135_0033_B.png,CE4_GRAS_PCAMR-C-013_SCI_N_20190228083223_20190228083223_0011_B.png,2,0,808,941,0,1491,293,1,0.4175
229,CE4_GRAS_PCAML-C-004_SCI_N_20200227112524_20200227112524_0121_B.png,CE4_GRAS_PCAMR-C-017_SCI_N_20230417053156_20230417053156_0288_B.png,0,0,1606,856,1,2016,671,-1,0.3004
229,CE4_GRAS_PCAML-C-004_SCI_N_20200227112524_20200227112524_0121_B.png,CE4_GRAS_PCAMR-C-017_SCI_N_20230417053156_20230417053156_0288_B.png,1,0,409,216,0,1081,979,-1,0.3004
229,CE4_GRAS_PCAML-C-004_SCI_N_20200227112524_20200227112524_0121_B.png,CE4_GRAS_PCAMR-C-017_SCI_N_20230417053156_20230417053156_0288_B.png,2,1,1816,447,1,1029,1234,1,0.3004
230,CE4_GRAS_PCAMR-C-025_SCI_N_20220106122050_20220106122050_0226_B.png,CE4_GRAS_PCAMR-C-044_SCI_N_20230615050028_20230615050028_0296_B.png,0,1,2026,1203,1,934,1110,0,0.1163
230,CE4_GRAS_PCAMR-C-025_SCI_N_20220106122050_20220106122050_0226_B.png,CE4_GRAS_PCAMR-C-044_SCI_N_20230615050028_20230615050028_0296_B.png,1,1,588,1211,1,252,1180,1,0.1163
230,CE4_GRAS_PCAMR-C-025_SCI_N_20220106122050_20220106122050_0226_B.png,CE4_GRAS_PCAMR-C-044_SCI_N_20230615050028_20230615050028_0296_B.png,2,1,1585,1257,1,1617,470,-1,0.1163
231,CE4_GRAS_PCAML-C-000_SCI_N_20190112100836_20190112100836_0003_B.png,CE4_GRAS_PCAMR-C-004_SCI_N_20200320092218_20200320092218_0123_B.png,0,1,1501,1242,1,1365,586,1,0.2461
231,CE4_GRAS_PCAML-C-000_SCI_N_20190112100836_20190112100836_0003_B.png,CE4_GRAS_PCAMR-C-004_SCI_N_20200320092218_20200320092218_0123_B.png,1,1,588,1164,1,2026,1496,1,0.2461
231,CE4_GRAS_PCAML-C-000_SCI_N_20190112100836_20190112100836_0003_B.png,CE4_GRAS_PCAMR-C-004_SCI_N_20200320092218_20200320092218_0123_B.png,2,1,1375,840,0,1407,1496,-1,0.2461
232,CE4_GRAS_PCAMR-C-047_SCI_N_20190228095338_20190228095338_0011_B.png,CE4_GRAS_PCAMR-C-047_SCI_N_20220106135719_20220106135719_0226_B.png,0,0,955,378,1,1501,1095,0,0.1711
232,CE4_GRAS_PCAMR-C-047_SCI_N_20190228095338_20190228095338_0011_B.png,CE4_GRAS_PCAMR-C-047_SCI_N_20220106135719_20220106135719_0226_B.png,1,0,1764,1080,0,420,1319,0,0.1711
232,CE4_GRAS_PCAMR-C-047_SCI_N_20190228095338_20190228095338_0011_B.png,CE4_GRAS_PCAMR-C-047_SCI_N_20220106135719_20220106135719_0226_B.png,2,0,462,408,0,598,979,0,0.1711
233,CE4_GRAS_PCAML-C-011_SCI_N_20230615034729_20230615034729_0296_B.png,CE4_GRAS_PCAMR-C-000_SCI_N_20190826032625_20190826032625_0056_B.png,0,0,693,501,0,1522,270,-1,0.0645
233,CE4_GRAS_PCAML-C-011_SCI_N_20230615034729_20230615034729_0296_B.png,CE4_GRAS_PCAMR-C-000_SCI_N_20190826032625_20190826032625_0056_B.png,1,1,1932,617,0,1974,185,-1,0.0645
233,CE4_GRAS_PCAML-C-011_SCI_N_20230615034729_20230615034729_0296_B.png,CE4_GRAS_PCAMR-C-000_SCI_N_20190826032625_20190826032625_0056_B.png,2,0,1039,1280,0,1323,455,0,0.0645
234,CE4_GRAS_PCAMR-C-001_SCI_N_20220922061206_20220922061206_0258_B.png,CE4_GRAS_PCAMR-C-004_SCI_N_20201012043735_20201012043735_0148_B.png,0,1,955,1311,1,1228,655,1,0.2782
234,CE4_GRAS_PCAMR-C-001_SCI_N_20220922061206_20220922061206_0258_B.png,CE4_GRAS_PCAMR-C-004_SCI_N_20201012043735_20201012043735_0148_B.png,1,1,777,262,1,1302,1535,-1,0.2782
234,CE4_GRAS_PCAMR-C-001_SCI_N_20220922061206_20220922061206_0258_B.png,CE4_GRAS_PCAMR-C-004_SCI_N_20201012043735_20201012043735_0148_B.png,2,0,2100,1296,1,1680,493,1,0.2782
235,CE4_GRAS_PCAML-C-001_SCI_N_20220106113950_20220106113950_0226_B.png,CE4_GRAS_PCAML-C-009_SCI_N_20210811101712_20210811101712_0203_B.png,0,0,630,1134,0,787,663,0,0.2354
235,CE4_GRAS_PCAML-C-001_SCI_N_20220106113950_20220106113950_0226_B.png,CE4_GRAS_PCAML-C-009_SCI_N_20210811101712_20210811101712_0203_B.png,1,0,651,354,0,1428,1164,0,0.2354
235,CE4_GRAS_PCAML-C-001_SCI_N_20220106113950_20220106113950_0226_B.png,CE4_GRAS_PCAML-C-009_SCI_N_20210811101712_20210811101712_0203_B.png,2,1,294,1203,0,1869,1056,-1,0.2354
236,CE4_GRAS_PCAML-C-011_SCI_N_20220128101452_20220128101452_0230_B.png,CE4_GRAS_PCAML-C-045_SCI_N_20230417062521_20230417062521_0288_B.png,0,0,1396,447,0,2100,1365,1,0.2430
236,CE4_GRAS_PCAML-C-011_SCI_N_20220128101452_20220128101452_0230_B.png,CE4_GRAS_PCAML-C-045_SCI_N_20230417062521_20230417062521_0288_B.png,1,1,346,1288,0,672,702,-1,0.2430
236,CE4_GRAS_PCAML-C-011_SCI_N_20220128101452_20220128101452_0230_B.png,CE4_GRAS_PCAML-C-045_SCI_N_20230417062521_20230417062521_0288_B.png,2,0,1585,254,0,252,1056,1,0.2430
237,CE4_GRAS_PCAML-C-022_SCI_N_20190925035337_20190925035337_0076_B.png,CE4_GRAS_PCAMR-C-019_SCI_N_20220329090612_20220329090612_0238_B.png,0,1,483,941,0,1470,192,-1,0.1703
237,CE4_GRAS_PCAML-C-022_SCI_N_20190925035337_20190925035337_0076_B.png,CE4_GRAS_PCAMR-C-019_SCI_N_20220329090612_20220329090612_0238_B.png,1,1,1501,779,0,1207,763,0,0.1703
237,CE4_GRAS_PCAML-C-022_SCI_N_20190925035337_20190925035337_0076_B.png,CE4_GRAS_PCAMR-C-019_SCI_N_20220329090612_20220329090612_0238_B.png,2,1,1722,987,0,1459,1134,0,0.1703
238,CE4_GRAS_PCAML-C-011_SCI_N_20220922062744_20220922062744_0258_B.png,CE4_GRAS_PCAMR-C-005_SCI_N_20190729012616_20190729012616_0050_B.png,0,1,1470,216,1,1270,1195,0,0.1059
238,CE4_GRAS_PCAML-C-011_SCI_N_20220922062744_20220922062744_0258_B.png,CE4_GRAS_PCAMR-C-005_SCI_N_20190729012616_20190729012616_0050_B.png,1,1,651,979,1,2047,1373,0,0.1059
238,CE4_GRAS_PCAML-C-011_SCI_N_20220922062744_20220922062744_0258_B.png,CE4_GRAS_PCAMR-C-005_SCI_N_20190729012616_20190729012616_0050_B.png,2,1,661,725,1,1333,1458,1,0.1059
239,CE4_GRAS_PCAML-C-003_SCI_N_20211010054455_20211010054455_0213_B.png,CE4_GRAS_PCAMR-C-055_SCI_N_20190925045802_20190925045802_0076_B.png,0,1,1491,439,1,1228,1257,1,0.0255
239,CE4_GRAS_PCAML-C-003_SCI_N_20211010054455_20211010054455_0213_B.png,CE4_GRAS_PCAMR-C-055_SCI_N_20190925045802_20190925045802_0076_B.png,1,1,693,470,1,1218,856,1,0.0255
239,CE4_GRAS_PCAML-C-003_SCI_N_20211010054455_20211010054455_0213_B.png,CE4_GRAS_PCAMR-C-055_SCI_N_20190925045802_20190925045802_0076_B.png,2,1,430,200,1,1680,1164,0,0.0255
240,CE4_GRAS_PCAML-C-037_SCI_N_20190925042443_20190925042443_0076_B.png,CE4_GRAS_PCAML-C-046_SCI_N_20190925044617_20190925044617_0076_B.png,0,1,588,678,0,703,239,-1,0.0746
240,CE4_GRAS_PCAML-C-037_SCI_N_20190925042443_20190925042443_0076_B.png,CE4_GRAS_PCAML-C-046_SCI_N_20190925044617_20190925044617_0076_B.png,1,0,1071,270,1,1942,1056,0,0.0746
240,CE4_GRAS_PCAML-C-037_SCI_N_20190925042443_20190925042443_0076_B.png,CE4_GRAS_PCAML-C-046_SCI_N_20190925044617_20190925044617_0076_B.png,2,0,577,1488,0,1690,624,-1,0.0746
241,CE4_GRAS_PCAMR-C-004_SCI_N_20211010054608_20211010054608_0213_B.png,CE4_GRAS_PCAMR-C-005_SCI_N_20230417050807_20230417050807_0288_B.png,0,1,1123,223,1,535,1380,1,0.3171
241,CE4_GRAS_PCAMR-C-004_SCI_N_20211010054608_20211010054608_0213_B.png,CE4_GRAS_PCAMR-C-005_SCI_N_20230417050807_20230417050807_0288_B.png,1,1,1564,555,0,777,1103,1,0.3171
241,CE4_GRAS_PCAMR-C-004_SCI_N_20211010054608_20211010054608_0213_B.png,CE4_GRAS_PCAMR-C-005_SCI_N_20230417050807_20230417050807_0288_B.png,2,1,241,925,1,1050,972,0,0.3171
242,CE4_GRAS_PCAMR-C-002_SCI_N_20190104041740_20190104041740_0001_B.png,CE4_GRAS_PCAMR-C-005_SCI_N_20200131014310_20200131014310_0116_B.png,0,0,588,1319,1,1701,732,1,0.0984
242,CE4_GRAS_PCAMR-C-002_SCI_N_20190104041740_20190104041740_0001_B.png,CE4_GRAS_PCAMR-C-005_SCI_N_20200131014310_20200131014310_0116_B.png,1,0,1890,1049,0,231,1404,1,0.0984
242,CE4_GRAS_PCAMR-C-002_SCI_N_20190104041740_20190104041740_0001_B.png,CE4_GRAS_PCAMR-C-005_SCI_N_20200131014310_20200131014310_0116_B.png,2,0,913,1249,0,829,825,-1,0.0984
243,CE4_GRAS_PCAMR-C-001_SCI_N_20220527055323_20220527055323_0247_B.png,CE4_GRAS_PCAMR-C-002_SCI_N_20220831072544_20220831072544_0255_B.png,0,1,1522,995,1,1869,671,-1,0.3497
243,CE4_GRAS_PCAMR-C-001_SCI_N_20220527055323_20220527055323_0247_B.png,CE4_GRAS_PCAMR-C-002_SCI_N_20220831072544_20220831072544_0255_B.png,1,0,1050,1365,0,1344,1249,1,0.3497
243,CE4_GRAS_PCAMR-C-001_SCI_N_20220527055323_20220527055323_0247_B.png,CE4_GRAS_PCAMR-C-002_SCI_N_20220831072544_20220831072544_0255_B.png,2,0,819,840,1,661,1473,1,0.3497
244,CE4_GRAS_PCAML-C-000_SCI_N_20190826032641_20190826032641_0056_B.png,CE4_GRAS_PCAML-C-008_SCI_N_20211010055220_20211010055220_0213_B.png,0,1,1207,192,0,273,902,1,0.1718
244,CE4_GRAS_PCAML-C-000_SCI_N_20190826032641_20190826032641_0056_B.png,CE4_GRAS_PCAML-C-008_SCI_N_20211010055220_20211010055220_0213_B.png,1,0,861,1080,1,357,177,-1,0.1718
244,CE4_GRAS_PCAML-C-000_SCI_N_20190826032641_20190826032641_0056_B.png,CE4_GRAS_PCAML-C-008_SCI_N_20211010055220_20211010055220_0213_B.png,2,0,1491,378,0,1963,1311,0,0.1718
245,CE4_GRAS_PCAMR-C-003_SCI_N_20230417050426_20230417050426_0288_B.png,CE4_GRAS_PCAMR-C-019_SCI_N_20190228084859_20190228084859_0011_B.png,0,1,640,601,0,1249,1458,1,0.2606
245,CE4_GRAS_PCAMR-C-003_SCI_N_20230417050426_20230417050426_0288_B.png,CE4_GRAS_PCAMR-C-019_SCI_N_20190228084859_20190228084859_0011_B.png,1,1,1627,1157,0,808,786,-1,0.2606
245,CE4_GRAS_PCAMR-C-003_SCI_N_20230417050426_20230417050426_0288_B.png,CE4_GRAS_PCAMR-C-019_SCI_N_20190228084859_20190228084859_0011_B.png,2,1,1890,1488,0,1554,609,-1,0.2606
246,CE4_GRAS_PCAML-C-001_SCI_N_20210811100211_20210811100211_0203_B.png,CE4_GRAS_PCAML-C-036_SCI_N_20230615044419_20230615044419_0296_B.png,0,0,2068,293,0,2047,640,0,0.3267
246,CE4_GRAS_PCAML-C-001_SCI_N_20210811100211_20210811100211_0203_B.png,CE4_GRAS_PCAML-C-036_SCI_N_20230615044419_20230615044419_0296_B.png,1,0,924,401,1,777,401,0,0.3267
246,CE4_GRAS_PCAML-C-001_SCI_N_20210811100211_20210811100211_0203_B.png,CE4_GRAS_PCAML-C-036_SCI_N_20230615044419_20230615044419_0296_B.png,2,0,241,578,0,1774,848,-1,0.3267
247,CE4_GRAS_PCAML-C-006_SCI_N_20190925032638_20190925032638_0076_B.png,CE4_GRAS_PCAML-C-008_SCI_N_20201211040410_20201211040410_0161_B.png,0,0,976,725,0,2016,802,0,0.1418
247,CE4_GRAS_PCAML-C-006_SCI_N_20190925032638_20190925032638_0076_B.png,CE4_GRAS_PCAML-C-008_SCI_N_20201211040410_20201211040410_0161_B.png,1,1,1113,270,1,1911,1288,1,0.1418
247,CE4_GRAS_PCAML-C-006_SCI_N_20190925032638_20190925032638_0076_B.png,CE4_GRAS_PCAML-C-008_SCI_N_20201211040410_20201211040410_0161_B.png,2,1,777,1550,1,976,578,-1,0.1418
248,CE4_GRAS_PCAML-C-002_SCI_N_20220329084101_20220329084101_0238_B.png,CE4_GRAS_PCAML-C-010_SCI_N_20201211040708_20201211040708_0161_B.png,0,0,1144,748,0,1302,370,-1,0.3874
248,CE4_GRAS_PCAML-C-002_SCI_N_20220329084101_20220329084101_0238_B.png,CE4_GRAS_PCAML-C-010_SCI_N_20201211040708_20201211040708_0161_B.png,1,1,1155,655,1,798,447,1,0.3874
248,CE4_GRAS_PCAML-C-002_SCI_N_20220329084101_20220329084101_0238_B.png,CE4_GRAS_PCAML-C-010_SCI_N_20201211040708_20201211040708_0161_B.png,2,0,1018,493,1,1732,378,1,0.3874
249,CE4_GRAS_PCAMR-C-002_SCI_N_20200131013409_20200131013409_0116_B.png,CE4_GRAS_PCAMR-C-004_SCI_N_20220128100336_20220128100336_0230_B.png,0,1,567,200,0,1018,1056,-1,0.1346
249,CE4_GRAS_PCAMR-C-002_SCI_N_20200131013409_20200131013409_0116_B.png,CE4_GRAS_PCAMR-C-004_SCI_N_20220128100336_20220128100336_0230_B.png,1,0,1701,624,0,672,1373,1,0.1346
249,CE4_GRAS_PCAMR-C-002_SCI_N_20200131013409_20200131013409_0116_B.png,CE4_GRAS_PCAMR-C-004_SCI_N_20220128100336_20220128100336_0230_B.png,2,0,819,408,1,1270,1450,1,0.1346
250,CE4_GRAS_PCAML-C-049_SCI_N_20190228095633_20190228095633_0011_B.png,CE4_GRAS_PCAMR-C-041_SCI_N_20190228093703_20190228093703_0011_B.png,0,0,1291,1388,0,787,547,-1,0.1970
250,CE4_GRAS_PCAML-C-049_SCI_N_20190228095633_20190228095633_0011_B.png,CE4_GRAS_PCAMR-C-041_SCI_N_20190228093703_20190228093703_0011_B.png,1,1,1039,902,0,1113,655,-1,0.1970
250,CE4_GRAS_PCAML-C-049_SCI_N_20190228095633_20190228095633_0011_B.png,CE4_GRAS_PCAMR-C-041_SCI_N_20190228093703_20190228093703_0011_B.png,2,0,934,1257,0,1974,1265,0,0.1970
251,CE4_GRAS_PCAML-C-001_SCI_N_20190508023755_20190508023755_0035_B.png,CE4_GRAS_PCAML-C-013_SCI_N_20201218132848_20201218132848_0162_B.png,0,0,945,663,0,1312,1211,1,0.0255
251,CE4_GRAS_PCAML-C-001_SCI_N_20190508023755_20190508023755_0035_B.png,CE4_GRAS_PCAML-C-013_SCI_N_20201218132848_20201218132848_0162_B.png,1,0,1722,663,0,1029,385,-1,0.0255
251,CE4_GRAS_PCAML-C-001_SCI_N_20190508023755_20190508023755_0035_B.png,CE4_GRAS_PCAML-C-013_SCI_N_20201218132848_20201218132848_0162_B.png,2,0,315,648,1,546,1218,1,0.0255
252,CE4_GRAS_PCAML-C-004_SCI_N_20201012043750_20201012043750_0148_B.png,CE4_GRAS_PCAML-C-032_SCI_N_20190925041803_20190925041803_0076_B.png,0,1,1848,1141,0,1207,486,0,0.2569
252,CE4_GRAS_PCAML-C-004_SCI_N_20201012043750_20201012043750_0148_B.png,CE4_GRAS_PCAML-C-032_SCI_N_20190925041803_20190925041803_0076_B.png,1,0,1806,1296,0,1060,1288,1,0.2569
252,CE4_GRAS_PCAML-C-004_SCI_N_20201012043750_20201012043750_0148_B.png,CE4_GRAS_PCAML-C-032_SCI_N_20190925041803_20190925041803_0076_B.png,2,1,252,378,0,1722,601,0,0.2569
253,CE4_GRAS_PCAML-C-007_SCI_N_20211030021219_20211030021219_0215_B.png,CE4_GRAS_PCAML-C-011_SCI_N_20201211040837_20201211040837_0161_B.png,0,1,1207,956,0,294,555,-1,0.2470
253,CE4_GRAS_PCAML-C-007_SCI_N_20211030021219_20211030021219_0215_B.png,CE4_GRAS_PCAML-C-011_SCI_N_20201211040837_20201211040837_0161_B.png,1,0,871,547,1,1312,516,1,0.2470
253,CE4_GRAS_PCAML-C-007_SCI_N_20211030021219_20211030021219_0215_B.png,CE4_GRAS_PCAML-C-011_SCI_N_20201211040837_20201211040837_0161_B.png,2,1,367,1473,0,619,802,-1,0.2470
254,CE4_GRAS_PCAML-C-008_SCI_N_20210207091521_20210207091521_0172_B.png,CE4_GRAS_PCAMR-C-047_SCI_N_20230417062807_20230417062807_0288_B.png,0,1,2100,370,0,1606,756,-1,0.1919
254,CE4_GRAS_PCAML-C-008_SCI_N_20210207091521_20210207091521_0172_B.png,CE4_GRAS_PCAMR-C-047_SCI_N_20230417062807_20230417062807_0288_B.png,1,1,1176,1064,1,1617,1427,0,0.1919
254,CE4_GRAS_PCAML-C-008_SCI_N_20210207091521_20210207091521_0172_B.png,CE4_GRAS_PCAMR-C-047_SCI_N_20230417062807_20230417062807_0288_B.png,2,0,630,1110,1,1134,532,0,0.1919
255,CE4_GRAS_PCAMR-C-002_SCI_N_20190708043620_20190708043620_0048_B.png,CE4_GRAS_PCAMR-C-002_SCI_N_20211030020439_20211030020439_0215_B.png,0,1,966,856,0,724,1357,0,0.1829
255,CE4_GRAS_PCAMR-C-002_SCI_N_20190708043620_20190708043620_0048_B.png,CE4_GRAS_PCAMR-C-002_SCI_N_20211030020439_20211030020439_0215_B.png,1,1,1890,802,1,315,385,-1,0.1829
255,CE4_GRAS_PCAMR-C-002_SCI_N_20190708043620_20190708043620_0048_B.png,CE4_GRAS_PCAMR-C-002_SCI_N_20211030020439_20211030020439_0215_B.png,2,1,1323,1373,0,2110,902,-1,0.1829
256,CE4_GRAS_PCAML-C-000_SCI_N_20230615033110_20230615033110_0296_B.png,CE4_GRAS_PCAML-C-002_SCI_N_20190905072116_20190905072116_0067_B.png,0,1,1113,308,0,703,609,-1,0.1182
256,CE4_GRAS_PCAML-C-000_SCI_N_20230615033110_20230615033110_0296_B.png,CE4_GRAS_PCAML-C-002_SCI_N_20190905072116_20190905072116_0067_B.png,1,1,1123,1427,1,735,771,-1,0.1182
256,CE4_GRAS_PCAML-C-000_SCI_N_20230615033110_20230615033110_0296_B.png,CE4_GRAS_PCAML-C-002_SCI_N_20190905072116_20190905072116_0067_B.png,2,1,1554,732,0,1449,200,-1,0.1182
257,CE4_GRAS_PCAML-C-000_SCI_N_20200426130411_20200426130411_0127_B.png,CE4_GRAS_PCAMR-C-017_SCI_N_20190228084619_20190228084619_0011_B.png,0,0,966,871,0,1942,617,0,0.2349
257,CE4_GRAS_PCAML-C-000_SCI_N_20200426130411_20200426130411_0127_B.png,CE4_GRAS_PCAMR-C-017_SCI_N_20190228084619_20190228084619_0011_B.png,1,0,231,439,0,850,1380,0,0.2349
257,CE4_GRAS_PCAML-C-000_SCI_N_20200426130411_20200426130411_0127_B.png,CE4_GRAS_PCAMR-C-017_SCI_N_20190228084619_20190228084619_0011_B.png,2,0,1417,694,0,346,1095,1,0.2349
258,CE4_GRAS_PCAML-C-018_SCI_N_20211030023221_20211030023221_0215_B.png,CE4_GRAS_PCAMR-C-043_SCI_N_20190925044202_20190925044202_0076_B.png,0,1,714,262,0,756,840,-1,0.2449
258,CE4_GRAS_PCAML-C-018_SCI_N_20211030023221_20211030023221_0215_B.png,CE4_GRAS_PCAMR-C-043_SCI_N_20190925044202_20190925044202_0076_B.png,1,1,1869,570,1,2068,840,1,0.2449
258,CE4_GRAS_PCAML-C-018_SCI_N_20211030023221_20211030023221_0215_B.png,CE4_GRAS_PCAMR-C-043_SCI_N_20190925044202_20190925044202_0076_B.png,2,1,241,563,0,1659,1018,-1,0.2449
259,CE4_GRAS_PCAML-C-013_SCI_N_20201012045454_20201012045454_0148_B.png,CE4_GRAS_PCAMR-C-005_SCI_N_20210117044040_20210117044040_0166_B.png,0,1,735,524,1,420,1072,-1,0.2354
259,CE4_GRAS_PCAML-C-013_SCI_N_20201012045454_20201012045454_0148_B.png,CE4_GRAS_PCAMR-C-005_SCI_N_20210117044040_20210117044040_0166_B.png,1,1,1659,1535,1,262,1380,-1,0.2354
259,CE4_GRAS_PCAML-C-013_SCI_N_20201012045454_20201012045454_0148_B.png,CE4_GRAS_PCAMR-C-005_SCI_N_20210117044040_20210117044040_0166_B.png,2,1,1365,277,1,1123,779,1,0.2354
260,CE4_GRAS_PCAMR-C-005_SCI_N_20190905072642_20190905072642_0067_B.png,CE4_GRAS_PCAMR-C-007_SCI_N_20220930061640_20220930061640_0260_B.png,0,0,861,864,0,1722,486,1,0.0681
260,CE4_GRAS_PCAMR-C-005_SCI_N_20190905072642_20190905072642_0067_B.png,CE4_GRAS_PCAMR-C-007_SCI_N_20220930061640_20220930061640_0260_B.png,1,1,1228,1272,1,924,493,1,0.0681
260,CE4_GRAS_PCAMR-C-005_SCI_N_20190905072642_20190905072642_0067_B.png,CE4_GRAS_PCAMR-C-007_SCI_N_20220930061640_20220930061640_0260_B.png,2,0,661,1411,0,1879,200,0,0.0681
261,CE4_GRAS_PCAML-C-002_SCI_N_20220128100054_20220128100054_0230_B.png,CE4_GRAS_PCAMR-C-008_SCI_N_20220128101010_20220128101010_0230_B.png,0,1,1375,1203,0,1239,223,-1,0.3145
261,CE4_GRAS_PCAML-C-002_SCI_N_20220128100054_20220128100054_0230_B.png,CE4_GRAS_PCAMR-C-008_SCI_N_20220128101010_20220128101010_0230_B.png,1,0,1354,478,1,2079,601,-1,0.3145
261,CE4_GRAS_PCAML-C-002_SCI_N_20220128100054_20220128100054_0230_B.png,CE4_GRAS_PCAMR-C-008_SCI_N_20220128101010_20220128101010_0230_B.png,2,0,1900,347,1,1627,354,-1,0.3145
262,CE4_GRAS_PCAML-C-037_SCI_N_20230417061013_20230417061013_0288_B.png,CE4_GRAS_PCAMR-C-012_SCI_N_20220329085549_20220329085549_0238_B.png,0,0,1942,177,1,1596,393,-1,0.1560
262,CE4_GRAS_PCAML-C-037_SCI_N_20230417061013_20230417061013_0288_B.png,CE4_GRAS_PCAMR-C-012_SCI_N_20220329085549_20220329085549_0238_B.png,1,0,567,1326,1,304,401,-1,0.1560
262,CE4_GRAS_PCAML-C-037_SCI_N_20230417061013_20230417061013_0288_B.png,CE4_GRAS_PCAMR-C-012_SCI_N_20220329085549_20220329085549_0238_B.png,2,1,1795,655,1,1995,239,0,0.1560
263,CE4_GRAS_PCAMR-C-005_SCI_N_20191202052818_20191202052818_0097_B.png,CE4_GRAS_PCAMR-C-010_SCI_N_20210812043432_20210812043432_0204_B.png,0,0,1974,1365,1,714,1087,-1,0.4448
263,CE4_GRAS_PCAMR-C-005_SCI_N_20191202052818_20191202052818_0097_B.png,CE4_GRAS_PCAMR-C-010_SCI_N_20210812043432_20210812043432_0204_B.png,1,1,1890,1326,0,1596,748,-1,0.4448
263,CE4_GRAS_PCAMR-C-005_SCI_N_20191202052818_20191202052818_0097_B.png,CE4_GRAS_PCAMR-C-010_SCI_N_20210812043432_20210812043432_0204_B.png,2,1,777,470,1,1365,185,0,0.4448
264,CE4_GRAS_PCAML-C-015_SCI_N_20220106120055_20220106120055_0226_B.png,CE4_GRAS_PCAMR-C-038_SCI_N_20220106124018_20220106124018_0226_B.png,0,0,1102,902,1,640,277,1,0.4378
264,CE4_GRAS_PCAML-C-015_SCI_N_20220106120055_20220106120055_0226_B.png,CE4_GRAS_PCAMR-C-038_SCI_N_20220106124018_20220106124018_0226_B.png,1,0,630,786,1,1627,624,1,0.4378
264,CE4_GRAS_PCAML-C-015_SCI_N_20220106120055_20220106120055_0226_B.png,CE4_GRAS_PCAMR-C-038_SCI_N_20220106124018_20220106124018_0226_B.png,2,1,399,1419,0,409,1257,-1,0.4378
265,CE4_GRAS_PCAML-C-032_SCI_N_20230417060146_20230417060146_0288_B.png,CE4_GRAS_PCAMR-C-001_SCI_N_20230615033223_20230615033223_0296_B.png,0,1,1900,1234,1,997,578,-1,0.0676
265,CE4_GRAS_PCAML-C-032_SCI_N_20230417060146_20230417060146_0288_B.png,CE4_GRAS_PCAMR-C-001_SCI_N_20230615033223_20230615033223_0296_B.png,1,1,1249,1380,0,1690,192,0,0.0676
265,CE4_GRAS_PCAML-C-032_SCI_N_20230417060146_20230417060146_0288_B.png,CE4_GRAS_PCAMR-C-001_SCI_N_20230615033223_20230615033223_0296_B.png,2,1,304,1303,0,724,1149,0,0.0676
266,CE4_GRAS_PCAMR-C-021_SCI_N_20220106121454_20220106121454_0226_B.png,CE4_GRAS_PCAMR-C-041_SCI_N_20230615045129_20230615045129_0296_B.png,0,1,787,347,1,2068,1141,-1,0.0985
266,CE4_GRAS_PCAMR-C-021_SCI_N_20220106121454_20220106121454_0226_B.png,CE4_GRAS_PCAMR-C-041_SCI_N_20230615045129_20230615045129_0296_B.png,1,1,1438,1002,1,1900,208,1,0.0985
266,CE4_GRAS_PCAMR-C-021_SCI_N_20220106121454_20220106121454_0226_B.png,CE4_GRAS_PCAMR-C-041_SCI_N_20230615045129_20230615045129_0296_B.png,2,0,1375,918,0,966,385,1,0.0985
267,CE4_GRAS_PCAML-C-011_SCI_N_20201218132550_20201218132550_0162_B.png,CE4_GRAS_PCAMR-C-046_SCI_N_20190925044602_20190925044602_0076_B.png,0,1,504,925,1,1386,277,-1,0.0359
267,CE4_GRAS_PCAML-C-011_SCI_N_20201218132550_20201218132550_0162_B.png,CE4_GRAS_PCAMR-C-046_SCI_N_20190925044602_20190925044602_0076_B.png,1,0,1459,617,1,409,663,0,0.0359
267,CE4_GRAS_PCAML-C-011_SCI_N_20201218132550_20201218132550_0162_B.png,CE4_GRAS_PCAMR-C-046_SCI_N_20190925044602_20190925044602_0076_B.png,2,1,1512,810,0,1974,1442,0,0.0359
268,CE4_GRAS_PCAML-C-004_SCI_N_20200120082927_20200120082927_0112_B.png,CE4_GRAS_PCAML-C-047_SCI_N_20190925044737_20190925044737_0076_B.png,0,1,1711,1218,1,1501,532,0,0.1612
268,CE4_GRAS_PCAML-C-004_SCI_N_20200120082927_20200120082927_0112_B.png,CE4_GRAS_PCAML-C-047_SCI_N_20190925044737_20190925044737_0076_B.png,1,1,556,864,0,1428,231,-1,0.1612
268,CE4_GRAS_PCAML-C-004_SCI_N_20200120082927_20200120082927_0112_B.png,CE4_GRAS_PCAML-C-047_SCI_N_20190925044737_20190925044737_0076_B.png,2,0,2058,1056,0,756,1419,0,0.1612
269,CE4_GRAS_PCAMR-C-000_SCI_N_20220603072759_20220603072759_0248_B.png,CE4_GRAS_PCAMR-C-009_SCI_N_20190111034628_20190111034628_0002_B.png,0,0,798,848,1,1533,185,-1,0.0768
269,CE4_GRAS_PCAMR-C-000_SCI_N_20220603072759_20220603072759_0248_B.png,CE4_GRAS_PCAMR-C-009_SCI_N_20190111034628_20190111034628_0002_B.png,1,0,252,208,1,682,709,1,0.0768
269,CE4_GRAS_PCAMR-C-000_SCI_N_20220603072759_20220603072759_0248_B.png,CE4_GRAS_PCAMR-C-009_SCI_N_20190111034628_20190111034628_0002_B.png,2,0,1281,370,1,1165,208,1,0.0768
270,CE4_GRAS_PCAMR-C-000_SCI_N_20190104041502_20190104041502_0001_B.png,CE4_GRAS_PCAMR-C-009_SCI_N_20220527060609_20220527060609_0247_B.png,0,1,871,1350,0,1764,856,-1,0.0723
270,CE4_GRAS_PCAMR-C-000_SCI_N_20190104041502_20190104041502_0001_B.png,CE4_GRAS_PCAMR-C-009_SCI_N_20220527060609_20220527060609_0247_B.png,1,1,1963,192,1,1627,1504,1,0.0723
270,CE4_GRAS_PCAMR-C-000_SCI_N_20190104041502_20190104041502_0001_B.png,CE4_GRAS_PCAMR-C-009_SCI_N_20220527060609_20220527060609_0247_B.png,2,1,1260,493,0,1176,1465,-1,0.0723
271,CE4_GRAS_PCAML-C-010_SCI_N_20220922062615_20220922062615_0258_B.png,CE4_GRAS_PCAMR-C-028_SCI_N_20230417055513_20230417055513_0288_B.png,0,1,2100,324,1,1260,1218,0,0.3449
271,CE4_GRAS_PCAML-C-010_SCI_N_20220922062615_20220922062615_0258_B.png,CE4_GRAS_PCAMR-C-028_SCI_N_20230417055513_20230417055513_0288_B.png,1,0,1239,732,0,882,300,0,0.3449
271,CE4_GRAS_PCAML-C-010_SCI_N_20220922062615_20220922062615_0258_B.png,CE4_GRAS_PCAMR-C-028_SCI_N_20230417055513_20230417055513_0288_B.png,2,1,945,401,1,1543,493,0,0.3449
272,CE4_GRAS_PCAML-C-006_SCI_N_20211030021050_20211030021050_0215_B.png,CE4_GRAS_PCAMR-C-005_SCI_N_20190104042659_20190104042659_0001_B.png,0,1,441,632,0,535,1033,-1,0.4465
272,CE4_GRAS_PCAML-C-006_SCI_N_20211030021050_20211030021050_0215_B.png,CE4_GRAS_PCAMR-C-005_SCI_N_20190104042659_20190104042659_0001_B.png,1,1,346,1434,0,231,385,-1,0.4465
272,CE4_GRAS_PCAML-C-006_SCI_N_20211030021050_20211030021050_0215_B.png,CE4_GRAS_PCAMR-C-005_SCI_N_20190104042659_20190104042659_0001_B.png,2,1,777,987,0,1785,1141,1,0.4465
273,CE4_GRAS_PCAML-C-001_SCI_N_20200426131128_20200426131128_0127_B.png,CE4_GRAS_PCAML-C-036_SCI_N_20220106123736_20220106123736_0226_B.png,0,0,483,1164,0,1050,1157,0,0.3563
273,CE4_GRAS_PCAML-C-001_SCI_N_20200426131128_20200426131128_0127_B.png,CE4_GRAS_PCAML-C-036_SCI_N_20220106123736_20220106123736_0226_B.png,1,1,420,1195,0,630,516,-1,0.3563
273,CE4_GRAS_PCAML-C-001_SCI_N_20200426131128_20200426131128_0127_B.png,CE4_GRAS_PCAML-C-036_SCI_N_20220106123736_20220106123736_0226_B.png,2,0,1123,848,1,493,632,0,0.3563
274,CE4_GRAS_PCAML-C-029_SCI_N_20230417055700_20230417055700_0288_B.png,CE4_GRAS_PCAML-C-038_SCI_N_20220106124034_20220106124034_0226_B.png,0,1,1144,447,1,1459,1373,-1,0.0998
274,CE4_GRAS_PCAML-C-029_SCI_N_20230417055700_20230417055700_0288_B.png,CE4_GRAS_PCAML-C-038_SCI_N_20220106124034_20220106124034_0226_B.png,1,1,1459,185,0,1638,956,1,0.0998
274,CE4_GRAS_PCAML-C-029_SCI_N_20230417055700_20230417055700_0288_B.png,CE4_GRAS_PCAML-C-038_SCI_N_20220106124034_20220106124034_0226_B.png,2,0,1344,370,1,966,941,1,0.0998
275,CE4_GRAS_PCAML-C-038_SCI_N_20190228093319_20190228093319_0011_B.png,CE4_GRAS_PCAMR-C-000_SCI_N_20200101040004_20200101040004_0111_B.png,0,0,1543,200,0,756,1519,0,0.1760
275,CE4_GRAS_PCAML-C-038_SCI_N_20190228093319_20190228093319_0011_B.png,CE4_GRAS_PCAMR-C-000_SCI_N_20200101040004_20200101040004_0111_B.png,1,1,703,686,0,493,1203,0,0.1760
275,CE4_GRAS_PCAML-C-038_SCI_N_20190228093319_20190228093319_0011_B.png,CE4_GRAS_PCAMR-C-000_SCI_N_20200101040004_20200101040004_0111_B.png,2,1,934,462,0,1197,779,0,0.1760
276,CE4_GRAS_PCAML-C-005_SCI_N_20200329051508_20200329051508_0124_B.png,CE4_GRAS_PCAML-C-008_SCI_N_20211230070644_20211230070644_0225_B.png,0,0,1785,732,0,504,1026,0,0.1945
276,CE4_GRAS_PCAML-C-005_SCI_N_20200329051508_20200329051508_0124_B.png,CE4_GRAS_PCAML-C-008_SCI_N_20211230070644_20211230070644_0225_B.png,1,1,556,192,1,1123,1535,-1,0.1945
276,CE4_GRAS_PCAML-C-005_SCI_N_20200329051508_20200329051508_0124_B.png,CE4_GRAS_PCAML-C-008_SCI_N_20211230070644_20211230070644_0225_B.png,2,1,304,1103,1,1974,416,-1,0.1945
277,CE4_GRAS_PCAML-C-002_SCI_N_20200120075849_20200120075849_0112_B.png,CE4_GRAS_PCAML-C-008_SCI_N_20201218132123_20201218132123_0162_B.png,0,0,1092,740,0,619,1527,1,0.2569
277,CE4_GRAS_PCAML-C-002_SCI_N_20200120075849_20200120075849_0112_B.png,CE4_GRAS_PCAML-C-008_SCI_N_20201218132123_20201218132123_0162_B.png,1,0,1995,339,0,1207,1149,1,0.2569
277,CE4_GRAS_PCAML-C-002_SCI_N_20200120075849_20200120075849_0112_B.png,CE4_GRAS_PCAML-C-008_SCI_N_20201218132123_20201218132123_0162_B.png,2,1,1606,478,1,2005,493,0,0.2569
278,CE4_GRAS_PCAML-C-007_SCI_N_20220329084826_20220329084826_0238_B.png,CE4_GRAS_PCAMR-C-005_SCI_N_20220106114530_20220106114530_0226_B.png,0,1,2068,532,1,1249,1519,0,0.2665
278,CE4_GRAS_PCAML-C-007_SCI_N_20220329084826_20220329084826_0238_B.png,CE4_GRAS_PCAMR-C-005_SCI_N_20220106114530_20220106114530_0226_B.png,1,0,241,1026,1,1323,632,-1,0.2665
278,CE4_GRAS_PCAML-C-007_SCI_N_20220329084826_20220329084826_0238_B.png,CE4_GRAS_PCAMR-C-005_SCI_N_20220106114530_20220106114530_0226_B.png,2,1,556,617,1,441,339,0,0.2665
279,CE4_GRAS_PCAMR-C-003_SCI_N_20190104042421_20190104042421_0001_B.png,CE4_GRAS_PCAMR-C-003_SCI_N_20211030020608_20211030020608_0215_B.png,0,1,1113,300,0,357,516,1,0.2872
279,CE4_GRAS_PCAMR-C-003_SCI_N_20190104042421_20190104042421_0001_B.png,CE4_GRAS_PCAMR-C-003_SCI_N_20211030020608_20211030020608_0215_B.png,1,0,1974,871,1,462,1242,-1,0.2872
279,CE4_GRAS_PCAMR-C-003_SCI_N_20190104042421_20190104042421_0001_B.png,CE4_GRAS_PCAMR-C-003_SCI_N_20211030020608_20211030020608_0215_B.png,2,0,1417,817,1,1764,794,-1,0.2872
280,CE4_GRAS_PCAML-C-011_SCI_N_20210811102010_20210811102010_0203_B.png,CE4_GRAS_PCAMR-C-019_SCI_N_20211010061149_20211010061149_0213_B.png,0,1,493,601,1,336,1134,0,0.2133
280,CE4_GRAS_PCAML-C-011_SCI_N_20210811102010_20210811102010_0203_B.png,CE4_GRAS_PCAMR-C-019_SCI_N_20211010061149_20211010061149_0213_B.png,1,1,336,300,0,1690,509,1,0.2133
280,CE4_GRAS_PCAML-C-011_SCI_N_20210811102010_20210811102010_0203_B.png,CE4_GRAS_PCAMR-C-019_SCI_N_20211010061149_20211010061149_0213_B.png,2,0,2026,632,1,2068,455,0,0.2133
281,CE4_GRAS_PCAMR-C-004_SCI_N_20191221121417_20191221121417_0099_B.png,CE4_GRAS_PCAMR-C-018_SCI_N_20220329090443_20220329090443_0238_B.png,0,1,1879,918,1,945,1072,0,0.3047
281,CE4_GRAS_PCAMR-C-004_SCI_N_20191221121417_20191221121417_0099_B.png,CE4_GRAS_PCAMR-C-018_SCI_N_20220329090443_20220329090443_0238_B.png,1,0,2047,894,1,1585,447,0,0.3047
281,CE4_GRAS_PCAMR-C-004_SCI_N_20191221121417_20191221121417_0099_B.png,CE4_GRAS_PCAMR-C-018_SCI_N_20220329090443_20220329090443_0238_B.png,2,1,1596,786,0,619,362,-1,0.3047
282,CE4_GRAS_PCAML-C-004_SCI_N_20220329084359_20220329084359_0238_B.png,CE4_GRAS_PCAMR-C-009_SCI_N_20211230070757_20211230070757_0225_B.png,0,0,367,223,1,829,887,1,0.2303
282,CE4_GRAS_PCAML-C-004_SCI_N_20220329084359_20220329084359_0238_B.png,CE4_GRAS_PCAMR-C-009_SCI_N_20211230070757_20211230070757_0225_B.png,1,0,2005,524,1,346,370,1,0.2303
282,CE4_GRAS_PCAML-C-004_SCI_N_20220329084359_20220329084359_0238_B.png,CE4_GRAS_PCAMR-C-009_SCI_N_20211230070757_20211230070757_0225_B.png,2,1,1984,540,0,945,879,-1,0.2303
283,CE4_GRAS_PCAML-C-002_SCI_N_20211030020454_20211030020454_0215_B.png,CE4_GRAS_PCAMR-C-049_SCI_N_20190228095618_20190228095618_0011_B.png,0,1,1743,1056,0,661,817,-1,0.1804
283,CE4_GRAS_PCAML-C-002_SCI_N_20211030020454_20211030020454_0215_B.png,CE4_GRAS_PCAMR-C-049_SCI_N_20190228095618_20190228095618_0011_B.png,1,1,1123,408,0,1008,1419,1,0.1804
283,CE4_GRAS_PCAML-C-002_SCI_N_20211030020454_20211030020454_0215_B.png,CE4_GRAS_PCAMR-C-049_SCI_N_20190228095618_20190228095618_0011_B.png,2,0,1428,1041,1,1648,185,1,0.1804
284,CE4_GRAS_PCAMR-C-005_SCI_N_20190228082143_20190228082143_0011_B.png,CE4_GRAS_PCAMR-C-011_SCI_N_20200428094957_20200428094957_0128_B.png,0,0,924,640,1,1827,493,1,0.0966
284,CE4_GRAS_PCAMR-C-005_SCI_N_20190228082143_20190228082143_0011_B.png,CE4_GRAS_PCAMR-C-011_SCI_N_20200428094957_20200428094957_0128_B.png,1,1,1291,239,0,882,185,-1,0.0966
284,CE4_GRAS_PCAMR-C-005_SCI_N_20190228082143_20190228082143_0011_B.png,CE4_GRAS_PCAMR-C-011_SCI_N_20200428094957_20200428094957_0128_B.png,2,1,231,1242,1,1312,1535,0,0.0966
285,CE4_GRAS_PCAMR-C-013_SCI_N_20230615035011_20230615035011_0296_B.png,CE4_GRAS_PCAMR-C-016_SCI_N_20221127091545_20221127091545_0269_B.png,0,1,1942,1388,0,1197,779,-1,0.2273
285,CE4_GRAS_PCAMR-C-013_SCI_N_20230615035011_20230615035011_0296_B.png,CE4_GRAS_PCAMR-C-016_SCI_N_20221127091545_20221127091545_0269_B.png,1,1,1659,432,0,315,1527,1,0.2273
285,CE4_GRAS_PCAMR-C-013_SCI_N_20230615035011_20230615035011_0296_B.png,CE4_GRAS_PCAMR-C-016_SCI_N_20221127091545_20221127091545_0269_B.png,2,0,1396,393,0,1176,1180,1,0.2273
286,CE4_GRAS_PCAML-C-013_SCI_N_20200227114330_20200227114330_0121_B.png,CE4_GRAS_PCAMR-C-006_SCI_N_20190228082303_20190228082303_0011_B.png,0,1,1963,563,1,1480,347,-1,0.1257
286,CE4_GRAS_PCAML-C-013_SCI_N_20200227114330_20200227114330_0121_B.png,CE4_GRAS_PCAMR-C-006_SCI_N_20190228082303_20190228082303_0011_B.png,1,0,598,1519,1,945,1080,-1,0.1257
286,CE4_GRAS_PCAML-C-013_SCI_N_20200227114330_20200227114330_0121_B.png,CE4_GRAS_PCAMR-C-006_SCI_N_20190228082303_20190228082303_0011_B.png,2,1,1627,810,1,577,324,1,0.1257
287,CE4_GRAS_PCAML-C-001_SCI_N_20210207090100_20210207090100_0172_B.png,CE4_GRAS_PCAML-C-014_SCI_N_20221127091303_20221127091303_0269_B.png,0,0,1732,1473,1,1459,1080,-1,0.2015
287,CE4_GRAS_PCAML-C-001_SCI_N_20210207090100_20210207090100_0172_B.png,CE4_GRAS_PCAML-C-014_SCI_N_20221127091303_20221127091303_0269_B.png,1,0,1680,1002,1,1302,578,-1,0.2015
287,CE4_GRAS_PCAML-C-001_SCI_N_20210207090100_20210207090100_0172_B.png,CE4_GRAS_PCAML-C-014_SCI_N_20221127091303_20221127091303_0269_B.png,2,0,1984,462,0,2089,964,1,0.2015
288,CE4_GRAS_PCAML-C-004_SCI_N_20210811100638_20210811100638_0203_B.png,CE4_GRAS_PCAML-C-015_SCI_N_20190228084355_20190228084355_0011_B.png,0,0,325,1141,1,1449,532,1,0.0635
288,CE4_GRAS_PCAML-C-004_SCI_N_20210811100638_20210811100638_0203_B.png,CE4_GRAS_PCAML-C-015_SCI_N_20190228084355_20190228084355_0011_B.png,1,0,819,169,1,598,200,1,0.0635
288,CE4_GRAS_PCAML-C-004_SCI_N_20210811100638_20210811100638_0203_B.png,CE4_GRAS_PCAML-C-015_SCI_N_20190228084355_20190228084355_0011_B.png,2,0,861,1550,1,661,532,-1,0.0635
289,CE4_GRAS_PCAML-C-053_SCI_N_20230615051405_20230615051405_0296_B.png,CE4_GRAS_PCAMR-C-004_SCI_N_20220922061633_20220922061633_0258_B.png,0,0,693,324,1,861,1419,-1,0.2787
289,CE4_GRAS_PCAML-C-053_SCI_N_20230615051405_20230615051405_0296_B.png,CE4_GRAS_PCAMR-C-004_SCI_N_20220922061633_20220922061633_0258_B.png,1,1,1081,331,1,567,586,1,0.2787
289,CE4_GRAS_PCAML-C-053_SCI_N_20230615051405_20230615051405_0296_B.png,CE4_GRAS_PCAMR-C-004_SCI_N_20220922061633_20220922061633_0258_B.png,2,1,1449,1434,1,1648,285,-1,0.2787
290,CE4_GRAS_PCAML-C-013_SCI_N_20190228083239_20190228083239_0011_B.png,CE4_GRAS_PCAMR-C-001_SCI_N_20191221120951_20191221120951_0099_B.png,0,1,934,563,1,1648,918,-1,0.1776
290,CE4_GRAS_PCAML-C-013_SCI_N_20190228083239_20190228083239_0011_B.png,CE4_GRAS_PCAMR-C-001_SCI_N_20191221120951_20191221120951_0099_B.png,1,0,609,486,1,1344,601,-1,0.1776
290,CE4_GRAS_PCAML-C-013_SCI_N_20190228083239_20190228083239_0011_B.png,CE4_GRAS_PCAMR-C-001_SCI_N_20191221120951_20191221120951_0099_B.png,2,0,1564,300,0,399,1488,1,0.1776
291,CE4_GRAS_PCAML-C-004_SCI_N_20190112101624_20190112101624_0003_B.png,CE4_GRAS_PCAMR-C-005_SCI_N_20210208065413_20210208065413_0173_B.png,0,1,682,702,0,798,1257,-1,0.0928
291,CE4_GRAS_PCAML-C-004_SCI_N_20190112101624_20190112101624_0003_B.png,CE4_GRAS_PCAMR-C-005_SCI_N_20210208065413_20210208065413_0173_B.png,1,1,556,1272,0,745,702,-1,0.0928
291,CE4_GRAS_PCAML-C-004_SCI_N_20190112101624_20190112101624_0003_B.png,CE4_GRAS_PCAMR-C-005_SCI_N_20210208065413_20210208065413_0173_B.png,2,1,1596,1411,0,1102,933,-1,0.0928
292,CE4_GRAS_PCAML-C-004_SCI_N_20211010054624_20211010054624_0213_B.png,CE4_GRAS_PCAMR-C-000_SCI_N_20200131013112_20200131013112_0116_B.png,0,1,2016,663,1,682,956,1,0.2134
292,CE4_GRAS_PCAML-C-004_SCI_N_20211010054624_20211010054624_0213_B.png,CE4_GRAS_PCAMR-C-000_SCI_N_20200131013112_20200131013112_0116_B.png,1,0,1344,509,0,1197,1087,1,0.2134
292,CE4_GRAS_PCAML-C-004_SCI_N_20211010054624_20211010054624_0213_B.png,CE4_GRAS_PCAMR-C-000_SCI_N_20200131013112_20200131013112_0116_B.png,2,0,1039,586,1,556,671,-1,0.2134
293,CE4_GRAS_PCAMR-C-008_SCI_N_20200320093040_20200320093040_0123_B.png,CE4_GRAS_PCAMR-C-008_SCI_N_20200428094530_20200428094530_0128_B.png,0,0,1974,918,0,1113,293,1,0.2619
293,CE4_GRAS_PCAMR-C-008_SCI_N_20200320093040_20200320093040_0123_B.png,CE4_GRAS_PCAMR-C-008_SCI_N_20200428094530_20200428094530_0128_B.png,1,0,798,894,0,399,933,0,0.2619
293,CE4_GRAS_PCAMR-C-008_SCI_N_20200320093040_20200320093040_0123_B.png,CE4_GRAS_PCAMR-C-008_SCI_N_20200428094530_20200428094530_0128_B.png,2,0,336,563,1,1942,555,0,0.2619
294,CE4_GRAS_PCAML-C-009_SCI_N_20210812043319_20210812043319_0204_B.png,CE4_GRAS_PCAML-C-016_SCI_N_20190228084515_20190228084515_0011_B.png,0,0,1428,486,1,1018,1203,1,0.4923
294,CE4_GRAS_PCAML-C-009_SCI_N_20210812043319_20210812043319_0204_B.png,CE4_GRAS_PCAML-C-016_SCI_N_20190228084515_20190228084515_0011_B.png,1,1,546,231,0,609,1103,0,0.4923
294,CE4_GRAS_PCAML-C-009_SCI_N_20210812043319_20210812043319_0204_B.png,CE4_GRAS_PCAML-C-016_SCI_N_20190228084515_20190228084515_0011_B.png,2,0,357,478,1,808,578,-1,0.4923
295,CE4_GRAS_PCAML-C-001_SCI_N_20200101040148_20200101040148_0111_B.png,CE4_GRAS_PCAML-C-004_SCI_N_20220930060816_20220930060816_0260_B.png,0,1,1921,324,0,1449,941,1,0.3607
295,CE4_GRAS_PCAML-C-001_SCI_N_20200101040148_20200101040148_0111_B.png,CE4_GRAS_PCAML-C-004_SCI_N_20220930060816_20220930060816_0260_B.png,1,0,724,933,1,1281,864,0,0.3607
295,CE4_GRAS_PCAML-C-001_SCI_N_20200101040148_20200101040148_0111_B.png,CE4_GRAS_PCAML-C-004_SCI_N_20220930060816_20220930060816_0260_B.png,2,0,1617,1542,0,1123,1442,0,0.3607
296,CE4_GRAS_PCAML-C-002_SCI_N_20210507055530_20210507055530_0187_B.png,CE4_GRAS_PCAML-C-026_SCI_N_20230417054848_20230417054848_0288_B.png,0,0,1522,563,1,2058,995,1,0.2274
296,CE4_GRAS_PCAML-C-002_SCI_N_20210507055530_20210507055530_0187_B.png,CE4_GRAS_PCAML-C-026_SCI_N_20230417054848_20230417054848_0288_B.png,1,0,1449,1188,1,840,648,-1,0.2274
296,CE4_GRAS_PCAML-C-002_SCI_N_20210507055530_20210507055530_0187_B.png,CE4_GRAS_PCAML-C-026_SCI_N_20230417054848_20230417054848_0288_B.png,2,0,903,825,0,997,231,-1,0.2274
297,CE4_GRAS_PCAML-C-007_SCI_N_20220527060326_20220527060326_0247_B.png,CE4_GRAS_PCAMR-C-026_SCI_N_20230615041953_20230615041953_0296_B.png,0,0,1491,1550,1,672,871,-1,0.0968
297,CE4_GRAS_PCAML-C-007_SCI_N_20220527060326_20220527060326_0247_B.png,CE4_GRAS_PCAMR-C-026_SCI_N_20230615041953_20230615041953_0296_B.png,1,1,1701,1342,0,1879,864,1,0.0968
297,CE4_GRAS_PCAML-C-007_SCI_N_20220527060326_20220527060326_0247_B.png,CE4_GRAS_PCAMR-C-026_SCI_N_20230615041953_20230615041953_0296_B.png,2,0,871,1149,1,1239,192,-1,0.0968
298,CE4_GRAS_PCAML-C-022_SCI_N_20220106121639_20220106121639_0226_B.png,CE4_GRAS_PCAMR-C-009_SCI_N_20211229081209_20211229081209_0224_B.png,0,0,1333,817,1,357,794,-1,0.1893
298,CE4_GRAS_PCAML-C-022_SCI_N_20220106121639_20220106121639_0226_B.png,CE4_GRAS_PCAMR-C-009_SCI_N_20211229081209_20211229081209_0224_B.png,1,0,451,416,0,1617,609,1,0.1893
298,CE4_GRAS_PCAML-C-022_SCI_N_20220106121639_20220106121639_0226_B.png,CE4_GRAS_PCAMR-C-009_SCI_N_20211229081209_20211229081209_0224_B.png,2,1,1533,1141,1,924,1018,0,0.1893
299,CE4_GRAS_PCAML-C-012_SCI_N_20190925033438_20190925033438_0076_B.png,CE4_GRAS_PCAMR-C-001_SCI_N_20220128095909_20220128095909_0230_B.png,0,1,808,1465,0,1092,192,-1,0.2961
299,CE4_GRAS_PCAML-C-012_SCI_N_20190925033438_20190925033438_0076_B.png,CE4_GRAS_PCAMR-C-001_SCI_N_20220128095909_20220128095909_0230_B.png,1,0,640,825,1,661,887,0,0.2961
299,CE4_GRAS_PCAML-C-012_SCI_N_20190925033438_20190925033438_0076_B.png,CE4_GRAS_PCAMR-C-001_SCI_N_20220128095909_20220128095909_0230_B.png,2,1,315,493,1,924,1234,0,0.2961
300,CE4_GRAS_PCAML-C-041_SCI_N_20230615045144_20230615045144_0296_B.png,CE4_GRAS_PCAMR-C-003_SCI_N_20190110211757_20190110211757_0002_B.png,0,1,630,1388,1,1165,493,0,0.2872
300,CE4_GRAS_PCAML-C-041_SCI_N_20230615045144_20230615045144_0296_B.png,CE4_GRAS_PCAMR-C-003_SCI_N_20190110211757_20190110211757_0002_B.png,1,1,1123,1087,0,2110,1334,1,0.2872
300,CE4_GRAS_PCAML-C-041_SCI_N_20230615045144_20230615045144_0296_B.png,CE4_GRAS_PCAMR-C-003_SCI_N_20190110211757_20190110211757_0002_B.png,2,0,1333,177,0,2068,462,-1,0.2872
301,CE4_GRAS_PCAMR-C-016_SCI_N_20211010060722_20211010060722_0213_B.png,CE4_GRAS_PCAMR-C-044_SCI_N_20190925044322_20190925044322_0076_B.png,0,1,924,532,1,1638,1195,1,0.1606
301,CE4_GRAS_PCAMR-C-016_SCI_N_20211010060722_20211010060722_0213_B.png,CE4_GRAS_PCAMR-C-044_SCI_N_20190925044322_20190925044322_0076_B.png,1,0,483,1234,0,1585,995,1,0.1606
301,CE4_GRAS_PCAMR-C-016_SCI_N_20211010060722_20211010060722_0213_B.png,CE4_GRAS_PCAMR-C-044_SCI_N_20190925044322_20190925044322_0076_B.png,2,1,1123,293,0,231,1535,0,0.1606
302,CE4_GRAS_PCAMR-C-008_SCI_N_20220930061808_20220930061808_0260_B.png,CE4_GRAS_PCAMR-C-022_SCI_N_20221127092517_20221127092517_0269_B.png,0,1,430,1365,0,1386,1303,-1,0.2984
302,CE4_GRAS_PCAMR-C-008_SCI_N_20220930061808_20220930061808_0260_B.png,CE4_GRAS_PCAMR-C-022_SCI_N_20221127092517_20221127092517_0269_B.png,1,1,273,316,0,609,486,1,0.2984
302,CE4_GRAS_PCAMR-C-008_SCI_N_20220930061808_20220930061808_0260_B.png,CE4_GRAS_PCAMR-C-022_SCI_N_20221127092517_20221127092517_0269_B.png,2,1,357,972,0,1701,594,1,0.2984
303,CE4_GRAS_PCAML-C-004_SCI_N_20210812042238_20210812042238_0204_B.png,CE4_GRAS_PCAMR-C-011_SCI_N_20220527060907_20220527060907_0247_B.png,0,0,1900,1126,0,913,632,-1,0.3896
303,CE4_GRAS_PCAML-C-004_SCI_N_20210812042238_20210812042238_0204_B.png,CE4_GRAS_PCAMR-C-011_SCI_N_20220527060907_20220527060907_0247_B.png,1,0,1228,1010,1,1596,632,-1,0.3896
303,CE4_GRAS_PCAML-C-004_SCI_N_20210812042238_20210812042238_0204_B.png,CE4_GRAS_PCAMR-C-011_SCI_N_20220527060907_20220527060907_0247_B.png,2,1,1596,1342,0,241,1095,-1,0.3896
304,CE4_GRAS_PCAML-C-016_SCI_N_20230417053026_20230417053026_0288_B.png,CE4_GRAS_PCAMR-C-006_SCI_N_20210117044209_20210117044209_0166_B.png,0,1,1711,408,0,1743,540,-1,0.1219
304,CE4_GRAS_PCAML-C-016_SCI_N_20230417053026_20230417053026_0288_B.png,CE4_GRAS_PCAMR-C-006_SCI_N_20210117044209_20210117044209_0166_B.png,1,0,1176,833,1,1134,655,1,0.1219
304,CE4_GRAS_PCAML-C-016_SCI_N_20230417053026_20230417053026_0288_B.png,CE4_GRAS_PCAMR-C-006_SCI_N_20210117044209_20210117044209_0166_B.png,2,1,588,509,0,787,1203,1,0.1219
305,CE4_GRAS_PCAML-C-011_SCI_N_20201012045156_20201012045156_0148_B.png,CE4_GRAS_PCAMR-C-003_SCI_N_20220128100207_20220128100207_0230_B.png,0,1,346,246,0,1291,825,1,0.0443
305,CE4_GRAS_PCAML-C-011_SCI_N_20201012045156_20201012045156_0148_B.png,CE4_GRAS_PCAMR-C-003_SCI_N_20220128100207_20220128100207_0230_B.png,1,1,2047,1357,0,1102,1141,-1,0.0443
305,CE4_GRAS_PCAML-C-011_SCI_N_20201012045156_20201012045156_0148_B.png,CE4_GRAS_PCAMR-C-003_SCI_N_20220128100207_20220128100207_0230_B.png,2,1,1806,594,1,346,1095,-1,0.0443
306,CE4_GRAS_PCAML-C-005_SCI_N_20190925032518_20190925032518_0076_B.png,CE4_GRAS_PCAMR-C-023_SCI_N_20220106121752_20220106121752_0226_B.png,0,1,672,447,1,388,1396,-1,0.1822
306,CE4_GRAS_PCAML-C-005_SCI_N_20190925032518_20190925032518_0076_B.png,CE4_GRAS_PCAMR-C-023_SCI_N_20220106121752_20220106121752_0226_B.png,1,0,378,1226,0,1365,979,-1,0.1822
306,CE4_GRAS_PCAML-C-005_SCI_N_20190925032518_20190925032518_0076_B.png,CE4_GRAS_PCAMR-C-023_SCI_N_20220106121752_20220106121752_0226_B.png,2,0,903,995,0,840,486,0,0.1822
307,CE4_GRAS_PCAML-C-006_SCI_N_20220329084657_20220329084657_0238_B.png,CE4_GRAS_PCAMR-C-000_SCI_N_20190729011843_20190729011843_0050_B.png,0,0,1081,1002,1,462,887,1,0.3679
307,CE4_GRAS_PCAML-C-006_SCI_N_20220329084657_20220329084657_0238_B.png,CE4_GRAS_PCAMR-C-000_SCI_N_20190729011843_20190729011843_0050_B.png,1,1,1837,1026,1,1449,1018,0,0.3679
307,CE4_GRAS_PCAML-C-006_SCI_N_20220329084657_20220329084657_0238_B.png,CE4_GRAS_PCAMR-C-000_SCI_N_20190729011843_20190729011843_0050_B.png,2,1,1680,408,1,798,524,0,0.3679
308,CE4_GRAS_PCAML-C-020_SCI_N_20190228085035_20190228085035_0011_B.png,CE4_GRAS_PCAMR-C-007_SCI_N_20200428094401_20200428094401_0128_B.png,0,0,399,740,0,1407,300,1,0.1339
308,CE4_GRAS_PCAML-C-020_SCI_N_20190228085035_20190228085035_0011_B.png,CE4_GRAS_PCAMR-C-007_SCI_N_20200428094401_20200428094401_0128_B.png,1,0,1018,995,0,388,378,1,0.1339
308,CE4_GRAS_PCAML-C-020_SCI_N_20190228085035_20190228085035_0011_B.png,CE4_GRAS_PCAMR-C-007_SCI_N_20200428094401_20200428094401_0128_B.png,2,0,1764,864,0,1743,223,1,0.1339
309,CE4_GRAS_PCAML-C-000_SCI_N_20200131025855_20200131025855_0117_B.png,CE4_GRAS_PCAML-C-010_SCI_N_20220106115330_20220106115330_0226_B.png,0,1,1680,972,0,1218,1056,1,0.1149
309,CE4_GRAS_PCAML-C-000_SCI_N_20200131025855_20200131025855_0117_B.png,CE4_GRAS_PCAML-C-010_SCI_N_20220106115330_20220106115330_0226_B.png,1,0,588,1311,1,588,1242,-1,0.1149
309,CE4_GRAS_PCAML-C-000_SCI_N_20200131025855_20200131025855_0117_B.png,CE4_GRAS_PCAML-C-010_SCI_N_20220106115330_20220106115330_0226_B.png,2,0,945,501,0,1354,524,1,0.1149
310,CE4_GRAS_PCAML-C-017_SCI_N_20221127091730_20221127091730_0269_B.png,CE4_GRAS_PCAMR-C-002_SCI_N_20200120075833_20200120075833_0112_B.png,0,0,609,177,0,451,1087,1,0.1250
310,CE4_GRAS_PCAML-C-017_SCI_N_20221127091730_20221127091730_0269_B.png,CE4_GRAS_PCAMR-C-002_SCI_N_20200120075833_20200120075833_0112_B.png,1,0,1648,902,1,871,447,-1,0.1250
310,CE4_GRAS_PCAML-C-017_SCI_N_20221127091730_20221127091730_0269_B.png,CE4_GRAS_PCAMR-C-002_SCI_N_20200120075833_20200120075833_0112_B.png,2,0,1113,594,0,546,810,1,0.1250
311,CE4_GRAS_PCAMR-C-001_SCI_N_20220604061001_20220604061001_0249_B.png,CE4_GRAS_PCAMR-C-006_SCI_N_20191202053336_20191202053336_0097_B.png,0,0,1890,1257,1,1869,1334,1,0.1491
311,CE4_GRAS_PCAMR-C-001_SCI_N_20220604061001_20220604061001_0249_B.png,CE4_GRAS_PCAMR-C-006_SCI_N_20191202053336_20191202053336_0097_B.png,1,0,1029,524,0,619,972,1,0.1491
311,CE4_GRAS_PCAMR-C-001_SCI_N_20220604061001_20220604061001_0249_B.png,CE4_GRAS_PCAMR-C-006_SCI_N_20191202053336_20191202053336_0097_B.png,2,1,1575,401,0,2089,933,-1,0.1491
312,CE4_GRAS_PCAML-C-007_SCI_N_20190228082439_20190228082439_0011_B.png,CE4_GRAS_PCAMR-C-020_SCI_N_20190925035041_20190925035041_0076_B.png,0,1,1627,1396,1,1638,833,1,0.2326
312,CE4_GRAS_PCAML-C-007_SCI_N_20190228082439_20190228082439_0011_B.png,CE4_GRAS_PCAMR-C-020_SCI_N_20190925035041_20190925035041_0076_B.png,1,1,294,686,0,514,1357,1,0.2326
312,CE4_GRAS_PCAML-C-007_SCI_N_20190228082439_20190228082439_0011_B.png,CE4_GRAS_PCAMR-C-020_SCI_N_20190925035041_20190925035041_0076_B.png,2,0,577,177,1,1669,192,1,0.2326
313,CE4_GRAS_PCAML-C-000_SCI_N_20190510100115_20190510100115_0038_B.png,CE4_GRAS_PCAMR-C-000_SCI_N_20191202052053_20191202052053_0097_B.png,0,0,420,1350,1,1963,972,-1,0.1590
313,CE4_GRAS_PCAML-C-000_SCI_N_20190510100115_20190510100115_0038_B.png,CE4_GRAS_PCAMR-C-000_SCI_N_20191202052053_20191202052053_0097_B.png,1,0,1312,540,0,1627,709,0,0.1590
313,CE4_GRAS_PCAML-C-000_SCI_N_20190510100115_20190510100115_0038_B.png,CE4_GRAS_PCAMR-C-000_SCI_N_20191202052053_20191202052053_0097_B.png,2,1,2037,493,1,651,840,0,0.1590
314,CE4_GRAS_PCAML-C-002_SCI_N_20190806113750_20190806113750_0053_B.png,CE4_GRAS_PCAML-C-033_SCI_N_20190228092639_20190228092639_0011_B.png,0,0,535,1311,0,1659,779,-1,0.3135
314,CE4_GRAS_PCAML-C-002_SCI_N_20190806113750_20190806113750_0053_B.png,CE4_GRAS_PCAML-C-033_SCI_N_20190228092639_20190228092639_0011_B.png,1,1,441,987,0,546,439,-1,0.3135
314,CE4_GRAS_PCAML-C-002_SCI_N_20190806113750_20190806113750_0053_B.png,CE4_GRAS_PCAML-C-033_SCI_N_20190228092639_20190228092639_0011_B.png,2,0,1396,601,0,777,1504,1,0.3135
315,CE4_GRAS_PCAML-C-014_SCI_N_20230615040221_20230615040221_0296_B.png,CE4_GRAS_PCAMR-C-002_SCI_N_20200428093216_20200428093216_0128_B.png,0,0,1732,748,1,1963,856,1,0.1075
315,CE4_GRAS_PCAML-C-014_SCI_N_20230615040221_20230615040221_0296_B.png,CE4_GRAS_PCAMR-C-002_SCI_N_20200428093216_20200428093216_0128_B.png,1,0,441,1542,0,598,462,-1,0.1075
315,CE4_GRAS_PCAML-C-014_SCI_N_20230615040221_20230615040221_0296_B.png,CE4_GRAS_PCAMR-C-002_SCI_N_20200428093216_20200428093216_0128_B.png,2,0,829,871,1,1575,208,1,0.1075
316,CE4_GRAS_PCAML-C-000_SCI_N_20201218130533_20201218130533_0162_B.png,CE4_GRAS_PCAML-C-023_SCI_N_20230417054400_20230417054400_0288_B.png,0,0,1921,1103,1,598,1527,1,0.1015
316,CE4_GRAS_PCAML-C-000_SCI_N_20201218130533_20201218130533_0162_B.png,CE4_GRAS_PCAML-C-023_SCI_N_20230417054400_20230417054400_0288_B.png,1,0,1470,694,1,903,640,1,0.1015
316,CE4_GRAS_PCAML-C-000_SCI_N_20201218130533_20201218130533_0162_B.png,CE4_GRAS_PCAML-C-023_SCI_N_20230417054400_20230417054400_0288_B.png,2,0,1932,1542,1,1060,1087,1,0.1015
317,CE4_GRAS_PCAML-C-006_SCI_N_20201012044048_20201012044048_0148_B.png,CE4_GRAS_PCAMR-C-008_SCI_N_20201012044713_20201012044713_0148_B.png,0,0,1333,192,1,1753,1319,1,0.1425
317,CE4_GRAS_PCAML-C-006_SCI_N_20201012044048_20201012044048_0148_B.png,CE4_GRAS_PCAMR-C-008_SCI_N_20201012044713_20201012044713_0148_B.png,1,0,829,432,0,598,1211,-1,0.1425
317,CE4_GRAS_PCAML-C-006_SCI_N_20201012044048_20201012044048_0148_B.png,CE4_GRAS_PCAMR-C-008_SCI_N_20201012044713_20201012044713_0148_B.png,2,1,535,370,0,2058,972,1,0.1425
318,CE4_GRAS_PCAML-C-022_SCI_N_20221127092533_20221127092533_0269_B.png,CE4_GRAS_PCAMR-C-010_SCI_N_20230615034544_20230615034544_0296_B.png,0,1,399,285,1,357,1218,1,0.1044
318,CE4_GRAS_PCAML-C-022_SCI_N_20221127092533_20221127092533_0269_B.png,CE4_GRAS_PCAMR-C-010_SCI_N_20230615034544_20230615034544_0296_B.png,1,0,1459,663,1,724,1110,1,0.1044
318,CE4_GRAS_PCAML-C-022_SCI_N_20221127092533_20221127092533_0269_B.png,CE4_GRAS_PCAMR-C-010_SCI_N_20230615034544_20230615034544_0296_B.png,2,0,1050,694,0,745,1350,1,0.1044
319,CE4_GRAS_PCAML-C-006_SCI_N_20190228082319_20190228082319_0011_B.png,CE4_GRAS_PCAMR-C-025_SCI_N_20230417054645_20230417054645_0288_B.png,0,0,1690,1319,0,1722,246,1,0.0755
319,CE4_GRAS_PCAML-C-006_SCI_N_20190228082319_20190228082319_0011_B.png,CE4_GRAS_PCAMR-C-025_SCI_N_20230417054645_20230417054645_0288_B.png,1,0,1386,493,0,1932,748,1,0.0755
319,CE4_GRAS_PCAML-C-006_SCI_N_20190228082319_20190228082319_0011_B.png,CE4_GRAS_PCAMR-C-025_SCI_N_20230417054645_20230417054645_0288_B.png,2,0,588,632,0,745,331,1,0.0755
320,CE4_GRAS_PCAML-C-006_SCI_N_20190104084559_20190104084559_0001_B.png,CE4_GRAS_PCAMR-C-004_SCI_N_20220107131933_20220107131933_0227_B.png,0,0,1092,1134,0,556,717,-1,0.2094
320,CE4_GRAS_PCAML-C-006_SCI_N_20190104084559_20190104084559_0001_B.png,CE4_GRAS_PCAMR-C-004_SCI_N_20220107131933_20220107131933_0227_B.png,1,0,819,277,0,325,1149,1,0.2094
320,CE4_GRAS_PCAML-C-006_SCI_N_20190104084559_20190104084559_0001_B.png,CE4_GRAS_PCAMR-C-004_SCI_N_20220107131933_20220107131933_0227_B.png,2,0,1291,879,0,1984,1542,1,0.2094
321,CE4_GRAS_PCAML-C-006_SCI_N_20210811101245_20210811101245_0203_B.png,CE4_GRAS_PCAML-C-009_SCI_N_20220930061953_20220930061953_0260_B.png,0,1,850,609,1,882,362,0,0.0961
321,CE4_GRAS_PCAML-C-006_SCI_N_20210811101245_20210811101245_0203_B.png,CE4_GRAS_PCAML-C-009_SCI_N_20220930061953_20220930061953_0260_B.png,1,0,315,1072,1,1711,1427,-1,0.0961
321,CE4_GRAS_PCAML-C-006_SCI_N_20210811101245_20210811101245_0203_B.png,CE4_GRAS_PCAML-C-009_SCI_N_20220930061953_20220930061953_0260_B.png,2,0,924,316,0,903,663,1,0.0961
322,CE4_GRAS_PCAML-C-005_SCI_N_20220107132118_20220107132118_0227_B.png,CE4_GRAS_PCAMR-C-009_SCI_N_20210811101656_20210811101656_0203_B.png,0,0,1176,169,1,514,401,1,0.1975
322,CE4_GRAS_PCAML-C-005_SCI_N_20220107132118_20220107132118_0227_B.png,CE4_GRAS_PCAMR-C-009_SCI_N_20210811101656_20210811101656_0203_B.png,1,1,1449,192,1,1113,1249,1,0.1975
322,CE4_GRAS_PCAML-C-005_SCI_N_20220107132118_20220107132118_0227_B.png,CE4_GRAS_PCAMR-C-009_SCI_N_20210811101656_20210811101656_0203_B.png,2,1,861,987,1,1050,324,-1,0.1975
323,CE4_GRAS_PCAML-C-004_SCI_N_20190110211933_20190110211933_0002_B.png,CE4_GRAS_PCAML-C-004_SCI_N_20220527055806_20220527055806_0247_B.png,0,0,1900,964,1,1050,347,-1,0.0729
323,CE4_GRAS_PCAML-C-004_SCI_N_20190110211933_20190110211933_0002_B.png,CE4_GRAS_PCAML-C-004_SCI_N_20220527055806_20220527055806_0247_B.png,1,0,1386,385,1,1827,648,1,0.0729
323,CE4_GRAS_PCAML-C-004_SCI_N_20190110211933_20190110211933_0002_B.png,CE4_GRAS_PCAML-C-004_SCI_N_20220527055806_20220527055806_0247_B.png,2,0,1711,254,1,388,439,-1,0.0729
324,CE4_GRAS_PCAML-C-016_SCI_N_20190925034537_20190925034537_0076_B.png,CE4_GRAS_PCAMR-C-023_SCI_N_20190228085419_20190228085419_0011_B.png,0,1,745,686,0,955,794,-1,0.1385
324,CE4_GRAS_PCAML-C-016_SCI_N_20190925034537_20190925034537_0076_B.png,CE4_GRAS_PCAMR-C-023_SCI_N_20190228085419_20190228085419_0011_B.png,1,0,1984,478,0,1218,401,-1,0.1385
324,CE4_GRAS_PCAML-C-016_SCI_N_20190925034537_20190925034537_0076_B.png,CE4_GRAS_PCAMR-C-023_SCI_N_20190228085419_20190228085419_0011_B.png,2,1,1417,262,0,1774,1350,-1,0.1385
325,CE4_GRAS_PCAML-C-006_SCI_N_20210208065558_20210208065558_0173_B.png,CE4_GRAS_PCAMR-C-010_SCI_N_20190228082823_20190228082823_0011_B.png,0,0,1186,1265,1,1795,686,0,0.3049
325,CE4_GRAS_PCAML-C-006_SCI_N_20210208065558_20210208065558_0173_B.png,CE4_GRAS_PCAMR-C-010_SCI_N_20190228082823_20190228082823_0011_B.png,1,0,409,1056,1,1564,362,0,0.3049
325,CE4_GRAS_PCAML-C-006_SCI_N_20210208065558_20210208065558_0173_B.png,CE4_GRAS_PCAMR-C-010_SCI_N_20190228082823_20190228082823_0011_B.png,2,0,819,678,1,399,347,-1,0.3049
326,CE4_GRAS_PCAMR-C-009_SCI_N_20220329085109_20220329085109_0238_B.png,CE4_GRAS_PCAMR-C-055_SCI_N_20230615051647_20230615051647_0296_B.png,0,0,1092,925,0,1207,223,-1,0.1004
326,CE4_GRAS_PCAMR-C-009_SCI_N_20220329085109_20220329085109_0238_B.png,CE4_GRAS_PCAMR-C-055_SCI_N_20230615051647_20230615051647_0296_B.png,1,1,1239,894,0,1984,254,-1,0.1004
326,CE4_GRAS_PCAMR-C-009_SCI_N_20220329085109_20220329085109_0238_B.png,CE4_GRAS_PCAMR-C-055_SCI_N_20230615051647_20230615051647_0296_B.png,2,1,535,1188,1,1848,655,-1,0.1004
327,CE4_GRAS_PCAML-C-007_SCI_N_20221127084918_20221127084918_0269_B.png,CE4_GRAS_PCAMR-C-026_SCI_N_20190228085819_20190228085819_0011_B.png,0,1,1123,370,1,399,948,0,0.1070
327,CE4_GRAS_PCAML-C-007_SCI_N_20221127084918_20221127084918_0269_B.png,CE4_GRAS_PCAMR-C-026_SCI_N_20190228085819_20190228085819_0011_B.png,1,0,735,601,0,273,1481,1,0.1070
327,CE4_GRAS_PCAML-C-007_SCI_N_20221127084918_20221127084918_0269_B.png,CE4_GRAS_PCAMR-C-026_SCI_N_20190228085819_20190228085819_0011_B.png,2,0,1396,1442,1,241,1380,1,0.1070
328,CE4_GRAS_PCAML-C-010_SCI_N_20201012045027_20201012045027_0148_B.png,CE4_GRAS_PCAMR-C-010_SCI_N_20220922062559_20220922062559_0258_B.png,0,1,630,401,1,504,1504,1,0.3798
328,CE4_GRAS_PCAML-C-010_SCI_N_20201012045027_20201012045027_0148_B.png,CE4_GRAS_PCAMR-C-010_SCI_N_20220922062559_20220922062559_0258_B.png,1,0,724,1535,0,1207,555,-1,0.3798
328,CE4_GRAS_PCAML-C-010_SCI_N_20201012045027_20201012045027_0148_B.png,CE4_GRAS_PCAMR-C-010_SCI_N_20220922062559_20220922062559_0258_B.png,2,0,850,1211,1,2068,470,0,0.3798
329,CE4_GRAS_PCAML-C-001_SCI_N_20211229075623_20211229075623_0224_B.png,CE4_GRAS_PCAMR-C-009_SCI_N_20191202053803_20191202053803_0097_B.png,0,1,1554,1018,1,262,694,1,0.0202
329,CE4_GRAS_PCAML-C-001_SCI_N_20211229075623_20211229075623_0224_B.png,CE4_GRAS_PCAMR-C-009_SCI_N_20191202053803_20191202053803_0097_B.png,1,1,1480,756,0,1113,385,-1,0.0202
329,CE4_GRAS_PCAML-C-001_SCI_N_20211229075623_20211229075623_0224_B.png,CE4_GRAS_PCAMR-C-009_SCI_N_20191202053803_20191202053803_0097_B.png,2,1,231,1002,1,609,270,0,0.0202
330,CE4_GRAS_PCAML-C-006_SCI_N_20211229080758_20211229080758_0224_B.png,CE4_GRAS_PCAMR-C-012_SCI_N_20230615034842_20230615034842_0296_B.png,0,0,409,732,0,2110,655,-1,0.1533
330,CE4_GRAS_PCAML-C-006_SCI_N_20211229080758_20211229080758_0224_B.png,CE4_GRAS_PCAMR-C-012_SCI_N_20230615034842_20230615034842_0296_B.png,1,1,1606,678,0,1932,223,-1,0.1533
330,CE4_GRAS_PCAML-C-006_SCI_N_20211229080758_20211229080758_0224_B.png,CE4_GRAS_PCAMR-C-012_SCI_N_20230615034842_20230615034842_0296_B.png,2,1,283,817,0,903,532,-1,0.1533
331,CE4_GRAS_PCAMR-C-000_SCI_N_20230615033054_20230615033054_0296_B.png,CE4_GRAS_PCAMR-C-045_SCI_N_20190925044442_20190925044442_0076_B.png,0,0,2079,1033,1,1417,972,1,0.2233
331,CE4_GRAS_PCAMR-C-000_SCI_N_20230615033054_20230615033054_0296_B.png,CE4_GRAS_PCAMR-C-045_SCI_N_20190925044442_20190925044442_0076_B.png,1,0,2005,1272,1,724,732,-1,0.2233
331,CE4_GRAS_PCAMR-C-000_SCI_N_20230615033054_20230615033054_0296_B.png,CE4_GRAS_PCAMR-C-045_SCI_N_20190925044442_20190925044442_0076_B.png,2,0,1218,655,0,336,1234,1,0.2233
332,CE4_GRAS_PCAML-C-011_SCI_N_20210812043617_20210812043617_0204_B.png,CE4_GRAS_PCAMR-C-054_SCI_N_20190228100258_20190228100258_0011_B.png,0,0,472,1334,1,756,810,-1,0.1022
332,CE4_GRAS_PCAML-C-011_SCI_N_20210812043617_20210812043617_0204_B.png,CE4_GRAS_PCAMR-C-054_SCI_N_20190228100258_20190228100258_0011_B.png,1,0,787,1010,1,472,1380,-1,0.1022
332,CE4_GRAS_PCAML-C-011_SCI_N_20210812043617_20210812043617_0204_B.png,CE4_GRAS_PCAMR-C-054_SCI_N_20190228100258_20190228100258_0011_B.png,2,0,2068,1388,1,1260,864,-1,0.1022
333,CE4_GRAS_PCAML-C-023_SCI_N_20190925035457_20190925035457_0076_B.png,CE4_GRAS_PCAMR-C-054_SCI_N_20230417063931_20230417063931_0288_B.png,0,0,1743,678,1,1312,1257,1,0.1747
333,CE4_GRAS_PCAML-C-023_SCI_N_20190925035457_20190925035457_0076_B.png,CE4_GRAS_PCAMR-C-054_SCI_N_20230417063931_20230417063931_0288_B.png,1,0,924,324,1,630,1442,0,0.1747
333,CE4_GRAS_PCAML-C-023_SCI_N_20190925035457_20190925035457_0076_B.png,CE4_GRAS_PCAMR-C-054_SCI_N_20230417063931_20230417063931_0288_B.png,2,1,1228,671,1,808,1242,1,0.1747
334,CE4_GRAS_PCAML-C-024_SCI_N_20220106121937_20220106121937_0226_B.png,CE4_GRAS_PCAMR-C-000_SCI_N_20190806113436_20190806113436_0053_B.png,0,1,1564,1118,0,1018,972,1,0.1429
334,CE4_GRAS_PCAML-C-024_SCI_N_20220106121937_20220106121937_0226_B.png,CE4_GRAS_PCAMR-C-000_SCI_N_20190806113436_20190806113436_0053_B.png,1,0,798,1303,0,1680,864,1,0.1429
334,CE4_GRAS_PCAML-C-024_SCI_N_20220106121937_20220106121937_0226_B.png,CE4_GRAS_PCAMR-C-000_SCI_N_20190806113436_20190806113436_0053_B.png,2,1,273,408,0,2037,524,1,0.1429
335,CE4_GRAS_PCAML-C-004_SCI_N_20190827094836_20190827094836_0060_B.png,CE4_GRAS_PCAMR-C-038_SCI_N_20230417061127_20230417061127_0288_B.png,0,1,693,648,1,1753,748,1,0.2108
335,CE4_GRAS_PCAML-C-004_SCI_N_20190827094836_20190827094836_0060_B.png,CE4_GRAS_PCAMR-C-038_SCI_N_20230417061127_20230417061127_0288_B.png,1,0,336,748,0,714,501,0,0.2108
335,CE4_GRAS_PCAML-C-004_SCI_N_20190827094836_20190827094836_0060_B.png,CE4_GRAS_PCAMR-C-038_SCI_N_20230417061127_20230417061127_0288_B.png,2,1,1270,208,1,798,408,1,0.2108
336,CE4_GRAS_PCAMR-C-015_SCI_N_20211010060553_20211010060553_0213_B.png,CE4_GRAS_PCAMR-C-046_SCI_N_20230615050326_20230615050326_0296_B.png,0,0,1785,362,0,1438,1434,1,0.2195
336,CE4_GRAS_PCAMR-C-015_SCI_N_20211010060553_20211010060553_0213_B.png,CE4_GRAS_PCAMR-C-046_SCI_N_20230615050326_20230615050326_0296_B.png,1,0,997,1203,0,294,416,-1,0.2195
336,CE4_GRAS_PCAMR-C-015_SCI_N_20211010060553_20211010060553_0213_B.png,CE4_GRAS_PCAMR-C-046_SCI_N_20230615050326_20230615050326_0296_B.png,2,1,609,848,0,798,1527,-1,0.2195
337,CE4_GRAS_PCAML-C-000_SCI_N_20200320091638_20200320091638_0123_B.png,CE4_GRAS_PCAMR-C-008_SCI_N_20190228082543_20190228082543_0011_B.png,0,1,325,177,1,703,1149,-1,0.2123
337,CE4_GRAS_PCAML-C-000_SCI_N_20200320091638_20200320091638_0123_B.png,CE4_GRAS_PCAMR-C-008_SCI_N_20190228082543_20190228082543_0011_B.png,1,1,1764,1265,1,871,763,-1,0.2123
337,CE4_GRAS_PCAML-C-000_SCI_N_20200320091638_20200320091638_0123_B.png,CE4_GRAS_PCAMR-C-008_SCI_N_20190228082543_20190228082543_0011_B.png,2,0,1344,779,1,283,678,1,0.2123
338,CE4_GRAS_PCAMR-C-003_SCI_N_20201218130944_20201218130944_0162_B.png,CE4_GRAS_PCAMR-C-006_SCI_N_20200428094232_20200428094232_0128_B.png,0,1,1417,362,0,1995,1326,1,0.4376
338,CE4_GRAS_PCAMR-C-003_SCI_N_20201218130944_20201218130944_0162_B.png,CE4_GRAS_PCAMR-C-006_SCI_N_20200428094232_20200428094232_0128_B.png,1,1,724,1218,1,651,578,0,0.4376
338,CE4_GRAS_PCAMR-C-003_SCI_N_20201218130944_20201218130944_0162_B.png,CE4_GRAS_PCAMR-C-006_SCI_N_20200428094232_20200428094232_0128_B.png,2,1,1428,740,0,661,794,0,0.4376
339,CE4_GRAS_PCAML-C-021_SCI_N_20230615041244_20230615041244_0296_B.png,CE4_GRAS_PCAMR-C-017_SCI_N_20220329090314_20220329090314_0238_B.png,0,1,283,910,0,1029,979,-1,0.1031
339,CE4_GRAS_PCAML-C-021_SCI_N_20230615041244_20230615041244_0296_B.png,CE4_GRAS_PCAMR-C-017_SCI_N_20220329090314_20220329090314_0238_B.png,1,0,1585,231,0,1669,786,1,0.1031
339,CE4_GRAS_PCAML-C-021_SCI_N_20230615041244_20230615041244_0296_B.png,CE4_GRAS_PCAMR-C-017_SCI_N_20220329090314_20220329090314_0238_B.png,2,0,1648,1188,0,1260,655,-1,0.1031
340,CE4_GRAS_PCAML-C-005_SCI_N_20190708044244_20190708044244_0048_B.png,CE4_GRAS_PCAMR-C-017_SCI_N_20211030023036_20211030023036_0215_B.png,0,1,798,239,1,1785,756,1,0.1935
340,CE4_GRAS_PCAML-C-005_SCI_N_20190708044244_20190708044244_0048_B.png,CE4_GRAS_PCAMR-C-017_SCI_N_20211030023036_20211030023036_0215_B.png,1,1,1900,347,0,577,979,1,0.1935
340,CE4_GRAS_PCAML-C-005_SCI_N_20190708044244_20190708044244_0048_B.png,CE4_GRAS_PCAMR-C-017_SCI_N_20211030023036_20211030023036_0215_B.png,2,1,1858,1550,0,451,169,1,0.1935
341,CE4_GRAS_PCAMR-C-001_SCI_N_20190925031943_20190925031943_0076_B.png,CE4_GRAS_PCAMR-C-013_SCI_N_20190925033543_20190925033543_0076_B.png,0,1,1848,316,0,1690,1242,1,0.2894
341,CE4_GRAS_PCAMR-C-001_SCI_N_20190925031943_20190925031943_0076_B.png,CE4_GRAS_PCAMR-C-013_SCI_N_20190925033543_20190925033543_0076_B.png,1,0,777,995,0,1722,563,-1,0.2894
341,CE4_GRAS_PCAMR-C-001_SCI_N_20190925031943_20190925031943_0076_B.png,CE4_GRAS_PCAMR-C-013_SCI_N_20190925033543_20190925033543_0076_B.png,2,1,535,524,1,903,385,-1,0.2894
342,CE4_GRAS_PCAML-C-005_SCI_N_20190429144413_20190429144413_0033_B.png,CE4_GRAS_PCAML-C-008_SCI_N_20220922062317_20220922062317_0258_B.png,0,0,1974,1087,1,787,794,-1,0.2568
342,CE4_GRAS_PCAML-C-005_SCI_N_20190429144413_20190429144413_0033_B.png,CE4_GRAS_PCAML-C-008_SCI_N_20220922062317_20220922062317_0258_B.png,1,0,1827,725,1,735,1118,-1,0.2568
342,CE4_GRAS_PCAML-C-005_SCI_N_20190429144413_20190429144413_0033_B.png,CE4_GRAS_PCAML-C-008_SCI_N_20220922062317_20220922062317_0258_B.png,2,0,1239,979,0,1134,578,0,0.2568
343,CE4_GRAS_PCAML-C-004_SCI_N_20200329050823_20200329050823_0124_B.png,CE4_GRAS_PCAMR-C-003_SCI_N_20200131014012_20200131014012_0116_B.png,0,0,2110,972,0,1627,470,0,0.3426
343,CE4_GRAS_PCAML-C-004_SCI_N_20200329050823_20200329050823_0124_B.png,CE4_GRAS_PCAMR-C-003_SCI_N_20200131014012_20200131014012_0116_B.png,1,0,1123,1164,0,451,1396,0,0.3426
343,CE4_GRAS_PCAML-C-004_SCI_N_20200329050823_20200329050823_0124_B.png,CE4_GRAS_PCAMR-C-003_SCI_N_20200131014012_20200131014012_0116_B.png,2,0,430,424,1,1029,1288,-1,0.3426
344,CE4_GRAS_PCAML-C-009_SCI_N_20220922062446_20220922062446_0258_B.png,CE4_GRAS_PCAMR-C-044_SCI_N_20230417062331_20230417062331_0288_B.png,0,1,325,1126,0,1659,794,0,0.0379
344,CE4_GRAS_PCAML-C-009_SCI_N_20220922062446_20220922062446_0258_B.png,CE4_GRAS_PCAMR-C-044_SCI_N_20230417062331_20230417062331_0288_B.png,1,0,294,169,1,1806,1126,1,0.0379
344,CE4_GRAS_PCAML-C-009_SCI_N_20220922062446_20220922062446_0258_B.png,CE4_GRAS_PCAMR-C-044_SCI_N_20230417062331_20230417062331_0288_B.png,2,1,493,655,0,1900,987,-1,0.0379
345,CE4_GRAS_PCAML-C-003_SCI_N_20220106114248_20220106114248_0226_B.png,CE4_GRAS_PCAML-C-007_SCI_N_20210811101414_20210811101414_0203_B.png,0,0,735,270,0,819,540,0,0.3024
345,CE4_GRAS_PCAML-C-003_SCI_N_20220106114248_20220106114248_0226_B.png,CE4_GRAS_PCAML-C-007_SCI_N_20210811101414_20210811101414_0203_B.png,1,1,420,1396,0,735,856,-1,0.3024
345,CE4_GRAS_PCAML-C-003_SCI_N_20220106114248_20220106114248_0226_B.png,CE4_GRAS_PCAML-C-007_SCI_N_20210811101414_20210811101414_0203_B.png,2,1,966,354,1,525,840,0,0.3024
346,CE4_GRAS_PCAMR-C-009_SCI_N_20230615034415_20230615034415_0296_B.png,CE4_GRAS_PCAMR-C-033_SCI_N_20190925041907_20190925041907_0076_B.png,0,0,661,432,1,1774,354,1,0.0701
346,CE4_GRAS_PCAMR-C-009_SCI_N_20230615034415_20230615034415_0296_B.png,CE4_GRAS_PCAMR-C-033_SCI_N_20190925041907_20190925041907_0076_B.png,1,0,987,200,0,241,1311,1,0.0701
346,CE4_GRAS_PCAMR-C-009_SCI_N_20230615034415_20230615034415_0296_B.png,CE4_GRAS_PCAMR-C-033_SCI_N_20190925041907_20190925041907_0076_B.png,2,0,1543,455,1,1029,1350,0,0.0701
347,CE4_GRAS_PCAML-C-002_SCI_N_20221127084035_20221127084035_0269_B.png,CE4_GRAS_PCAMR-C-034_SCI_N_20230417060459_20230417060459_0288_B.png,0,1,955,979,1,1942,632,1,0.0276
347,CE4_GRAS_PCAML-C-002_SCI_N_20221127084035_20221127084035_0269_B.png,CE4_GRAS_PCAMR-C-034_SCI_N_20230417060459_20230417060459_0288_B.png,1,1,777,370,1,1701,1434,1,0.0276
347,CE4_GRAS_PCAML-C-002_SCI_N_20221127084035_20221127084035_0269_B.png,CE4_GRAS_PCAMR-C-034_SCI_N_20230417060459_20230417060459_0288_B.png,2,1,430,1049,1,2037,200,-1,0.0276
348,CE4_GRAS_PCAML-C-006_SCI_N_20210507060126_20210507060126_0187_B.png,CE4_GRAS_PCAML-C-009_SCI_N_20211229081225_20211229081225_0224_B.png,0,1,577,663,0,525,501,-1,0.1077
348,CE4_GRAS_PCAML-C-006_SCI_N_20210507060126_20210507060126_0187_B.png,CE4_GRAS_PCAML-C-009_SCI_N_20211229081225_20211229081225_0224_B.png,1,1,462,1396,0,1449,655,-1,0.1077
348,CE4_GRAS_PCAML-C-006_SCI_N_20210507060126_20210507060126_0187_B.png,CE4_GRAS_PCAML-C-009_SCI_N_20211229081225_20211229081225_0224_B.png,2,0,1428,1134,1,1155,756,-1,0.1077
349,CE4_GRAS_PCAMR-C-001_SCI_N_20210207090045_20210207090045_0172_B.png,CE4_GRAS_PCAMR-C-020_SCI_N_20230417053658_20230417053658_0288_B.png,0,1,315,470,1,546,1442,1,0.2422
349,CE4_GRAS_PCAMR-C-001_SCI_N_20210207090045_20210207090045_0172_B.png,CE4_GRAS_PCAMR-C-020_SCI_N_20230417053658_20230417053658_0288_B.png,1,1,2089,246,1,1753,748,1,0.2422
349,CE4_GRAS_PCAMR-C-001_SCI_N_20210207090045_20210207090045_0172_B.png,CE4_GRAS_PCAMR-C-020_SCI_N_20230417053658_20230417053658_0288_B.png,2,1,1239,1041,0,577,794,1,0.2422
350,CE4_GRAS_PCAML-C-012_SCI_N_20201211041006_20201211041006_0161_B.png,CE4_GRAS_PCAML-C-033_SCI_N_20230417060328_20230417060328_0288_B.png,0,0,609,432,0,1018,285,0,0.3213
350,CE4_GRAS_PCAML-C-012_SCI_N_20201211041006_20201211041006_0161_B.png,CE4_GRAS_PCAML-C-033_SCI_N_20230417060328_20230417060328_0288_B.png,1,0,1648,1172,0,2016,1049,0,0.3213
350,CE4_GRAS_PCAML-C-012_SCI_N_20201211041006_20201211041006_0161_B.png,CE4_GRAS_PCAML-C-033_SCI_N_20230417060328_20230417060328_0288_B.png,2,0,693,979,0,367,1334,0,0.3213
351,CE4_GRAS_PCAML-C-045_SCI_N_20220106135437_20220106135437_0226_B.png,CE4_GRAS_PCAMR-C-009_SCI_N_20201218132237_20201218132237_0162_B.png,0,0,1270,416,1,451,810,1,0.3512
351,CE4_GRAS_PCAML-C-045_SCI_N_20220106135437_20220106135437_0226_B.png,CE4_GRAS_PCAMR-C-009_SCI_N_20201218132237_20201218132237_0162_B.png,1,1,703,624,0,567,540,-1,0.3512
351,CE4_GRAS_PCAML-C-045_SCI_N_20220106135437_20220106135437_0226_B.png,CE4_GRAS_PCAMR-C-009_SCI_N_20201218132237_20201218132237_0162_B.png,2,1,1428,1303,0,1963,1288,0,0.3512
352,CE4_GRAS_PCAML-C-001_SCI_N_20210507055401_20210507055401_0187_B.png,CE4_GRAS_PCAML-C-027_SCI_N_20190228085955_20190228085955_0011_B.png,0,0,1228,1164,0,966,1473,1,0.2480
352,CE4_GRAS_PCAML-C-001_SCI_N_20210507055401_20210507055401_0187_B.png,CE4_GRAS_PCAML-C-027_SCI_N_20190228085955_20190228085955_0011_B.png,1,1,1029,1326,0,2079,1242,0,0.2480
352,CE4_GRAS_PCAML-C-001_SCI_N_20210507055401_20210507055401_0187_B.png,CE4_GRAS_PCAML-C-027_SCI_N_20190228085955_20190228085955_0011_B.png,2,0,1743,864,0,525,1504,1,0.2480
353,CE4_GRAS_PCAML-C-001_SCI_N_20200120075720_20200120075720_0112_B.png,CE4_GRAS_PCAMR-C-006_SCI_N_20210812042521_20210812042521_0204_B.png,0,1,1806,640,0,2079,848,0,0.2556
353,CE4_GRAS_PCAML-C-001_SCI_N_20200120075720_20200120075720_0112_B.png,CE4_GRAS_PCAMR-C-006_SCI_N_20210812042521_20210812042521_0204_B.png,1,0,1165,185,0,1837,640,1,0.2556
353,CE4_GRAS_PCAML-C-001_SCI_N_20200120075720_20200120075720_0112_B.png,CE4_GRAS_PCAMR-C-006_SCI_N_20210812042521_20210812042521_0204_B.png,2,1,798,1419,0,451,354,-1,0.2556
354,CE4_GRAS_PCAML-C-004_SCI_N_20210117043927_20210117043927_0166_B.png,CE4_GRAS_PCAML-C-019_SCI_N_20230417053524_20230417053524_0288_B.png,0,1,1134,1249,0,1984,933,1,0.0726
354,CE4_GRAS_PCAML-C-004_SCI_N_20210117043927_20210117043927_0166_B.png,CE4_GRAS_PCAML-C-019_SCI_N_20230417053524_20230417053524_0288_B.png,1,0,1470,208,1,682,1049,1,0.0726
354,CE4_GRAS_PCAML-C-004_SCI_N_20210117043927_20210117043927_0166_B.png,CE4_GRAS_PCAML-C-019_SCI_N_20230417053524_20230417053524_0288_B.png,2,1,2047,1357,1,2100,432,-1,0.0726
355,CE4_GRAS_PCAML-C-005_SCI_N_20201218131258_20201218131258_0162_B.png,CE4_GRAS_PCAMR-C-047_SCI_N_20230615050455_20230615050455_0296_B.png,0,1,640,300,0,462,1380,-1,0.2882
355,CE4_GRAS_PCAML-C-005_SCI_N_20201218131258_20201218131258_0162_B.png,CE4_GRAS_PCAMR-C-047_SCI_N_20230615050455_20230615050455_0296_B.png,1,1,1155,331,0,1921,1249,-1,0.2882
355,CE4_GRAS_PCAML-C-005_SCI_N_20201218131258_20201218131258_0162_B.png,CE4_GRAS_PCAMR-C-047_SCI_N_20230615050455_20230615050455_0296_B.png,2,0,399,239,1,1543,1373,-1,0.2882
356,CE4_GRAS_PCAML-C-009_SCI_N_20211230070813_20211230070813_0225_B.png,CE4_GRAS_PCAML-C-021_SCI_N_20230417054029_20230417054029_0288_B.png,0,0,766,478,1,819,1041,-1,0.1424
356,CE4_GRAS_PCAML-C-009_SCI_N_20211230070813_20211230070813_0225_B.png,CE4_GRAS_PCAML-C-021_SCI_N_20230417054029_20230417054029_0288_B.png,1,1,1627,324,1,1816,1396,1,0.1424
356,CE4_GRAS_PCAML-C-009_SCI_N_20211230070813_20211230070813_0225_B.png,CE4_GRAS_PCAML-C-021_SCI_N_20230417054029_20230417054029_0288_B.png,2,1,493,1419,0,241,964,-1,0.1424
357,CE4_GRAS_PCAML-C-013_SCI_N_20210507062406_20210507062406_0187_B.png,CE4_GRAS_PCAML-C-050_SCI_N_20230417063303_20230417063303_0288_B.png,0,0,556,447,1,766,1519,-1,0.1443
357,CE4_GRAS_PCAML-C-013_SCI_N_20210507062406_20210507062406_0187_B.png,CE4_GRAS_PCAML-C-050_SCI_N_20230417063303_20230417063303_0288_B.png,1,1,315,208,0,535,1434,1,0.1443
357,CE4_GRAS_PCAML-C-013_SCI_N_20210507062406_20210507062406_0187_B.png,CE4_GRAS_PCAML-C-050_SCI_N_20230417063303_20230417063303_0288_B.png,2,1,1869,285,1,850,516,1,0.1443
358,CE4_GRAS_PCAML-C-001_SCI_N_20220922061222_20220922061222_0258_B.png,CE4_GRAS_PCAMR-C-001_SCI_N_20190708043501_20190708043501_0048_B.png,0,1,892,1164,1,987,378,-1,0.2949
358,CE4_GRAS_PCAML-C-001_SCI_N_20220922061222_20220922061222_0258_B.png,CE4_GRAS_PCAMR-C-001_SCI_N_20190708043501_20190708043501_0048_B.png,1,0,1375,632,1,1879,678,1,0.2949
358,CE4_GRAS_PCAML-C-001_SCI_N_20220922061222_20220922061222_0258_B.png,CE4_GRAS_PCAMR-C-001_SCI_N_20190708043501_20190708043501_0048_B.png,2,1,1396,1311,1,672,277,-1,0.2949
359,CE4_GRAS_PCAML-C-025_SCI_N_20190925035737_20190925035737_0076_B.png,CE4_GRAS_PCAMR-C-008_SCI_N_20211230070628_20211230070628_0225_B.png,0,1,1092,1234,0,1039,1550,1,0.2096
359,CE4_GRAS_PCAML-C-025_SCI_N_20190925035737_20190925035737_0076_B.png,CE4_GRAS_PCAMR-C-008_SCI_N_20211230070628_20211230070628_0225_B.png,1,1,2005,763,1,945,563,0,0.2096
359,CE4_GRAS_PCAML-C-025_SCI_N_20190925035737_20190925035737_0076_B.png,CE4_GRAS_PCAMR-C-008_SCI_N_20211230070628_20211230070628_0225_B.png,2,1,1900,1442,1,661,1126,1,0.2096
360,CE4_GRAS_PCAMR-C-000_SCI_N_20190508023242_20190508023242_0035_B.png,CE4_GRAS_PCAMR-C-007_SCI_N_20211230070459_20211230070459_0225_B.png,0,0,430,1249,1,399,933,1,0.3159
360,CE4_GRAS_PCAMR-C-000_SCI_N_20190508023242_20190508023242_0035_B.png,CE4_GRAS_PCAMR-C-007_SCI_N_20211230070459_20211230070459_0225_B.png,1,1,1911,1118,0,1323,532,-1,0.3159
360,CE4_GRAS_PCAMR-C-000_SCI_N_20190508023242_20190508023242_0035_B.png,CE4_GRAS_PCAMR-C-007_SCI_N_20211230070459_20211230070459_0225_B.png,2,1,1438,1265,0,661,671,-1,0.3159
361,CE4_GRAS_PCAML-C-009_SCI_N_20211030021518_20211030021518_0215_B.png,CE4_GRAS_PCAML-C-019_SCI_N_20211030023350_20211030023350_0215_B.png,0,1,388,810,0,1071,594,0,0.1339
361,CE4_GRAS_PCAML-C-009_SCI_N_20211030021518_20211030021518_0215_B.png,CE4_GRAS_PCAML-C-019_SCI_N_20211030023350_20211030023350_0215_B.png,1,1,2026,817,1,325,563,0,0.1339
361,CE4_GRAS_PCAML-C-009_SCI_N_20211030021518_20211030021518_0215_B.png,CE4_GRAS_PCAML-C-019_SCI_N_20211030023350_20211030023350_0215_B.png,2,0,493,717,1,1638,756,0,0.1339
362,CE4_GRAS_PCAML-C-001_SCI_N_20190112100955_20190112100955_0003_B.png,CE4_GRAS_PCAML-C-003_SCI_N_20210207090358_20210207090358_0172_B.png,0,0,1638,1195,0,1260,609,0,0.0510
362,CE4_GRAS_PCAML-C-001_SCI_N_20190112100955_20190112100955_0003_B.png,CE4_GRAS_PCAML-C-003_SCI_N_20210207090358_20210207090358_0172_B.png,1,1,1753,1288,1,1890,293,-1,0.0510
362,CE4_GRAS_PCAML-C-001_SCI_N_20190112100955_20190112100955_0003_B.png,CE4_GRAS_PCAML-C-003_SCI_N_20210207090358_20210207090358_0172_B.png,2,1,462,1103,1,1270,1118,-1,0.0510
363,CE4_GRAS_PCAML-C-001_SCI_N_20190729012018_20190729012018_0050_B.png,CE4_GRAS_PCAMR-C-006_SCI_N_20220128100634_20220128100634_0230_B.png,0,0,1669,478,0,640,1172,1,0.1236
363,CE4_GRAS_PCAML-C-001_SCI_N_20190729012018_20190729012018_0050_B.png,CE4_GRAS_PCAMR-C-006_SCI_N_20220128100634_20220128100634_0230_B.png,1,1,2037,1458,0,1995,347,-1,0.1236
363,CE4_GRAS_PCAML-C-001_SCI_N_20190729012018_20190729012018_0050_B.png,CE4_GRAS_PCAMR-C-006_SCI_N_20220128100634_20220128100634_0230_B.png,2,1,1323,1542,1,556,177,-1,0.1236
364,CE4_GRAS_PCAML-C-004_SCI_N_20221127084333_20221127084333_0269_B.png,CE4_GRAS_PCAMR-C-002_SCI_N_20220328085308_20220328085308_0237_B.png,0,1,1470,702,0,514,825,-1,0.1318
364,CE4_GRAS_PCAML-C-004_SCI_N_20221127084333_20221127084333_0269_B.png,CE4_GRAS_PCAMR-C-002_SCI_N_20220328085308_20220328085308_0237_B.png,1,0,976,1172,1,1585,1010,1,0.1318
364,CE4_GRAS_PCAML-C-004_SCI_N_20221127084333_20221127084333_0269_B.png,CE4_GRAS_PCAMR-C-002_SCI_N_20220328085308_20220328085308_0237_B.png,2,0,1417,1373,1,1375,293,0,0.1318
365,CE4_GRAS_PCAMR-C-035_SCI_N_20230615044235_20230615044235_0296_B.png,CE4_GRAS_PCAMR-C-036_SCI_N_20220106123720_20220106123720_0226_B.png,0,0,252,378,0,1218,1118,1,0.3792
365,CE4_GRAS_PCAMR-C-035_SCI_N_20230615044235_20230615044235_0296_B.png,CE4_GRAS_PCAMR-C-036_SCI_N_20220106123720_20220106123720_0226_B.png,1,0,1669,1164,0,640,516,1,0.3792
365,CE4_GRAS_PCAMR-C-035_SCI_N_20230615044235_20230615044235_0296_B.png,CE4_GRAS_PCAMR-C-036_SCI_N_20220106123720_20220106123720_0226_B.png,2,0,882,1326,1,294,817,1,0.3792
366,CE4_GRAS_PCAML-C-000_SCI_N_20190729011859_20190729011859_0050_B.png,CE4_GRAS_PCAML-C-006_SCI_N_20230615034004_20230615034004_0296_B.png,0,0,2058,1519,1,1596,740,1,0.0915
366,CE4_GRAS_PCAML-C-000_SCI_N_20190729011859_20190729011859_0050_B.png,CE4_GRAS_PCAML-C-006_SCI_N_20230615034004_20230615034004_0296_B.png,1,1,1102,192,1,556,717,1,0.0915
366,CE4_GRAS_PCAML-C-000_SCI_N_20190729011859_20190729011859_0050_B.png,CE4_GRAS_PCAML-C-006_SCI_N_20230615034004_20230615034004_0296_B.png,2,1,1102,1080,0,283,1527,-1,0.0915
367,CE4_GRAS_PCAML-C-007_SCI_N_20190429145117_20190429145117_0033_B.png,CE4_GRAS_PCAML-C-053_SCI_N_20190925045537_20190925045537_0076_B.png,0,1,1344,1064,1,2068,462,-1,0.1643
367,CE4_GRAS_PCAML-C-007_SCI_N_20190429145117_20190429145117_0033_B.png,CE4_GRAS_PCAML-C-053_SCI_N_20190925045537_20190925045537_0076_B.png,1,0,997,1504,0,1533,802,0,0.1643
367,CE4_GRAS_PCAML-C-007_SCI_N_20190429145117_20190429145117_0033_B.png,CE4_GRAS_PCAML-C-053_SCI_N_20190925045537_20190925045537_0076_B.png,2,0,1995,470,1,325,1157,1,0.1643
368,CE4_GRAS_PCAML-C-027_SCI_N_20220106122404_20220106122404_0226_B.png,CE4_GRAS_PCAML-C-051_SCI_N_20230417063435_20230417063435_0288_B.png,0,0,819,1164,0,399,709,0,0.2161
368,CE4_GRAS_PCAML-C-027_SCI_N_20220106122404_20220106122404_0226_B.png,CE4_GRAS_PCAML-C-051_SCI_N_20230417063435_20230417063435_0288_B.png,1,0,1491,1296,1,1249,1249,1,0.2161
368,CE4_GRAS_PCAML-C-027_SCI_N_20220106122404_20220106122404_0226_B.png,CE4_GRAS_PCAML-C-051_SCI_N_20230417063435_20230417063435_0288_B.png,2,0,1869,1542,0,1627,331,1,0.2161
369,CE4_GRAS_PCAML-C-052_SCI_N_20190925045417_20190925045417_0076_B.png,CE4_GRAS_PCAMR-C-011_SCI_N_20211030022142_20211030022142_0215_B.png,0,1,777,1334,1,766,871,0,0.5382
369,CE4_GRAS_PCAML-C-052_SCI_N_20190925045417_20190925045417_0076_B.png,CE4_GRAS_PCAMR-C-011_SCI_N_20211030022142_20211030022142_0215_B.png,1,0,304,1303,0,1869,555,0,0.5382
369,CE4_GRAS_PCAML-C-052_SCI_N_20190925045417_20190925045417_0076_B.png,CE4_GRAS_PCAMR-C-011_SCI_N_20211030022142_20211030022142_0215_B.png,2,0,1207,1087,0,262,1010,0,0.5382
370,CE4_GRAS_PCAML-C-014_SCI_N_20190925034257_20190925034257_0076_B.png,CE4_GRAS_PCAMR-C-011_SCI_N_20220930062235_20220930062235_0260_B.png,0,0,703,1049,1,1564,208,-1,0.2012
370,CE4_GRAS_PCAML-C-014_SCI_N_20190925034257_20190925034257_0076_B.png,CE4_GRAS_PCAMR-C-011_SCI_N_20220930062235_20220930062235_0260_B.png,1,1,252,586,0,1963,354,-1,0.2012
370,CE4_GRAS_PCAML-C-014_SCI_N_20190925034257_20190925034257_0076_B.png,CE4_GRAS_PCAMR-C-011_SCI_N_20220930062235_20220930062235_0260_B.png,2,0,1711,555,1,871,308,0,0.2012
371,CE4_GRAS_PCAMR-C-000_SCI_N_20200320091622_20200320091622_0123_B.png,CE4_GRAS_PCAMR-C-007_SCI_N_20220329084811_20220329084811_0238_B.png,0,0,693,239,1,1942,1542,1,0.1954
371,CE4_GRAS_PCAMR-C-000_SCI_N_20200320091622_20200320091622_0123_B.png,CE4_GRAS_PCAMR-C-007_SCI_N_20220329084811_20220329084811_0238_B.png,1,1,1722,432,1,1837,1026,0,0.1954
371,CE4_GRAS_PCAMR-C-000_SCI_N_20200320091622_20200320091622_0123_B.png,CE4_GRAS_PCAMR-C-007_SCI_N_20220329084811_20220329084811_0238_B.png,2,0,724,1087,1,1239,1188,0,0.1954
372,CE4_GRAS_PCAMR-C-000_SCI_N_20220604060832_20220604060832_0249_B.png,CE4_GRAS_PCAMR-C-002_SCI_N_20220106114103_20220106114103_0226_B.png,0,0,1060,702,1,262,1018,0,0.2876
372,CE4_GRAS_PCAMR-C-000_SCI_N_20220604060832_20220604060832_0249_B.png,CE4_GRAS_PCAMR-C-002_SCI_N_20220106114103_20220106114103_0226_B.png,1,0,882,1157,1,493,1365,-1,0.2876
372,CE4_GRAS_PCAMR-C-000_SCI_N_20220604060832_20220604060832_0249_B.png,CE4_GRAS_PCAMR-C-002_SCI_N_20220106114103_20220106114103_0226_B.png,2,1,325,632,1,745,1157,0,0.2876
373,CE4_GRAS_PCAML-C-000_SCI_N_20190905071818_20190905071818_0067_B.png,CE4_GRAS_PCAML-C-046_SCI_N_20220106135606_20220106135606_0226_B.png,0,1,1858,385,0,724,879,1,0.4215
373,CE4_GRAS_PCAML-C-000_SCI_N_20190905071818_20190905071818_0067_B.png,CE4_GRAS_PCAML-C-046_SCI_N_20220106135606_20220106135606_0226_B.png,1,1,1396,1342,1,346,1149,0,0.4215
373,CE4_GRAS_PCAML-C-000_SCI_N_20190905071818_20190905071818_0067_B.png,CE4_GRAS_PCAML-C-046_SCI_N_20220106135606_20220106135606_0226_B.png,2,1,703,995,0,1984,1103,1,0.4215
374,CE4_GRAS_PCAML-C-006_SCI_N_20200320092758_20200320092758_0123_B.png,CE4_GRAS_PCAMR-C-005_SCI_N_20190110212037_20190110212037_0002_B.png,0,1,1659,1319,1,630,1373,1,0.0730
374,CE4_GRAS_PCAML-C-006_SCI_N_20200320092758_20200320092758_0123_B.png,CE4_GRAS_PCAMR-C-005_SCI_N_20190110212037_20190110212037_0002_B.png,1,0,1564,1404,1,441,1172,0,0.0730
374,CE4_GRAS_PCAML-C-006_SCI_N_20200320092758_20200320092758_0123_B.png,CE4_GRAS_PCAMR-C-005_SCI_N_20190110212037_20190110212037_0002_B.png,2,0,1260,432,1,409,570,0,0.0730
375,CE4_GRAS_PCAML-C-000_SCI_N_20190508023258_20190508023258_0035_B.png,CE4_GRAS_PCAMR-C-024_SCI_N_20230615041655_20230615041655_0296_B.png,0,0,1155,478,0,577,894,1,0.2782
375,CE4_GRAS_PCAML-C-000_SCI_N_20190508023258_20190508023258_0035_B.png,CE4_GRAS_PCAMR-C-024_SCI_N_20230615041655_20230615041655_0296_B.png,1,0,2079,1311,1,546,771,-1,0.2782
375,CE4_GRAS_PCAML-C-000_SCI_N_20190508023258_20190508023258_0035_B.png,CE4_GRAS_PCAMR-C-024_SCI_N_20230615041655_20230615041655_0296_B.png,2,0,1575,740,0,703,347,-1,0.2782
376,CE4_GRAS_PCAML-C-003_SCI_N_20211030020623_20211030020623_0215_B.png,CE4_GRAS_PCAML-C-008_SCI_N_20200428094546_20200428094546_0128_B.png,0,0,1512,200,0,1417,516,1,0.1501
376,CE4_GRAS_PCAML-C-003_SCI_N_20211030020623_20211030020623_0215_B.png,CE4_GRAS_PCAML-C-008_SCI_N_20200428094546_20200428094546_0128_B.png,1,1,1396,1257,1,2026,1172,0,0.1501
376,CE4_GRAS_PCAML-C-003_SCI_N_20211030020623_20211030020623_0215_B.png,CE4_GRAS_PCAML-C-008_SCI_N_20200428094546_20200428094546_0128_B.png,2,0,588,408,1,777,663,1,0.1501
377,CE4_GRAS_PCAML-C-005_SCI_N_20220328090333_20220328090333_0237_B.png,CE4_GRAS_PCAML-C-011_SCI_N_20190429145633_20190429145633_0033_B.png,0,0,787,1434,0,1186,185,-1,0.6362
377,CE4_GRAS_PCAML-C-005_SCI_N_20220328090333_20220328090333_0237_B.png,CE4_GRAS_PCAML-C-011_SCI_N_20190429145633_20190429145633_0033_B.png,1,0,1575,1218,1,1081,979,1,0.6362
377,CE4_GRAS_PCAML-C-005_SCI_N_20220328090333_20220328090333_0237_B.png,CE4_GRAS_PCAML-C-011_SCI_N_20190429145633_20190429145633_0033_B.png,2,0,1606,262,1,1092,432,1,0.6362
378,CE4_GRAS_PCAMR-C-000_SCI_N_20220106113805_20220106113805_0226_B.png,CE4_GRAS_PCAMR-C-009_SCI_N_20201211040524_20201211040524_0161_B.png,0,1,2110,817,0,997,609,-1,0.3565
378,CE4_GRAS_PCAMR-C-000_SCI_N_20220106113805_20220106113805_0226_B.png,CE4_GRAS_PCAMR-C-009_SCI_N_20201211040524_20201211040524_0161_B.png,1,1,1869,246,0,966,918,-1,0.3565
378,CE4_GRAS_PCAMR-C-000_SCI_N_20220106113805_20220106113805_0226_B.png,CE4_GRAS_PCAMR-C-009_SCI_N_20201211040524_20201211040524_0161_B.png,2,1,672,1519,0,1659,277,-1,0.3565
379,CE4_GRAS_PCAML-C-009_SCI_N_20201211040539_20201211040539_0161_B.png,CE4_GRAS_PCAMR-C-001_SCI_N_20220824053207_20220824053207_0253_B.png,0,0,535,1311,1,378,486,-1,0.2212
379,CE4_GRAS_PCAML-C-009_SCI_N_20201211040539_20201211040539_0161_B.png,CE4_GRAS_PCAMR-C-001_SCI_N_20220824053207_20220824053207_0253_B.png,1,1,399,1527,0,693,732,1,0.2212
379,CE4_GRAS_PCAML-C-009_SCI_N_20201211040539_20201211040539_0161_B.png,CE4_GRAS_PCAMR-C-001_SCI_N_20220824053207_20220824053207_0253_B.png,2,1,252,239,0,1732,416,1,0.2212
380,CE4_GRAS_PCAMR-C-003_SCI_N_20190112101450_20190112101450_0003_B.png,CE4_GRAS_PCAMR-C-016_SCI_N_20230615040503_20230615040503_0296_B.png,0,0,924,1365,0,1785,246,-1,0.3561
380,CE4_GRAS_PCAMR-C-003_SCI_N_20190112101450_20190112101450_0003_B.png,CE4_GRAS_PCAMR-C-016_SCI_N_20230615040503_20230615040503_0296_B.png,1,0,976,1087,0,1302,277,-1,0.3561
380,CE4_GRAS_PCAMR-C-003_SCI_N_20190112101450_20190112101450_0003_B.png,CE4_GRAS_PCAMR-C-016_SCI_N_20230615040503_20230615040503_0296_B.png,2,0,945,632,0,1365,1033,1,0.3561
381,CE4_GRAS_PCAMR-C-003_SCI_N_20200428093345_20200428093345_0128_B.png,CE4_GRAS_PCAMR-C-043_SCI_N_20230615045859_20230615045859_0296_B.png,0,0,1858,524,0,1144,1134,-1,0.0106
381,CE4_GRAS_PCAMR-C-003_SCI_N_20200428093345_20200428093345_0128_B.png,CE4_GRAS_PCAMR-C-043_SCI_N_20230615045859_20230615045859_0296_B.png,1,0,567,308,0,1585,1334,-1,0.0106
381,CE4_GRAS_PCAMR-C-003_SCI_N_20200428093345_20200428093345_0128_B.png,CE4_GRAS_PCAMR-C-043_SCI_N_20230615045859_20230615045859_0296_B.png,2,0,924,262,0,1249,1519,-1,0.0106
382,CE4_GRAS_PCAML-C-006_SCI_N_20221127084749_20221127084749_0269_B.png,CE4_GRAS_PCAMR-C-012_SCI_N_20201218132704_20201218132704_0162_B.png,0,1,598,1326,1,1333,308,-1,0.1606
382,CE4_GRAS_PCAML-C-006_SCI_N_20221127084749_20221127084749_0269_B.png,CE4_GRAS_PCAMR-C-012_SCI_N_20201218132704_20201218132704_0162_B.png,1,0,1197,717,0,273,655,1,0.1606
382,CE4_GRAS_PCAML-C-006_SCI_N_20221127084749_20221127084749_0269_B.png,CE4_GRAS_PCAMR-C-012_SCI_N_20201218132704_20201218132704_0162_B.png,2,0,1302,169,0,819,1249,-1,0.1606
383,CE4_GRAS_PCAML-C-005_SCI_N_20190729012632_20190729012632_0050_B.png,CE4_GRAS_PCAMR-C-033_SCI_N_20220106123253_20220106123253_0226_B.png,0,1,1795,979,0,472,786,-1,0.2345
383,CE4_GRAS_PCAML-C-005_SCI_N_20190729012632_20190729012632_0050_B.png,CE4_GRAS_PCAMR-C-033_SCI_N_20220106123253_20220106123253_0226_B.png,1,1,1617,1527,0,2068,871,-1,0.2345
383,CE4_GRAS_PCAML-C-005_SCI_N_20190729012632_20190729012632_0050_B.png,CE4_GRAS_PCAMR-C-033_SCI_N_20220106123253_20220106123253_0226_B.png,2,1,1690,655,1,1281,1056,-1,0.2345
384,CE4_GRAS_PCAML-C-028_SCI_N_20190228091649_20190228091649_0011_B.png,CE4_GRAS_PCAMR-C-040_SCI_N_20230417061429_20230417061429_0288_B.png,0,0,514,1303,1,1407,339,-1,0.3508
384,CE4_GRAS_PCAML-C-028_SCI_N_20190228091649_20190228091649_0011_B.png,CE4_GRAS_PCAMR-C-040_SCI_N_20230417061429_20230417061429_0288_B.png,1,1,1837,1195,0,756,918,-1,0.3508
384,CE4_GRAS_PCAML-C-028_SCI_N_20190228091649_20190228091649_0011_B.png,CE4_GRAS_PCAMR-C-040_SCI_N_20230417061429_20230417061429_0288_B.png,2,1,1134,1365,0,850,462,-1,0.3508
385,CE4_GRAS_PCAML-C-005_SCI_N_20200120083056_20200120083056_0112_B.png,CE4_GRAS_PCAMR-C-036_SCI_N_20190925042307_20190925042307_0076_B.png,0,0,1438,763,1,325,1134,-1,0.1286
385,CE4_GRAS_PCAML-C-005_SCI_N_20200120083056_20200120083056_0112_B.png,CE4_GRAS_PCAMR-C-036_SCI_N_20190925042307_20190925042307_0076_B.png,1,0,1764,933,0,1039,432,0,0.1286
385,CE4_GRAS_PCAML-C-005_SCI_N_20200120083056_20200120083056_0112_B.png,CE4_GRAS_PCAMR-C-036_SCI_N_20190925042307_20190925042307_0076_B.png,2,1,892,555,0,861,192,-1,0.1286
386,CE4_GRAS_PCAMR-C-008_SCI_N_20211010055204_20211010055204_0213_B.png,CE4_GRAS_PCAMR-C-011_SCI_N_20210811101954_20210811101954_0203_B.png,0,0,2079,732,1,1365,663,0,0.0784
386,CE4_GRAS_PCAMR-C-008_SCI_N_20211010055204_20211010055204_0213_B.png,CE4_GRAS_PCAMR-C-011_SCI_N_20210811101954_20210811101954_0203_B.png,1,0,1701,547,0,1218,285,-1,0.0784
386,CE4_GRAS_PCAMR-C-008_SCI_N_20211010055204_20211010055204_0213_B.png,CE4_GRAS_PCAMR-C-011_SCI_N_20210811101954_20210811101954_0203_B.png,2,0,1060,864,0,273,270,-1,0.0784
387,CE4_GRAS_PCAML-C-004_SCI_N_20230615033706_20230615033706_0296_B.png,CE4_GRAS_PCAML-C-008_SCI_N_20210507061641_20210507061641_0187_B.png,0,0,1050,1326,0,336,663,-1,0.1495
387,CE4_GRAS_PCAML-C-004_SCI_N_20230615033706_20230615033706_0296_B.png,CE4_GRAS_PCAML-C-008_SCI_N_20210507061641_20210507061641_0187_B.png,1,0,1596,740,1,976,1481,1,0.1495
387,CE4_GRAS_PCAML-C-004_SCI_N_20230615033706_20230615033706_0296_B.png,CE4_GRAS_PCAML-C-008_SCI_N_20210507061641_20210507061641_0187_B.png,2,1,1806,1010,0,903,185,-1,0.1495
388,CE4_GRAS_PCAML-C-001_SCI_N_20220920064043_20220920064043_0256_B.png,CE4_GRAS_PCAMR-C-015_SCI_N_20200227114612_20200227114612_0121_B.png,0,1,850,902,0,1743,1519,-1,0.0908
388,CE4_GRAS_PCAML-C-001_SCI_N_20220920064043_20220920064043_0256_B.png,CE4_GRAS_PCAMR-C-015_SCI_N_20200227114612_20200227114612_0121_B.png,1,0,535,756,1,1092,1512,1,0.0908
388,CE4_GRAS_PCAML-C-001_SCI_N_20220920064043_20220920064043_0256_B.png,CE4_GRAS_PCAMR-C-015_SCI_N_20200227114612_20200227114612_0121_B.png,2,1,1648,817,0,451,1427,-1,0.0908
389,CE4_GRAS_PCAMR-C-004_SCI_N_20191202052649_20191202052649_0097_B.png,CE4_GRAS_PCAMR-C-021_SCI_N_20190925035201_20190925035201_0076_B.png,0,1,325,871,1,976,308,0,0.1125
389,CE4_GRAS_PCAMR-C-004_SCI_N_20191202052649_20191202052649_0097_B.png,CE4_GRAS_PCAMR-C-021_SCI_N_20190925035201_20190925035201_0076_B.png,1,1,273,223,0,1197,1134,-1,0.1125
389,CE4_GRAS_PCAMR-C-004_SCI_N_20191202052649_20191202052649_0097_B.png,CE4_GRAS_PCAMR-C-021_SCI_N_20190925035201_20190925035201_0076_B.png,2,0,2037,1095,0,1386,254,-1,0.1125
390,CE4_GRAS_PCAML-C-000_SCI_N_20200716021759_20200716021759_0135_B.png,CE4_GRAS_PCAML-C-055_SCI_N_20190228100433_20190228100433_0011_B.png,0,0,1060,1303,0,987,239,-1,0.0428
390,CE4_GRAS_PCAML-C-000_SCI_N_20200716021759_20200716021759_0135_B.png,CE4_GRAS_PCAML-C-055_SCI_N_20190228100433_20190228100433_0011_B.png,1,0,2037,1350,1,1543,540,-1,0.0428
390,CE4_GRAS_PCAML-C-000_SCI_N_20200716021759_20200716021759_0135_B.png,CE4_GRAS_PCAML-C-055_SCI_N_20190228100433_20190228100433_0011_B.png,2,1,871,563,1,1596,1049,1,0.0428
391,CE4_GRAS_PCAML-C-006_SCI_N_20200329051637_20200329051637_0124_B.png,CE4_GRAS_PCAMR-C-016_SCI_N_20220106120208_20220106120208_0226_B.png,0,1,1218,1303,1,1438,509,-1,0.2527
391,CE4_GRAS_PCAML-C-006_SCI_N_20200329051637_20200329051637_0124_B.png,CE4_GRAS_PCAMR-C-016_SCI_N_20220106120208_20220106120208_0226_B.png,1,1,787,439,0,871,1033,1,0.2527
391,CE4_GRAS_PCAML-C-006_SCI_N_20200329051637_20200329051637_0124_B.png,CE4_GRAS_PCAMR-C-016_SCI_N_20220106120208_20220106120208_0226_B.png,2,0,609,1188,0,1984,948,-1,0.2527
392,CE4_GRAS_PCAML-C-008_SCI_N_20190111034331_20190111034331_0002_B.png,CE4_GRAS_PCAML-C-048_SCI_N_20230615050640_20230615050640_0296_B.png,0,1,409,1488,0,1848,1296,-1,0.5668
392,CE4_GRAS_PCAML-C-008_SCI_N_20190111034331_20190111034331_0002_B.png,CE4_GRAS_PCAML-C-048_SCI_N_20230615050640_20230615050640_0296_B.png,1,0,2026,894,0,1690,871,0,0.5668
392,CE4_GRAS_PCAML-C-008_SCI_N_20190111034331_20190111034331_0002_B.png,CE4_GRAS_PCAML-C-048_SCI_N_20230615050640_20230615050640_0296_B.png,2,1,1680,462,0,1449,1427,-1,0.5668
393,CE4_GRAS_PCAML-C-003_SCI_N_20220329084230_20220329084230_0238_B.png,CE4_GRAS_PCAML-C-007_SCI_N_20220831073358_20220831073358_0255_B.png,0,1,2037,686,0,1344,578,-1,0.3712
393,CE4_GRAS_PCAML-C-003_SCI_N_20220329084230_20220329084230_0238_B.png,CE4_GRAS_PCAML-C-007_SCI_N_20220831073358_20220831073358_0255_B.png,1,1,924,871,0,357,1026,1,0.3712
393,CE4_GRAS_PCAML-C-003_SCI_N_20220329084230_20220329084230_0238_B.png,CE4_GRAS_PCAML-C-007_SCI_N_20220831073358_20220831073358_0255_B.png,2,0,1848,786,0,1102,300,-1,0.3712
394,CE4_GRAS_PCAML-C-001_SCI_N_20221127083906_20221127083906_0269_B.png,CE4_GRAS_PCAML-C-002_SCI_N_20190112101114_20190112101114_0003_B.png,0,0,651,563,1,2037,1512,-1,0.2864
394,CE4_GRAS_PCAML-C-001_SCI_N_20221127083906_20221127083906_0269_B.png,CE4_GRAS_PCAML-C-002_SCI_N_20190112101114_20190112101114_0003_B.png,1,1,1092,871,1,1218,1242,0,0.2864
394,CE4_GRAS_PCAML-C-001_SCI_N_20221127083906_20221127083906_0269_B.png,CE4_GRAS_PCAML-C-002_SCI_N_20190112101114_20190112101114_0003_B.png,2,1,1858,1203,0,1281,632,1,0.2864
395,CE4_GRAS_PCAML-C-006_SCI_N_20220930061114_20220930061114_0260_B.png,CE4_GRAS_PCAML-C-015_SCI_N_20200227114628_20200227114628_0121_B.png,0,0,735,617,0,1438,1419,0,0.0650
395,CE4_GRAS_PCAML-C-006_SCI_N_20220930061114_20220930061114_0260_B.png,CE4_GRAS_PCAML-C-015_SCI_N_20200227114628_20200227114628_0121_B.png,1,0,1953,385,1,1963,362,-1,0.0650
395,CE4_GRAS_PCAML-C-006_SCI_N_20220930061114_20220930061114_0260_B.png,CE4_GRAS_PCAML-C-015_SCI_N_20200227114628_20200227114628_0121_B.png,2,0,409,1342,0,1459,401,-1,0.0650
396,CE4_GRAS_PCAML-C-013_SCI_N_20220106115757_20220106115757_0226_B.png,CE4_GRAS_PCAMR-C-007_SCI_N_20210208065711_20210208065711_0173_B.png,0,1,1816,532,1,1417,1404,0,0.2490
396,CE4_GRAS_PCAML-C-013_SCI_N_20220106115757_20220106115757_0226_B.png,CE4_GRAS_PCAMR-C-007_SCI_N_20210208065711_20210208065711_0173_B.png,1,1,1638,1033,1,2089,339,0,0.2490
396,CE4_GRAS_PCAML-C-013_SCI_N_20220106115757_20220106115757_0226_B.png,CE4_GRAS_PCAMR-C-007_SCI_N_20210208065711_20210208065711_0173_B.png,2,1,273,532,0,325,1519,0,0.2490
397,CE4_GRAS_PCAML-C-010_SCI_N_20190925033158_20190925033158_0076_B.png,CE4_GRAS_PCAMR-C-002_SCI_N_20220107131231_20220107131231_0227_B.png,0,0,2005,833,1,745,1450,1,0.1098
397,CE4_GRAS_PCAML-C-010_SCI_N_20190925033158_20190925033158_0076_B.png,CE4_GRAS_PCAMR-C-002_SCI_N_20220107131231_20220107131231_0227_B.png,1,0,1186,756,1,1974,802,0,0.1098
397,CE4_GRAS_PCAML-C-010_SCI_N_20190925033158_20190925033158_0076_B.png,CE4_GRAS_PCAMR-C-002_SCI_N_20220107131231_20220107131231_0227_B.png,2,0,724,169,1,913,748,1,0.1098
398,CE4_GRAS_PCAMR-C-002_SCI_N_20191202052351_20191202052351_0097_B.png,CE4_GRAS_PCAMR-C-024_SCI_N_20220106121921_20220106121921_0226_B.png,0,0,1207,192,0,451,925,0,0.4525
398,CE4_GRAS_PCAMR-C-002_SCI_N_20191202052351_20191202052351_0097_B.png,CE4_GRAS_PCAMR-C-024_SCI_N_20220106121921_20220106121921_0226_B.png,1,1,1470,894,0,1039,732,-1,0.4525
398,CE4_GRAS_PCAMR-C-002_SCI_N_20191202052351_20191202052351_0097_B.png,CE4_GRAS_PCAMR-C-024_SCI_N_20220106121921_20220106121921_0226_B.png,2,0,1417,1427,1,1911,586,1,0.4525
399,CE4_GRAS_PCAMR-C-000_SCI_N_20190112100821_20190112100821_0003_B.png,CE4_GRAS_PCAMR-C-006_SCI_N_20190429144942_20190429144942_0033_B.png,0,0,619,401,0,1176,1002,0,0.1325
399,CE4_GRAS_PCAMR-C-000_SCI_N_20190112100821_20190112100821_0003_B.png,CE4_GRAS_PCAMR-C-006_SCI_N_20190429144942_20190429144942_0033_B.png,1,0,2047,825,1,1218,308,1,0.1325
399,CE4_GRAS_PCAMR-C-000_SCI_N_20190112100821_20190112100821_0003_B.png,CE4_GRAS_PCAMR-C-006_SCI_N_20190429144942_20190429144942_0033_B.png,2,1,850,972,0,1260,1280,-1,0.1325
400,CE4_GRAS_PCAML-C-002_SCI_N_20220106114119_20220106114119_0226_B.png,CE4_GRAS_PCAMR-C-002_SCI_N_20200426131241_20200426131241_0127_B.png,0,1,556,486,1,378,1535,1,0.1513
400,CE4_GRAS_PCAML-C-002_SCI_N_20220106114119_20220106114119_0226_B.png,CE4_GRAS_PCAMR-C-002_SCI_N_20200426131241_20200426131241_0127_B.png,1,0,346,439,0,1302,1473,1,0.1513
400,CE4_GRAS_PCAML-C-002_SCI_N_20220106114119_20220106114119_0226_B.png,CE4_GRAS_PCAMR-C-002_SCI_N_20200426131241_20200426131241_0127_B.png,2,0,672,763,0,430,1419,1,0.1513
401,CE4_GRAS_PCAML-C-001_SCI_N_20190925031958_20190925031958_0076_B.png,CE4_GRAS_PCAMR-C-002_SCI_N_20200130070648_20200130070648_0115_B.png,0,1,882,1126,0,1816,1419,-1,0.1010
401,CE4_GRAS_PCAML-C-001_SCI_N_20190925031958_20190925031958_0076_B.png,CE4_GRAS_PCAMR-C-002_SCI_N_20200130070648_20200130070648_0115_B.png,1,0,966,1010,1,315,894,-1,0.1010
401,CE4_GRAS_PCAML-C-001_SCI_N_20190925031958_20190925031958_0076_B.png,CE4_GRAS_PCAMR-C-002_SCI_N_20200130070648_20200130070648_0115_B.png,2,1,378,1157,1,1743,347,-1,0.1010
402,CE4_GRAS_PCAMR-C-001_SCI_N_20211030020310_20211030020310_0215_B.png,CE4_GRAS_PCAMR-C-005_SCI_N_20220107132102_20220107132102_0227_B.png,0,1,1659,246,0,808,686,1,0.2361
402,CE4_GRAS_PCAMR-C-001_SCI_N_20211030020310_20211030020310_0215_B.png,CE4_GRAS_PCAMR-C-005_SCI_N_20220107132102_20220107132102_0227_B.png,1,0,1953,378,1,1228,725,1,0.2361
402,CE4_GRAS_PCAMR-C-001_SCI_N_20211030020310_20211030020310_0215_B.png,CE4_GRAS_PCAMR-C-005_SCI_N_20220107132102_20220107132102_0227_B.png,2,0,2068,1519,1,1218,1072,1,0.2361
403,CE4_GRAS_PCAML-C-012_SCI_N_20211010060142_20211010060142_0213_B.png,CE4_GRAS_PCAMR-C-005_SCI_N_20201012043904_20201012043904_0148_B.png,0,1,1627,648,0,1680,1157,1,0.3286
403,CE4_GRAS_PCAML-C-012_SCI_N_20211010060142_20211010060142_0213_B.png,CE4_GRAS_PCAMR-C-005_SCI_N_20201012043904_20201012043904_0148_B.png,1,1,546,1180,1,1270,756,1,0.3286
403,CE4_GRAS_PCAML-C-012_SCI_N_20211010060142_20211010060142_0213_B.png,CE4_GRAS_PCAMR-C-005_SCI_N_20201012043904_20201012043904_0148_B.png,2,0,892,840,1,1795,879,-1,0.3286
404,CE4_GRAS_PCAML-C-005_SCI_N_20190905072657_20190905072657_0067_B.png,CE4_GRAS_PCAMR-C-046_SCI_N_20220106135550_20220106135550_0226_B.png,0,1,745,516,1,1785,964,1,0.0759
404,CE4_GRAS_PCAML-C-005_SCI_N_20190905072657_20190905072657_0067_B.png,CE4_GRAS_PCAMR-C-046_SCI_N_20220106135550_20220106135550_0226_B.png,1,1,1365,524,1,2047,1288,1,0.0759
404,CE4_GRAS_PCAML-C-005_SCI_N_20190905072657_20190905072657_0067_B.png,CE4_GRAS_PCAMR-C-046_SCI_N_20220106135550_20220106135550_0226_B.png,2,1,913,810,0,1837,385,-1,0.0759
405,CE4_GRAS_PCAML-C-031_SCI_N_20220106123011_20220106123011_0226_B.png,CE4_GRAS_PCAMR-C-006_SCI_N_20220922062003_20220922062003_0258_B.png,0,0,619,1164,0,1995,732,0,0.2266
405,CE4_GRAS_PCAML-C-031_SCI_N_20220106123011_20220106123011_0226_B.png,CE4_GRAS_PCAMR-C-006_SCI_N_20220922062003_20220922062003_0258_B.png,1,0,1060,1002,1,1963,871,0,0.2266
405,CE4_GRAS_PCAML-C-031_SCI_N_20220106123011_20220106123011_0226_B.png,CE4_GRAS_PCAMR-C-006_SCI_N_20220922062003_20220922062003_0258_B.png,2,1,1470,1427,0,525,1411,1,0.2266
406,CE4_GRAS_PCAML-C-028_SCI_N_20220106122533_20220106122533_0226_B.png,CE4_GRAS_PCAMR-C-005_SCI_N_20200227112637_20200227112637_0121_B.png,0,0,1102,540,1,1858,624,0,0.0837
406,CE4_GRAS_PCAML-C-028_SCI_N_20220106122533_20220106122533_0226_B.png,CE4_GRAS_PCAMR-C-005_SCI_N_20200227112637_20200227112637_0121_B.png,1,0,976,216,0,945,902,-1,0.0837
406,CE4_GRAS_PCAML-C-028_SCI_N_20220106122533_20220106122533_0226_B.png,CE4_GRAS_PCAMR-C-005_SCI_N_20200227112637_20200227112637_0121_B.png,2,0,1575,347,0,304,1118,0,0.0837
407,CE4_GRAS_PCAML-C-050_SCI_N_20190925045137_20190925045137_0076_B.png,CE4_GRAS_PCAMR-C-004_SCI_N_20190104042540_20190104042540_0001_B.png,0,1,1449,1288,1,399,786,0,0.2525
407,CE4_GRAS_PCAML-C-050_SCI_N_20190925045137_20190925045137_0076_B.png,CE4_GRAS_PCAMR-C-004_SCI_N_20190104042540_20190104042540_0001_B.png,1,0,2026,478,1,1270,169,-1,0.2525
407,CE4_GRAS_PCAML-C-050_SCI_N_20190925045137_20190925045137_0076_B.png,CE4_GRAS_PCAMR-C-004_SCI_N_20190104042540_20190104042540_0001_B.png,2,0,1365,655,1,1060,1481,1,0.2525
409,CE4_GRAS_PCAMR-C-009_SCI_N_20220106115126_20220106115126_0226_B.png,CE4_GRAS_PCAMR-C-048_SCI_N_20190925044842_20190925044842_0076_B.png,0,1,420,902,0,1764,277,-1,0.2312
409,CE4_GRAS_PCAMR-C-009_SCI_N_20220106115126_20220106115126_0226_B.png,CE4_GRAS_PCAMR-C-048_SCI_N_20190925044842_20190925044842_0076_B.png,1,1,1186,810,0,2110,717,-1,0.2312
409,CE4_GRAS_PCAMR-C-009_SCI_N_20220106115126_20220106115126_0226_B.png,CE4_GRAS_PCAMR-C-048_SCI_N_20190925044842_20190925044842_0076_B.png,2,0,1407,239,1,546,324,1,0.2312
410,CE4_GRAS_PCAML-C-006_SCI_N_20220106114715_20220106114715_0226_B.png,CE4_GRAS_PCAMR-C-007_SCI_N_20201218131939_20201218131939_0162_B.png,0,1,315,601,1,1354,185,0,0.1031
410,CE4_GRAS_PCAML-C-006_SCI_N_20220106114715_20220106114715_0226_B.png,CE4_GRAS_PCAMR-C-007_SCI_N_20201218131939_20201218131939_0162_B.png,1,0,672,1411,0,1470,393,0,0.1031
410,CE4_GRAS_PCAML-C-006_SCI_N_20220106114715_20220106114715_0226_B.png,CE4_GRAS_PCAMR-C-007_SCI_N_20201218131939_20201218131939_0162_B.png,2,1,1480,1141,1,2026,871,0,0.1031
411,CE4_GRAS_PCAML-C-003_SCI_N_20211230065527_20211230065527_0225_B.png,CE4_GRAS_PCAMR-C-001_SCI_N_20210811100155_20210811100155_0203_B.png,0,0,2058,1311,1,735,1234,0,0.0911
411,CE4_GRAS_PCAML-C-003_SCI_N_20211230065527_20211230065527_0225_B.png,CE4_GRAS_PCAMR-C-001_SCI_N_20210811100155_20210811100155_0203_B.png,1,0,399,825,0,2089,185,-1,0.0911
411,CE4_GRAS_PCAML-C-003_SCI_N_20211230065527_20211230065527_0225_B.png,CE4_GRAS_PCAMR-C-001_SCI_N_20210811100155_20210811100155_0203_B.png,2,1,1890,956,0,1081,956,1,0.0911
412,CE4_GRAS_PCAML-C-001_SCI_N_20220329083932_20220329083932_0238_B.png,CE4_GRAS_PCAMR-C-010_SCI_N_20211010055828_20211010055828_0213_B.png,0,0,1029,1527,1,1932,748,1,0.2434
412,CE4_GRAS_PCAML-C-001_SCI_N_20220329083932_20220329083932_0238_B.png,CE4_GRAS_PCAMR-C-010_SCI_N_20211010055828_20211010055828_0213_B.png,1,0,1197,802,1,2100,1458,1,0.2434
412,CE4_GRAS_PCAML-C-001_SCI_N_20220329083932_20220329083932_0238_B.png,CE4_GRAS_PCAMR-C-010_SCI_N_20211010055828_20211010055828_0213_B.png,2,1,399,1126,1,294,725,0,0.2434
413,CE4_GRAS_PCAMR-C-000_SCI_N_20220920063858_20220920063858_0256_B.png,CE4_GRAS_PCAMR-C-028_SCI_N_20220106122517_20220106122517_0226_B.png,0,0,882,1157,1,1018,594,0,0.3116
413,CE4_GRAS_PCAMR-C-000_SCI_N_20220920063858_20220920063858_0256_B.png,CE4_GRAS_PCAMR-C-028_SCI_N_20220106122517_20220106122517_0226_B.png,1,1,766,995,1,1743,1365,1,0.3116
413,CE4_GRAS_PCAMR-C-000_SCI_N_20220920063858_20220920063858_0256_B.png,CE4_GRAS_PCAMR-C-028_SCI_N_20220106122517_20220106122517_0226_B.png,2,1,1837,169,1,556,1450,0,0.3116
414,CE4_GRAS_PCAML-C-012_SCI_N_20221127091005_20221127091005_0269_B.png,CE4_GRAS_PCAMR-C-018_SCI_N_20190925034801_20190925034801_0076_B.png,0,0,1554,1465,0,777,694,-1,0.1223
414,CE4_GRAS_PCAML-C-012_SCI_N_20221127091005_20221127091005_0269_B.png,CE4_GRAS_PCAMR-C-018_SCI_N_20190925034801_20190925034801_0076_B.png,1,1,1690,408,0,1186,779,-1,0.1223
414,CE4_GRAS_PCAML-C-012_SCI_N_20221127091005_20221127091005_0269_B.png,CE4_GRAS_PCAMR-C-018_SCI_N_20190925034801_20190925034801_0076_B.png,2,0,1617,748,0,2079,794,0,0.1223
415,CE4_GRAS_PCAML-C-009_SCI_N_20200227113734_20200227113734_0121_B.png,CE4_GRAS_PCAML-C-010_SCI_N_20190228082839_20190228082839_0011_B.png,0,0,913,1226,1,577,1002,0,0.1255
415,CE4_GRAS_PCAML-C-009_SCI_N_20200227113734_20200227113734_0121_B.png,CE4_GRAS_PCAML-C-010_SCI_N_20190228082839_20190228082839_0011_B.png,1,0,252,810,1,388,1226,0,0.1255
415,CE4_GRAS_PCAML-C-009_SCI_N_20200227113734_20200227113734_0121_B.png,CE4_GRAS_PCAML-C-010_SCI_N_20190228082839_20190228082839_0011_B.png,2,1,283,470,0,2089,1519,1,0.1255
416,CE4_GRAS_PCAML-C-003_SCI_N_20190104042436_20190104042436_0001_B.png,CE4_GRAS_PCAML-C-004_SCI_N_20190708044125_20190708044125_0048_B.png,0,1,735,817,0,514,632,0,0.0829
416,CE4_GRAS_PCAML-C-003_SCI_N_20190104042436_20190104042436_0001_B.png,CE4_GRAS_PCAML-C-004_SCI_N_20190708044125_20190708044125_0048_B.png,1,0,1543,1380,1,1333,347,0,0.0829
416,CE4_GRAS_PCAML-C-003_SCI_N_20190104042436_20190104042436_0001_B.png,CE4_GRAS_PCAML-C-004_SCI_N_20190708044125_20190708044125_0048_B.png,2,0,903,725,1,588,1126,0,0.0829
417,CE4_GRAS_PCAMR-C-049_SCI_N_20230417063114_20230417063114_0288_B.png,CE4_GRAS_PCAMR-C-051_SCI_N_20190228095858_20190228095858_0011_B.png,0,1,1375,1018,1,1270,455,1,0.1891
417,CE4_GRAS_PCAMR-C-049_SCI_N_20230417063114_20230417063114_0288_B.png,CE4_GRAS_PCAMR-C-051_SCI_N_20190228095858_20190228095858_0011_B.png,1,1,252,609,1,2016,1272,1,0.1891
417,CE4_GRAS_PCAMR-C-049_SCI_N_20230417063114_20230417063114_0288_B.png,CE4_GRAS_PCAMR-C-051_SCI_N_20190228095858_20190228095858_0011_B.png,2,1,1459,1527,1,1606,300,0,0.1891
418,CE4_GRAS_PCAML-C-014_SCI_N_20211010060440_20211010060440_0213_B.png,CE4_GRAS_PCAMR-C-003_SCI_N_20230615033521_20230615033521_0296_B.png,0,0,1417,277,0,1050,1519,0,0.1811
418,CE4_GRAS_PCAML-C-014_SCI_N_20211010060440_20211010060440_0213_B.png,CE4_GRAS_PCAMR-C-003_SCI_N_20230615033521_20230615033521_0296_B.png,1,1,1932,1141,1,966,555,-1,0.1811
418,CE4_GRAS_PCAML-C-014_SCI_N_20211010060440_20211010060440_0213_B.png,CE4_GRAS_PCAMR-C-003_SCI_N_20230615033521_20230615033521_0296_B.png,2,1,493,1465,1,1617,1365,0,0.1811
419,CE4_GRAS_PCAML-C-052_SCI_N_20230615051236_20230615051236_0296_B.png,CE4_GRAS_PCAMR-C-018_SCI_N_20230615040801_20230615040801_0296_B.png,0,1,1071,1095,0,1081,594,1,0.2701
419,CE4_GRAS_PCAML-C-052_SCI_N_20230615051236_20230615051236_0296_B.png,CE4_GRAS_PCAMR-C-018_SCI_N_20230615040801_20230615040801_0296_B.png,1,0,1176,1473,0,1533,1357,0,0.2701
419,CE4_GRAS_PCAML-C-052_SCI_N_20230615051236_20230615051236_0296_B.png,CE4_GRAS_PCAMR-C-018_SCI_N_20230615040801_20230615040801_0296_B.png,2,1,409,1388,0,399,1442,0,0.2701
420,CE4_GRAS_PCAML-C-012_SCI_N_20220106115628_20220106115628_0226_B.png,CE4_GRAS_PCAMR-C-043_SCI_N_20190228094818_20190228094818_0011_B.png,0,1,2005,1026,1,1785,817,0,0.4644
420,CE4_GRAS_PCAML-C-012_SCI_N_20220106115628_20220106115628_0226_B.png,CE4_GRAS_PCAMR-C-043_SCI_N_20190228094818_20190228094818_0011_B.png,1,1,535,177,0,903,925,0,0.4644
420,CE4_GRAS_PCAML-C-012_SCI_N_20220106115628_20220106115628_0226_B.png,CE4_GRAS_PCAMR-C-043_SCI_N_20190228094818_20190228094818_0011_B.png,2,1,1911,246,0,1764,972,1,0.4644
421,CE4_GRAS_PCAML-C-001_SCI_N_20190827094410_20190827094410_0060_B.png,CE4_GRAS_PCAML-C-002_SCI_N_20190110211409_20190110211409_0002_B.png,0,0,598,617,1,1228,416,-1,0.1389
421,CE4_GRAS_PCAML-C-001_SCI_N_20190827094410_20190827094410_0060_B.png,CE4_GRAS_PCAML-C-002_SCI_N_20190110211409_20190110211409_0002_B.png,1,1,1060,1519,0,882,725,1,0.1389
421,CE4_GRAS_PCAML-C-001_SCI_N_20190827094410_20190827094410_0060_B.png,CE4_GRAS_PCAML-C-002_SCI_N_20190110211409_20190110211409_0002_B.png,2,1,798,408,1,609,1164,1,0.1389
422,CE4_GRAS_PCAML-C-006_SCI_N_20211010054922_20211010054922_0213_B.png,CE4_GRAS_PCAMR-C-001_SCI_N_20220930060333_20220930060333_0260_B.png,0,0,714,316,0,1764,918,0,0.1830
422,CE4_GRAS_PCAML-C-006_SCI_N_20211010054922_20211010054922_0213_B.png,CE4_GRAS_PCAMR-C-001_SCI_N_20220930060333_20220930060333_0260_B.png,1,1,945,1110,0,819,1249,0,0.1830
422,CE4_GRAS_PCAML-C-006_SCI_N_20211010054922_20211010054922_0213_B.png,CE4_GRAS_PCAMR-C-001_SCI_N_20220930060333_20220930060333_0260_B.png,2,1,346,524,1,1606,1018,1,0.1830
423,CE4_GRAS_PCAML-C-005_SCI_N_20210812042407_20210812042407_0204_B.png,CE4_GRAS_PCAMR-C-045_SCI_N_20220106135421_20220106135421_0226_B.png,0,0,1837,486,1,724,1272,0,0.2096
423,CE4_GRAS_PCAML-C-005_SCI_N_20210812042407_20210812042407_0204_B.png,CE4_GRAS_PCAMR-C-045_SCI_N_20220106135421_20220106135421_0226_B.png,1,1,1239,246,1,294,1465,1,0.2096
423,CE4_GRAS_PCAML-C-005_SCI_N_20210812042407_20210812042407_0204_B.png,CE4_GRAS_PCAMR-C-045_SCI_N_20220106135421_20220106135421_0226_B.png,2,0,1848,1103,0,1081,779,0,0.2096
424,CE4_GRAS_PCAML-C-003_SCI_N_20210811100509_20210811100509_0203_B.png,CE4_GRAS_PCAMR-C-001_SCI_N_20200131074400_20200131074400_0118_B.png,0,0,997,1064,1,808,1512,1,0.4197
424,CE4_GRAS_PCAML-C-003_SCI_N_20210811100509_20210811100509_0203_B.png,CE4_GRAS_PCAMR-C-001_SCI_N_20200131074400_20200131074400_0118_B.png,1,1,1165,655,1,1260,1272,-1,0.4197
424,CE4_GRAS_PCAML-C-003_SCI_N_20210811100509_20210811100509_0203_B.png,CE4_GRAS_PCAMR-C-001_SCI_N_20200131074400_20200131074400_0118_B.png,2,1,640,169,0,934,547,0,0.4197
425,CE4_GRAS_PCAML-C-000_SCI_N_20201012043154_20201012043154_0148_B.png,CE4_GRAS_PCAMR-C-008_SCI_N_20190111034316_20190111034316_0002_B.png,0,1,1249,408,1,661,1373,1,0.1500
425,CE4_GRAS_PCAML-C-000_SCI_N_20201012043154_20201012043154_0148_B.png,CE4_GRAS_PCAMR-C-008_SCI_N_20190111034316_20190111034316_0002_B.png,1,1,1638,887,1,2047,223,0,0.1500
425,CE4_GRAS_PCAML-C-000_SCI_N_20201012043154_20201012043154_0148_B.png,CE4_GRAS_PCAMR-C-008_SCI_N_20190111034316_20190111034316_0002_B.png,2,1,976,1365,0,882,408,1,0.1500
426,CE4_GRAS_PCAML-C-037_SCI_N_20220106123905_20220106123905_0226_B.png,CE4_GRAS_PCAMR-C-000_SCI_N_20230417045801_20230417045801_0288_B.png,0,0,1270,655,0,1963,1049,0,0.1716
426,CE4_GRAS_PCAML-C-037_SCI_N_20220106123905_20220106123905_0226_B.png,CE4_GRAS_PCAMR-C-000_SCI_N_20230417045801_20230417045801_0288_B.png,1,1,1270,1188,0,1764,524,1,0.1716
426,CE4_GRAS_PCAML-C-037_SCI_N_20220106123905_20220106123905_0226_B.png,CE4_GRAS_PCAMR-C-000_SCI_N_20230417045801_20230417045801_0288_B.png,2,1,682,1488,0,1848,1365,0,0.1716
427,CE4_GRAS_PCAML-C-023_SCI_N_20190228085435_20190228085435_0011_B.png,CE4_GRAS_PCAMR-C-026_SCI_N_20220106122219_20220106122219_0226_B.png,0,1,325,802,0,766,871,-1,0.0776
427,CE4_GRAS_PCAML-C-023_SCI_N_20190228085435_20190228085435_0011_B.png,CE4_GRAS_PCAMR-C-026_SCI_N_20220106122219_20220106122219_0226_B.png,1,1,735,447,0,1354,1373,0,0.0776
427,CE4_GRAS_PCAML-C-023_SCI_N_20190228085435_20190228085435_0011_B.png,CE4_GRAS_PCAMR-C-026_SCI_N_20220106122219_20220106122219_0226_B.png,2,0,1228,347,1,1617,1164,-1,0.0776
428,CE4_GRAS_PCAMR-C-002_SCI_N_20190806113734_20190806113734_0053_B.png,CE4_GRAS_PCAMR-C-040_SCI_N_20230615045000_20230615045000_0296_B.png,0,0,693,540,0,871,879,0,0.1710
428,CE4_GRAS_PCAMR-C-002_SCI_N_20190806113734_20190806113734_0053_B.png,CE4_GRAS_PCAMR-C-040_SCI_N_20230615045000_20230615045000_0296_B.png,1,0,651,1257,1,2037,810,-1,0.1710
428,CE4_GRAS_PCAMR-C-002_SCI_N_20190806113734_20190806113734_0053_B.png,CE4_GRAS_PCAMR-C-040_SCI_N_20230615045000_20230615045000_0296_B.png,2,0,1669,1188,1,787,393,0,0.1710
429,CE4_GRAS_PCAML-C-027_SCI_N_20230417055027_20230417055027_0288_B.png,CE4_GRAS_PCAMR-C-011_SCI_N_20201211040821_20201211040821_0161_B.png,0,1,1281,756,0,1585,833,1,0.1795
429,CE4_GRAS_PCAML-C-027_SCI_N_20230417055027_20230417055027_0288_B.png,CE4_GRAS_PCAMR-C-011_SCI_N_20201211040821_20201211040821_0161_B.png,1,1,388,725,0,2100,709,0,0.1795
429,CE4_GRAS_PCAML-C-027_SCI_N_20230417055027_20230417055027_0288_B.png,CE4_GRAS_PCAMR-C-011_SCI_N_20201211040821_20201211040821_0161_B.png,2,1,945,817,0,294,401,0,0.1795
430,CE4_GRAS_PCAMR-C-005_SCI_N_20210207091038_20210207091038_0172_B.png,CE4_GRAS_PCAMR-C-010_SCI_N_20221127085329_20221127085329_0269_B.png,0,0,1564,1342,1,1291,501,0,0.1506
430,CE4_GRAS_PCAMR-C-005_SCI_N_20210207091038_20210207091038_0172_B.png,CE4_GRAS_PCAMR-C-010_SCI_N_20221127085329_20221127085329_0269_B.png,1,1,567,632,0,1669,825,-1,0.1506
430,CE4_GRAS_PCAMR-C-005_SCI_N_20210207091038_20210207091038_0172_B.png,CE4_GRAS_PCAMR-C-010_SCI_N_20221127085329_20221127085329_0269_B.png,2,1,966,524,0,1890,1527,0,0.1506
431,CE4_GRAS_PCAML-C-003_SCI_N_20220604061351_20220604061351_0249_B.png,CE4_GRAS_PCAML-C-013_SCI_N_20190925033558_20190925033558_0076_B.png,0,0,976,640,1,346,300,-1,0.2372
431,CE4_GRAS_PCAML-C-003_SCI_N_20220604061351_20220604061351_0249_B.png,CE4_GRAS_PCAML-C-013_SCI_N_20190925033558_20190925033558_0076_B.png,1,1,1008,948,0,1848,362,0,0.2372
431,CE4_GRAS_PCAML-C-003_SCI_N_20220604061351_20220604061351_0249_B.png,CE4_GRAS_PCAML-C-013_SCI_N_20190925033558_20190925033558_0076_B.png,2,1,1228,1458,0,357,856,-1,0.2372
432,CE4_GRAS_PCAML-C-035_SCI_N_20190925042203_20190925042203_0076_B.png,CE4_GRAS_PCAML-C-054_SCI_N_20190925045657_20190925045657_0076_B.png,0,1,1617,378,1,1575,1041,1,0.0898
432,CE4_GRAS_PCAML-C-035_SCI_N_20190925042203_20190925042203_0076_B.png,CE4_GRAS_PCAML-C-054_SCI_N_20190925045657_20190925045657_0076_B.png,1,0,1900,1172,0,1197,231,0,0.0898
432,CE4_GRAS_PCAML-C-035_SCI_N_20190925042203_20190925042203_0076_B.png,CE4_GRAS_PCAML-C-054_SCI_N_20190925045657_20190925045657_0076_B.png,2,0,955,1149,0,1659,200,0,0.0898
433,CE4_GRAS_PCAML-C-015_SCI_N_20190925034417_20190925034417_0076_B.png,CE4_GRAS_PCAMR-C-037_SCI_N_20190925042427_20190925042427_0076_B.png,0,1,577,1242,1,1522,540,0,0.2104
433,CE4_GRAS_PCAML-C-015_SCI_N_20190925034417_20190925034417_0076_B.png,CE4_GRAS_PCAMR-C-037_SCI_N_20190925042427_20190925042427_0076_B.png,1,1,367,208,0,1249,1442,0,0.2104
433,CE4_GRAS_PCAML-C-015_SCI_N_20190925034417_20190925034417_0076_B.png,CE4_GRAS_PCAMR-C-037_SCI_N_20190925042427_20190925042427_0076_B.png,2,0,819,1010,1,2068,586,1,0.2104
434,CE4_GRAS_PCAML-C-004_SCI_N_20210207090527_20210207090527_0172_B.png,CE4_GRAS_PCAMR-C-005_SCI_N_20211030020906_20211030020906_0215_B.png,0,1,2016,740,1,1953,987,-1,0.4792
434,CE4_GRAS_PCAML-C-004_SCI_N_20210207090527_20210207090527_0172_B.png,CE4_GRAS_PCAMR-C-005_SCI_N_20211030020906_20211030020906_0215_B.png,1,1,451,902,0,1921,270,0,0.4792
434,CE4_GRAS_PCAML-C-004_SCI_N_20210207090527_20210207090527_0172_B.png,CE4_GRAS_PCAMR-C-005_SCI_N_20211030020906_20211030020906_0215_B.png,2,1,388,285,0,1533,293,0,0.4792
435,CE4_GRAS_PCAML-C-002_SCI_N_20190208204825_20190208204825_0007_B.png,CE4_GRAS_PCAMR-C-001_SCI_N_20190806113605_20190806113605_0053_B.png,0,0,609,609,1,693,1118,1,0.0421
435,CE4_GRAS_PCAML-C-002_SCI_N_20190208204825_20190208204825_0007_B.png,CE4_GRAS_PCAMR-C-001_SCI_N_20190806113605_20190806113605_0053_B.png,1,1,1312,1234,0,1785,1519,0,0.0421
435,CE4_GRAS_PCAML-C-002_SCI_N_20190208204825_20190208204825_0007_B.png,CE4_GRAS_PCAMR-C-001_SCI_N_20190806113605_20190806113605_0053_B.png,2,0,2110,563,1,388,1265,1,0.0421
436,CE4_GRAS_PCAML-C-001_SCI_N_20190905071947_20190905071947_0067_B.png,CE4_GRAS_PCAMR-C-003_SCI_N_20190429144119_20190429144119_0033_B.png,0,1,892,1149,1,1953,1188,-1,0.2749
436,CE4_GRAS_PCAML-C-001_SCI_N_20190905071947_20190905071947_0067_B.png,CE4_GRAS_PCAMR-C-003_SCI_N_20190429144119_20190429144119_0033_B.png,1,1,504,941,1,1512,308,0,0.2749
436,CE4_GRAS_PCAML-C-001_SCI_N_20190905071947_20190905071947_0067_B.png,CE4_GRAS_PCAMR-C-003_SCI_N_20190429144119_20190429144119_0033_B.png,2,0,693,254,1,462,1442,0,0.2749
437,CE4_GRAS_PCAML-C-020_SCI_N_20230417053714_20230417053714_0288_B.png,CE4_GRAS_PCAMR-C-050_SCI_N_20230615050922_20230615050922_0296_B.png,0,1,1638,1504,0,472,455,-1,0.0591
437,CE4_GRAS_PCAML-C-020_SCI_N_20230417053714_20230417053714_0288_B.png,CE4_GRAS_PCAMR-C-050_SCI_N_20230615050922_20230615050922_0296_B.png,1,0,1564,447,1,1900,702,1,0.0591
437,CE4_GRAS_PCAML-C-020_SCI_N_20230417053714_20230417053714_0288_B.png,CE4_GRAS_PCAMR-C-050_SCI_N_20230615050922_20230615050922_0296_B.png,2,1,388,1195,1,1386,594,0,0.0591
438,CE4_GRAS_PCAML-C-017_SCI_N_20230615040648_20230615040648_0296_B.png,CE4_GRAS_PCAMR-C-003_SCI_N_20200329050639_20200329050639_0124_B.png,0,1,336,1242,0,1995,856,-1,0.2899
438,CE4_GRAS_PCAML-C-017_SCI_N_20230615040648_20230615040648_0296_B.png,CE4_GRAS_PCAMR-C-003_SCI_N_20200329050639_20200329050639_0124_B.png,1,1,2037,570,1,1900,879,0,0.2899
438,CE4_GRAS_PCAML-C-017_SCI_N_20230615040648_20230615040648_0296_B.png,CE4_GRAS_PCAMR-C-003_SCI_N_20200329050639_20200329050639_0124_B.png,2,0,882,1157,0,1312,879,-1,0.2899
439,CE4_GRAS_PCAML-C-005_SCI_N_20191202052833_20191202052833_0097_B.png,CE4_GRAS_PCAML-C-007_SCI_N_20200428094417_20200428094417_0128_B.png,0,1,483,509,0,493,1465,0,0.1882
439,CE4_GRAS_PCAML-C-005_SCI_N_20191202052833_20191202052833_0097_B.png,CE4_GRAS_PCAML-C-007_SCI_N_20200428094417_20200428094417_0128_B.png,1,0,1522,1334,1,819,1512,1,0.1882
439,CE4_GRAS_PCAML-C-005_SCI_N_20191202052833_20191202052833_0097_B.png,CE4_GRAS_PCAML-C-007_SCI_N_20200428094417_20200428094417_0128_B.png,2,0,2110,902,0,598,462,0,0.1882
440,CE4_GRAS_PCAML-C-000_SCI_N_20191221020127_20191221020127_0098_B.png,CE4_GRAS_PCAML-C-024_SCI_N_20190925035617_20190925035617_0076_B.png,0,1,262,316,0,462,1249,0,0.1955
440,CE4_GRAS_PCAML-C-000_SCI_N_20191221020127_20191221020127_0098_B.png,CE4_GRAS_PCAML-C-024_SCI_N_20190925035617_20190925035617_0076_B.png,1,0,1627,216,0,745,648,1,0.1955
440,CE4_GRAS_PCAML-C-000_SCI_N_20191221020127_20191221020127_0098_B.png,CE4_GRAS_PCAML-C-024_SCI_N_20190925035617_20190925035617_0076_B.png,2,0,1942,208,0,745,1527,0,0.1955
441,CE4_GRAS_PCAML-C-001_SCI_N_20190806113621_20190806113621_0053_B.png,CE4_GRAS_PCAML-C-008_SCI_N_20220920065235_20220920065235_0256_B.png,0,0,1228,1126,1,1596,1434,0,0.2829
441,CE4_GRAS_PCAML-C-001_SCI_N_20190806113621_20190806113621_0053_B.png,CE4_GRAS_PCAML-C-008_SCI_N_20220920065235_20220920065235_0256_B.png,1,0,1333,864,0,955,1504,0,0.2829
441,CE4_GRAS_PCAML-C-001_SCI_N_20190806113621_20190806113621_0053_B.png,CE4_GRAS_PCAML-C-008_SCI_N_20220920065235_20220920065235_0256_B.png,2,1,273,192,1,1218,1033,0,0.2829
442,CE4_GRAS_PCAML-C-001_SCI_N_20220107131045_20220107131045_0227_B.png,CE4_GRAS_PCAML-C-020_SCI_N_20190925035057_20190925035057_0076_B.png,0,1,1365,378,0,2037,964,-1,0.1848
442,CE4_GRAS_PCAML-C-001_SCI_N_20220107131045_20220107131045_0227_B.png,CE4_GRAS_PCAML-C-020_SCI_N_20190925035057_20190925035057_0076_B.png,1,0,304,1072,1,672,1350,0,0.1848
442,CE4_GRAS_PCAML-C-001_SCI_N_20220107131045_20220107131045_0227_B.png,CE4_GRAS_PCAML-C-020_SCI_N_20190925035057_20190925035057_0076_B.png,2,1,987,1465,1,2005,185,0,0.1848
443,CE4_GRAS_PCAMR-C-010_SCI_N_20220128101308_20220128101308_0230_B.png,CE4_GRAS_PCAMR-C-045_SCI_N_20190228095058_20190228095058_0011_B.png,0,1,1617,910,1,1176,1404,0,0.2989
443,CE4_GRAS_PCAMR-C-010_SCI_N_20220128101308_20220128101308_0230_B.png,CE4_GRAS_PCAMR-C-045_SCI_N_20190228095058_20190228095058_0011_B.png,1,1,640,678,1,1701,1211,0,0.2989
443,CE4_GRAS_PCAMR-C-010_SCI_N_20220128101308_20220128101308_0230_B.png,CE4_GRAS_PCAMR-C-045_SCI_N_20190228095058_20190228095058_0011_B.png,2,0,1417,316,0,2026,1141,1,0.2989
444,CE4_GRAS_PCAML-C-004_SCI_N_20220831072858_20220831072858_0255_B.png,CE4_GRAS_PCAML-C-010_SCI_N_20211030022029_20211030022029_0215_B.png,0,1,1197,270,0,1186,316,-1,0.1354
444,CE4_GRAS_PCAML-C-004_SCI_N_20220831072858_20220831072858_0255_B.png,CE4_GRAS_PCAML-C-010_SCI_N_20211030022029_20211030022029_0215_B.png,1,0,315,763,1,2005,848,1,0.1354
444,CE4_GRAS_PCAML-C-004_SCI_N_20220831072858_20220831072858_0255_B.png,CE4_GRAS_PCAML-C-010_SCI_N_20211030022029_20211030022029_0215_B.png,2,1,892,1365,0,546,246,-1,0.1354
445,CE4_GRAS_PCAMR-C-006_SCI_N_20230417050958_20230417050958_0288_B.png,CE4_GRAS_PCAMR-C-011_SCI_N_20190228082943_20190228082943_0011_B.png,0,0,556,1134,0,1890,185,-1,0.2620
445,CE4_GRAS_PCAMR-C-006_SCI_N_20230417050958_20230417050958_0288_B.png,CE4_GRAS_PCAMR-C-011_SCI_N_20190228082943_20190228082943_0011_B.png,1,0,1018,1257,1,1354,362,0,0.2620
445,CE4_GRAS_PCAMR-C-006_SCI_N_20230417050958_20230417050958_0288_B.png,CE4_GRAS_PCAMR-C-011_SCI_N_20190228082943_20190228082943_0011_B.png,2,0,2005,1427,0,1879,578,-1,0.2620
446,CE4_GRAS_PCAML-C-012_SCI_N_20220329085605_20220329085605_0238_B.png,CE4_GRAS_PCAML-C-030_SCI_N_20230615043525_20230615043525_0296_B.png,0,1,997,601,1,1795,779,-1,0.1452
446,CE4_GRAS_PCAML-C-012_SCI_N_20220329085605_20220329085605_0238_B.png,CE4_GRAS_PCAML-C-030_SCI_N_20230615043525_20230615043525_0296_B.png,1,0,430,1134,1,1942,432,0,0.1452
446,CE4_GRAS_PCAML-C-012_SCI_N_20220329085605_20220329085605_0238_B.png,CE4_GRAS_PCAML-C-030_SCI_N_20230615043525_20230615043525_0296_B.png,2,1,1281,1465,0,1921,925,0,0.1452
447,CE4_GRAS_PCAML-C-001_SCI_N_20201218130702_20201218130702_0162_B.png,CE4_GRAS_PCAMR-C-004_SCI_N_20201211035213_20201211035213_0161_B.png,0,1,2079,1095,0,1942,547,-1,0.1274
447,CE4_GRAS_PCAML-C-001_SCI_N_20201218130702_20201218130702_0162_B.png,CE4_GRAS_PCAMR-C-004_SCI_N_20201211035213_20201211035213_0161_B.png,1,0,1207,293,0,798,555,0,0.1274
447,CE4_GRAS_PCAML-C-001_SCI_N_20201218130702_20201218130702_0162_B.png,CE4_GRAS_PCAMR-C-004_SCI_N_20201211035213_20201211035213_0161_B.png,2,0,1722,948,1,787,1164,0,0.1274
448,CE4_GRAS_PCAMR-C-000_SCI_N_20190429143722_20190429143722_0033_B.png,CE4_GRAS_PCAMR-C-011_SCI_N_20220329085420_20220329085420_0238_B.png,0,0,1071,655,1,2089,216,1,0.2695
448,CE4_GRAS_PCAMR-C-000_SCI_N_20190429143722_20190429143722_0033_B.png,CE4_GRAS_PCAMR-C-011_SCI_N_20220329085420_20220329085420_0238_B.png,1,1,399,324,1,997,833,0,0.2695
448,CE4_GRAS_PCAMR-C-000_SCI_N_20190429143722_20190429143722_0033_B.png,CE4_GRAS_PCAMR-C-011_SCI_N_20220329085420_20220329085420_0238_B.png,2,0,252,455,0,1029,1334,0,0.2695
449,CE4_GRAS_PCAML-C-000_SCI_N_20190228081519_20190228081519_0011_B.png,CE4_GRAS_PCAMR-C-007_SCI_N_20221127084902_20221127084902_0269_B.png,0,1,1585,293,0,1522,1195,1,0.1625
449,CE4_GRAS_PCAML-C-000_SCI_N_20190228081519_20190228081519_0011_B.png,CE4_GRAS_PCAMR-C-007_SCI_N_20221127084902_20221127084902_0269_B.png,1,0,798,617,1,1827,709,-1,0.1625
449,CE4_GRAS_PCAML-C-000_SCI_N_20190228081519_20190228081519_0011_B.png,CE4_GRAS_PCAMR-C-007_SCI_N_20221127084902_20221127084902_0269_B.png,2,1,693,594,1,567,1427,1,0.1625
450,CE4_GRAS_PCAML-C-002_SCI_N_20220922061351_20220922061351_0258_B.png,CE4_GRAS_PCAML-C-010_SCI_N_20200329100955_20200329100955_0124_B.png,0,0,1092,378,1,1480,1257,1,0.4157
450,CE4_GRAS_PCAML-C-002_SCI_N_20220922061351_20220922061351_0258_B.png,CE4_GRAS_PCAML-C-010_SCI_N_20200329100955_20200329100955_0124_B.png,1,1,1879,1296,1,2089,802,-1,0.4157
450,CE4_GRAS_PCAML-C-002_SCI_N_20220922061351_20220922061351_0258_B.png,CE4_GRAS_PCAML-C-010_SCI_N_20200329100955_20200329100955_0124_B.png,2,1,241,1033,1,1029,671,0,0.4157
451,CE4_GRAS_PCAML-C-049_SCI_N_20230417063130_20230417063130_0288_B.png,CE4_GRAS_PCAML-C-053_SCI_N_20230417063813_20230417063813_0288_B.png,0,1,640,941,1,451,447,0,0.2448
451,CE4_GRAS_PCAML-C-049_SCI_N_20230417063130_20230417063130_0288_B.png,CE4_GRAS_PCAML-C-053_SCI_N_20230417063813_20230417063813_0288_B.png,1,0,1638,385,0,483,1550,0,0.2448
451,CE4_GRAS_PCAML-C-049_SCI_N_20230417063130_20230417063130_0288_B.png,CE4_GRAS_PCAML-C-053_SCI_N_20230417063813_20230417063813_0288_B.png,2,0,409,756,1,1963,1527,-1,0.2448
452,CE4_GRAS_PCAML-C-000_SCI_N_20200130070406_20200130070406_0115_B.png,CE4_GRAS_PCAML-C-008_SCI_N_20200227113120_20200227113120_0121_B.png,0,0,535,401,0,598,1450,1,0.0946
452,CE4_GRAS_PCAML-C-000_SCI_N_20200130070406_20200130070406_0115_B.png,CE4_GRAS_PCAML-C-008_SCI_N_20200227113120_20200227113120_0121_B.png,1,0,2058,493,0,1512,1512,1,0.0946
452,CE4_GRAS_PCAML-C-000_SCI_N_20200130070406_20200130070406_0115_B.png,CE4_GRAS_PCAML-C-008_SCI_N_20200227113120_20200227113120_0121_B.png,2,0,1743,1234,0,1291,408,-1,0.0946
453,CE4_GRAS_PCAML-C-018_SCI_N_20190925034817_20190925034817_0076_B.png,CE4_GRAS_PCAMR-C-050_SCI_N_20230417063247_20230417063247_0288_B.png,0,1,1911,1334,1,2005,694,1,0.4135
453,CE4_GRAS_PCAML-C-018_SCI_N_20190925034817_20190925034817_0076_B.png,CE4_GRAS_PCAMR-C-050_SCI_N_20230417063247_20230417063247_0288_B.png,1,1,1701,177,1,714,478,1,0.4135
453,CE4_GRAS_PCAML-C-018_SCI_N_20190925034817_20190925034817_0076_B.png,CE4_GRAS_PCAMR-C-050_SCI_N_20230417063247_20230417063247_0288_B.png,2,1,504,879,1,2100,285,-1,0.4135
454,CE4_GRAS_PCAMR-C-003_SCI_N_20220106114232_20220106114232_0226_B.png,CE4_GRAS_PCAMR-C-020_SCI_N_20220106121325_20220106121325_0226_B.png,0,1,1848,192,0,1869,1373,-1,0.1085
454,CE4_GRAS_PCAMR-C-003_SCI_N_20220106114232_20220106114232_0226_B.png,CE4_GRAS_PCAMR-C-020_SCI_N_20220106121325_20220106121325_0226_B.png,1,0,1302,617,1,1921,1134,1,0.1085
454,CE4_GRAS_PCAMR-C-003_SCI_N_20220106114232_20220106114232_0226_B.png,CE4_GRAS_PCAMR-C-020_SCI_N_20220106121325_20220106121325_0226_B.png,2,0,388,756,1,1585,702,1,0.1085
455,CE4_GRAS_PCAMR-C-002_SCI_N_20230615033352_20230615033352_0296_B.png,CE4_GRAS_PCAMR-C-011_SCI_N_20201218132535_20201218132535_0162_B.png,0,1,1984,732,0,1260,987,1,0.2567
455,CE4_GRAS_PCAMR-C-002_SCI_N_20230615033352_20230615033352_0296_B.png,CE4_GRAS_PCAMR-C-011_SCI_N_20201218132535_20201218132535_0162_B.png,1,1,1680,1010,0,1753,902,-1,0.2567
455,CE4_GRAS_PCAMR-C-002_SCI_N_20230615033352_20230615033352_0296_B.png,CE4_GRAS_PCAMR-C-011_SCI_N_20201218132535_20201218132535_0162_B.png,2,1,619,1535,0,1638,1319,-1,0.2567
456,CE4_GRAS_PCAML-C-001_SCI_N_20190104041637_20190104041637_0001_B.png,CE4_GRAS_PCAML-C-028_SCI_N_20230417055528_20230417055528_0288_B.png,0,0,882,624,0,430,1504,1,0.2041
456,CE4_GRAS_PCAML-C-001_SCI_N_20190104041637_20190104041637_0001_B.png,CE4_GRAS_PCAML-C-028_SCI_N_20230417055528_20230417055528_0288_B.png,1,0,1302,316,0,1543,941,-1,0.2041
456,CE4_GRAS_PCAML-C-001_SCI_N_20190104041637_20190104041637_0001_B.png,CE4_GRAS_PCAML-C-028_SCI_N_20230417055528_20230417055528_0288_B.png,2,1,1722,617,1,1680,1303,0,0.2041
457,CE4_GRAS_PCAML-C-003_SCI_N_20210208064706_20210208064706_0173_B.png,CE4_GRAS_PCAML-C-004_SCI_N_20220604061520_20220604061520_0249_B.png,0,1,1449,393,0,1848,686,0,0.1664
457,CE4_GRAS_PCAML-C-003_SCI_N_20210208064706_20210208064706_0173_B.png,CE4_GRAS_PCAML-C-004_SCI_N_20220604061520_20220604061520_0249_B.png,1,1,1995,1411,0,1438,455,-1,0.1664
457,CE4_GRAS_PCAML-C-003_SCI_N_20210208064706_20210208064706_0173_B.png,CE4_GRAS_PCAML-C-004_SCI_N_20220604061520_20220604061520_0249_B.png,2,0,924,648,1,493,447,1,0.1664
458,CE4_GRAS_PCAMR-C-003_SCI_N_20210207090343_20210207090343_0172_B.png,CE4_GRAS_PCAMR-C-019_SCI_N_20221127092050_20221127092050_0269_B.png,0,0,283,532,1,1606,462,-1,0.2343
458,CE4_GRAS_PCAMR-C-003_SCI_N_20210207090343_20210207090343_0172_B.png,CE4_GRAS_PCAMR-C-019_SCI_N_20221127092050_20221127092050_0269_B.png,1,0,1102,192,1,1837,1072,1,0.2343
458,CE4_GRAS_PCAMR-C-003_SCI_N_20210207090343_20210207090343_0172_B.png,CE4_GRAS_PCAMR-C-019_SCI_N_20221127092050_20221127092050_0269_B.png,2,1,808,462,1,2005,856,1,0.2343
459,CE4_GRAS_PCAML-C-009_SCI_N_20190228082719_20190228082719_0011_B.png,CE4_GRAS_PCAMR-C-003_SCI_N_20190729012338_20190729012338_0050_B.png,0,1,441,640,1,945,1018,0,0.1950
459,CE4_GRAS_PCAML-C-009_SCI_N_20190228082719_20190228082719_0011_B.png,CE4_GRAS_PCAMR-C-003_SCI_N_20190729012338_20190729012338_0050_B.png,1,0,367,416,0,2037,1049,0,0.1950
459,CE4_GRAS_PCAML-C-009_SCI_N_20190228082719_20190228082719_0011_B.png,CE4_GRAS_PCAMR-C-003_SCI_N_20190729012338_20190729012338_0050_B.png,2,1,514,270,0,913,655,1,0.1950
460,CE4_GRAS_PCAML-C-000_SCI_N_20211229075454_20211229075454_0224_B.png,CE4_GRAS_PCAML-C-002_SCI_N_20220920064212_20220920064212_0256_B.png,0,0,934,516,1,1228,1473,-1,0.2525
460,CE4_GRAS_PCAML-C-000_SCI_N_20211229075454_20211229075454_0224_B.png,CE4_GRAS_PCAML-C-002_SCI_N_20220920064212_20220920064212_0256_B.png,1,1,1858,864,1,2079,1488,-1,0.2525
460,CE4_GRAS_PCAML-C-000_SCI_N_20211229075454_20211229075454_0224_B.png,CE4_GRAS_PCAML-C-002_SCI_N_20220920064212_20220920064212_0256_B.png,2,1,798,871,1,493,1388,-1,0.2525
461,CE4_GRAS_PCAML-C-026_SCI_N_20190925035857_20190925035857_0076_B.png,CE4_GRAS_PCAMR-C-032_SCI_N_20190925041747_20190925041747_0076_B.png,0,1,787,300,0,1554,354,-1,0.0433
461,CE4_GRAS_PCAML-C-026_SCI_N_20190925035857_20190925035857_0076_B.png,CE4_GRAS_PCAMR-C-032_SCI_N_20190925041747_20190925041747_0076_B.png,1,1,1396,1458,0,2026,246,-1,0.0433
461,CE4_GRAS_PCAML-C-026_SCI_N_20190925035857_20190925035857_0076_B.png,CE4_GRAS_PCAMR-C-032_SCI_N_20190925041747_20190925041747_0076_B.png,2,0,357,185,1,2068,1488,1,0.0433
462,CE4_GRAS_PCAML-C-002_SCI_N_20211230065358_20211230065358_0225_B.png,CE4_GRAS_PCAML-C-047_SCI_N_20230615050511_20230615050511_0296_B.png,0,0,483,871,1,1081,779,0,0.0915
462,CE4_GRAS_PCAML-C-002_SCI_N_20211230065358_20211230065358_0225_B.png,CE4_GRAS_PCAML-C-047_SCI_N_20230615050511_20230615050511_0296_B.png,1,1,630,432,1,2110,833,0,0.0915
462,CE4_GRAS_PCAML-C-002_SCI_N_20211230065358_20211230065358_0225_B.png,CE4_GRAS_PCAML-C-047_SCI_N_20230615050511_20230615050511_0296_B.png,2,1,787,1535,1,1743,316,0,0.0915
463,CE4_GRAS_PCAML-C-009_SCI_N_20201012044858_20201012044858_0148_B.png,CE4_GRAS_PCAML-C-046_SCI_N_20230417062652_20230417062652_0288_B.png,0,0,1522,270,0,714,532,1,0.2163
463,CE4_GRAS_PCAML-C-009_SCI_N_20201012044858_20201012044858_0148_B.png,CE4_GRAS_PCAML-C-046_SCI_N_20230417062652_20230417062652_0288_B.png,1,1,1764,1473,0,1270,1072,0,0.2163
463,CE4_GRAS_PCAML-C-009_SCI_N_20201012044858_20201012044858_0148_B.png,CE4_GRAS_PCAML-C-046_SCI_N_20230417062652_20230417062652_0288_B.png,2,1,945,192,1,1753,756,0,0.2163
464,CE4_GRAS_PCAMR-C-000_SCI_N_20190925031823_20190925031823_0076_B.png,CE4_GRAS_PCAMR-C-013_SCI_N_20200227114314_20200227114314_0121_B.png,0,1,1711,424,0,462,231,0,0.1568
464,CE4_GRAS_PCAMR-C-000_SCI_N_20190925031823_20190925031823_0076_B.png,CE4_GRAS_PCAMR-C-013_SCI_N_20200227114314_20200227114314_0121_B.png,1,0,1050,1134,1,913,185,0,0.1568
464,CE4_GRAS_PCAMR-C-000_SCI_N_20190925031823_20190925031823_0076_B.png,CE4_GRAS_PCAMR-C-013_SCI_N_20200227114314_20200227114314_0121_B.png,2,0,1785,1226,1,798,1427,0,0.1568
465,CE4_GRAS_PCAML-C-000_SCI_N_20220920063914_20220920063914_0256_B.png,CE4_GRAS_PCAMR-C-036_SCI_N_20190228093023_20190228093023_0011_B.png,0,1,1491,686,1,504,1542,0,0.0349
465,CE4_GRAS_PCAML-C-000_SCI_N_20220920063914_20220920063914_0256_B.png,CE4_GRAS_PCAMR-C-036_SCI_N_20190228093023_20190228093023_0011_B.png,1,1,966,540,0,1648,501,-1,0.0349
465,CE4_GRAS_PCAML-C-000_SCI_N_20220920063914_20220920063914_0256_B.png,CE4_GRAS_PCAMR-C-036_SCI_N_20190228093023_20190228093023_0011_B.png,2,1,525,547,0,1974,509,-1,0.0349
466,CE4_GRAS_PCAML-C-053_SCI_N_20190228100153_20190228100153_0011_B.png,CE4_GRAS_PCAMR-C-015_SCI_N_20220329090016_20220329090016_0238_B.png,0,0,850,192,1,1197,424,1,0.0321
466,CE4_GRAS_PCAML-C-053_SCI_N_20190228100153_20190228100153_0011_B.png,CE4_GRAS_PCAMR-C-015_SCI_N_20220329090016_20220329090016_0238_B.png,1,0,913,748,0,1155,293,1,0.0321
466,CE4_GRAS_PCAML-C-053_SCI_N_20190228100153_20190228100153_0011_B.png,CE4_GRAS_PCAMR-C-015_SCI_N_20220329090016_20220329090016_0238_B.png,2,1,1774,1419,1,850,231,1,0.0321
467,CE4_GRAS_PCAMR-C-000_SCI_N_20220527055154_20220527055154_0247_B.png,CE4_GRAS_PCAMR-C-001_SCI_N_20201211034746_20201211034746_0161_B.png,0,1,1092,1095,1,1312,663,-1,0.0850
467,CE4_GRAS_PCAMR-C-000_SCI_N_20220527055154_20220527055154_0247_B.png,CE4_GRAS_PCAMR-C-001_SCI_N_20201211034746_20201211034746_0161_B.png,1,1,1312,300,0,1648,918,-1,0.0850
467,CE4_GRAS_PCAMR-C-000_SCI_N_20220527055154_20220527055154_0247_B.png,CE4_GRAS_PCAMR-C-001_SCI_N_20201211034746_20201211034746_0161_B.png,2,0,1249,702,0,483,1049,1,0.0850
468,CE4_GRAS_PCAMR-C-003_SCI_N_20190708043951_20190708043951_0048_B.png,CE4_GRAS_PCAMR-C-004_SCI_N_20190729012457_20190729012457_0050_B.png,0,1,546,1427,1,1417,192,0,0.4633
468,CE4_GRAS_PCAMR-C-003_SCI_N_20190708043951_20190708043951_0048_B.png,CE4_GRAS_PCAMR-C-004_SCI_N_20190729012457_20190729012457_0050_B.png,1,1,724,501,0,1869,709,0,0.4633
468,CE4_GRAS_PCAMR-C-003_SCI_N_20190708043951_20190708043951_0048_B.png,CE4_GRAS_PCAMR-C-004_SCI_N_20190729012457_20190729012457_0050_B.png,2,0,787,1296,1,1480,655,-1,0.4633
469,CE4_GRAS_PCAML-C-005_SCI_N_20210208065429_20210208065429_0173_B.png,CE4_GRAS_PCAMR-C-000_SCI_N_20201211034617_20201211034617_0161_B.png,0,1,1428,1527,1,1753,378,0,0.1975
469,CE4_GRAS_PCAML-C-005_SCI_N_20210208065429_20210208065429_0173_B.png,CE4_GRAS_PCAMR-C-000_SCI_N_20201211034617_20201211034617_0161_B.png,1,1,1480,732,1,1722,1434,-1,0.1975
469,CE4_GRAS_PCAML-C-005_SCI_N_20210208065429_20210208065429_0173_B.png,CE4_GRAS_PCAMR-C-000_SCI_N_20201211034617_20201211034617_0161_B.png,2,1,703,1049,0,2058,339,0,0.1975
470,CE4_GRAS_PCAML-C-004_SCI_N_20190905072528_20190905072528_0067_B.png,CE4_GRAS_PCAMR-C-015_SCI_N_20190925034401_20190925034401_0076_B.png,0,0,745,1357,1,1648,987,0,0.0239
470,CE4_GRAS_PCAML-C-004_SCI_N_20190905072528_20190905072528_0067_B.png,CE4_GRAS_PCAMR-C-015_SCI_N_20190925034401_20190925034401_0076_B.png,1,0,325,1380,1,294,308,0,0.0239
470,CE4_GRAS_PCAML-C-004_SCI_N_20190905072528_20190905072528_0067_B.png,CE4_GRAS_PCAMR-C-015_SCI_N_20190925034401_20190925034401_0076_B.png,2,0,1302,1087,1,378,933,0,0.0239
471,CE4_GRAS_PCAMR-C-003_SCI_N_20220328090020_20220328090020_0237_B.png,CE4_GRAS_PCAMR-C-042_SCI_N_20230615045730_20230615045730_0296_B.png,0,0,1921,825,1,882,1488,0,0.2852
471,CE4_GRAS_PCAMR-C-003_SCI_N_20220328090020_20220328090020_0237_B.png,CE4_GRAS_PCAMR-C-042_SCI_N_20230615045730_20230615045730_0296_B.png,1,1,1239,1388,0,1753,1280,0,0.2852
471,CE4_GRAS_PCAMR-C-003_SCI_N_20220328090020_20220328090020_0237_B.png,CE4_GRAS_PCAMR-C-042_SCI_N_20230615045730_20230615045730_0296_B.png,2,1,1438,1149,0,819,1087,0,0.2852
472,CE4_GRAS_PCAMR-C-002_SCI_N_20221127084019_20221127084019_0269_B.png,CE4_GRAS_PCAMR-C-031_SCI_N_20230615043639_20230615043639_0296_B.png,0,1,2016,871,0,1039,1342,0,0.1096
472,CE4_GRAS_PCAMR-C-002_SCI_N_20221127084019_20221127084019_0269_B.png,CE4_GRAS_PCAMR-C-031_SCI_N_20230615043639_20230615043639_0296_B.png,1,0,1176,370,0,955,578,0,0.1096
472,CE4_GRAS_PCAMR-C-002_SCI_N_20221127084019_20221127084019_0269_B.png,CE4_GRAS_PCAMR-C-031_SCI_N_20230615043639_20230615043639_0296_B.png,2,0,231,1303,0,2016,277,-1,0.1096
473,CE4_GRAS_PCAML-C-001_SCI_N_20201012043323_20201012043323_0148_B.png,CE4_GRAS_PCAMR-C-010_SCI_N_20200227113847_20200227113847_0121_B.png,0,0,2005,354,0,987,1365,-1,0.2285
473,CE4_GRAS_PCAML-C-001_SCI_N_20201012043323_20201012043323_0148_B.png,CE4_GRAS_PCAMR-C-010_SCI_N_20200227113847_20200227113847_0121_B.png,1,1,1197,570,1,1029,956,0,0.2285
473,CE4_GRAS_PCAML-C-001_SCI_N_20201012043323_20201012043323_0148_B.png,CE4_GRAS_PCAMR-C-010_SCI_N_20200227113847_20200227113847_0121_B.png,2,0,945,1064,0,1743,740,0,0.2285
474,CE4_GRAS_PCAMR-C-024_SCI_N_20190925035601_20190925035601_0076_B.png,CE4_GRAS_PCAMR-C-051_SCI_N_20230615051051_20230615051051_0296_B.png,0,0,1942,231,1,420,1141,1,0.3616
474,CE4_GRAS_PCAMR-C-024_SCI_N_20190925035601_20190925035601_0076_B.png,CE4_GRAS_PCAMR-C-051_SCI_N_20230615051051_20230615051051_0296_B.png,1,0,535,439,1,1911,1411,0,0.3616
474,CE4_GRAS_PCAMR-C-024_SCI_N_20190925035601_20190925035601_0076_B.png,CE4_GRAS_PCAMR-C-051_SCI_N_20230615051051_20230615051051_0296_B.png,2,0,882,609,1,1386,1164,0,0.3616
475,CE4_GRAS_PCAML-C-000_SCI_N_20210811100042_20210811100042_0203_B.png,CE4_GRAS_PCAMR-C-013_SCI_N_20211030022440_20211030022440_0215_B.png,0,1,1449,1496,1,735,1080,0,0.1552
475,CE4_GRAS_PCAML-C-000_SCI_N_20210811100042_20210811100042_0203_B.png,CE4_GRAS_PCAMR-C-013_SCI_N_20211030022440_20211030022440_0215_B.png,1,1,882,864,0,388,1141,0,0.1552
475,CE4_GRAS_PCAML-C-000_SCI_N_20210811100042_20210811100042_0203_B.png,CE4_GRAS_PCAMR-C-013_SCI_N_20211030022440_20211030022440_0215_B.png,2,1,1617,246,1,1911,1103,0,0.1552
476,CE4_GRAS_PCAML-C-008_SCI_N_20201012044729_20201012044729_0148_B.png,CE4_GRAS_PCAMR-C-000_SCI_N_20211230065044_20211230065044_0225_B.png,0,0,934,817,1,1764,493,-1,0.0711
476,CE4_GRAS_PCAML-C-008_SCI_N_20201012044729_20201012044729_0148_B.png,CE4_GRAS_PCAMR-C-000_SCI_N_20211230065044_20211230065044_0225_B.png,1,0,903,1172,1,1281,771,-1,0.0711
476,CE4_GRAS_PCAML-C-008_SCI_N_20201012044729_20201012044729_0148_B.png,CE4_GRAS_PCAMR-C-000_SCI_N_20211230065044_20211230065044_0225_B.png,2,0,1827,748,1,409,501,-1,0.0711
477,CE4_GRAS_PCAMR-C-001_SCI_N_20220107131030_20220107131030_0227_B.png,CE4_GRAS_PCAMR-C-055_SCI_N_20230417064106_20230417064106_0288_B.png,0,0,483,1056,0,682,401,-1,0.1979
477,CE4_GRAS_PCAMR-C-001_SCI_N_20220107131030_20220107131030_0227_B.png,CE4_GRAS_PCAMR-C-055_SCI_N_20230417064106_20230417064106_0288_B.png,1,0,1207,1404,0,1480,293,-1,0.1979
477,CE4_GRAS_PCAMR-C-001_SCI_N_20220107131030_20220107131030_0227_B.png,CE4_GRAS_PCAMR-C-055_SCI_N_20230417064106_20230417064106_0288_B.png,2,0,693,1404,0,1974,516,-1,0.1979
478,CE4_GRAS_PCAML-C-001_SCI_N_20220930060349_20220930060349_0260_B.png,CE4_GRAS_PCAMR-C-022_SCI_N_20220106121623_20220106121623_0226_B.png,0,0,745,532,1,1291,1110,1,0.1680
478,CE4_GRAS_PCAML-C-001_SCI_N_20220930060349_20220930060349_0260_B.png,CE4_GRAS_PCAMR-C-022_SCI_N_20220106121623_20220106121623_0226_B.png,1,0,1879,1087,0,997,393,-1,0.1680
478,CE4_GRAS_PCAML-C-001_SCI_N_20220930060349_20220930060349_0260_B.png,CE4_GRAS_PCAMR-C-022_SCI_N_20220106121623_20220106121623_0226_B.png,2,1,1669,640,0,1428,1064,0,0.1680
479,CE4_GRAS_PCAMR-C-003_SCI_N_20220604061335_20220604061335_0249_B.png,CE4_GRAS_PCAMR-C-005_SCI_N_20190429144357_20190429144357_0033_B.png,0,0,430,1373,1,756,786,1,0.2558
479,CE4_GRAS_PCAMR-C-003_SCI_N_20220604061335_20220604061335_0249_B.png,CE4_GRAS_PCAMR-C-005_SCI_N_20190429144357_20190429144357_0033_B.png,1,1,1564,1411,0,1617,1010,0,0.2558
479,CE4_GRAS_PCAMR-C-003_SCI_N_20220604061335_20220604061335_0249_B.png,CE4_GRAS_PCAMR-C-005_SCI_N_20190429144357_20190429144357_0033_B.png,2,1,724,308,1,1459,856,0,0.2558
480,CE4_GRAS_PCAMR-C-004_SCI_N_20190925032343_20190925032343_0076_B.png,CE4_GRAS_PCAMR-C-005_SCI_N_20220831073012_20220831073012_0255_B.png,0,0,756,1195,0,1375,1419,0,0.0900
480,CE4_GRAS_PCAMR-C-004_SCI_N_20190925032343_20190925032343_0076_B.png,CE4_GRAS_PCAMR-C-005_SCI_N_20220831073012_20220831073012_0255_B.png,1,0,1963,933,1,1407,601,-1,0.0900
480,CE4_GRAS_PCAMR-C-004_SCI_N_20190925032343_20190925032343_0076_B.png,CE4_GRAS_PCAMR-C-005_SCI_N_20220831073012_20220831073012_0255_B.png,2,1,745,686,1,1480,1249,1,0.0900
481,CE4_GRAS_PCAML-C-011_SCI_N_20220527060922_20220527060922_0247_B.png,CE4_GRAS_PCAMR-C-002_SCI_N_20211229075736_20211229075736_0224_B.png,0,0,1953,293,1,945,941,-1,0.2062
481,CE4_GRAS_PCAML-C-011_SCI_N_20220527060922_20220527060922_0247_B.png,CE4_GRAS_PCAMR-C-002_SCI_N_20211229075736_20211229075736_0224_B.png,1,0,1564,910,1,1575,709,0,0.2062
481,CE4_GRAS_PCAML-C-011_SCI_N_20220527060922_20220527060922_0247_B.png,CE4_GRAS_PCAMR-C-002_SCI_N_20211229075736_20211229075736_0224_B.png,2,1,1606,254,1,1417,1002,1,0.2062
482,CE4_GRAS_PCAML-C-020_SCI_N_20220106121341_20220106121341_0226_B.png,CE4_GRAS_PCAMR-C-000_SCI_N_20220930060204_20220930060204_0260_B.png,0,0,462,169,1,325,956,-1,0.1949
482,CE4_GRAS_PCAML-C-020_SCI_N_20220106121341_20220106121341_0226_B.png,CE4_GRAS_PCAMR-C-000_SCI_N_20220930060204_20220930060204_0260_B.png,1,0,2047,648,1,1470,547,-1,0.1949
482,CE4_GRAS_PCAML-C-020_SCI_N_20220106121341_20220106121341_0226_B.png,CE4_GRAS_PCAMR-C-000_SCI_N_20220930060204_20220930060204_0260_B.png,2,0,1522,732,0,1785,918,1,0.1949
483,CE4_GRAS_PCAML-C-003_SCI_N_20220128100223_20220128100223_0230_B.png,CE4_GRAS_PCAML-C-047_SCI_N_20220106135735_20220106135735_0226_B.png,0,1,1281,501,0,1984,1010,1,0.1585
483,CE4_GRAS_PCAML-C-003_SCI_N_20220128100223_20220128100223_0230_B.png,CE4_GRAS_PCAML-C-047_SCI_N_20220106135735_20220106135735_0226_B.png,1,1,1911,894,0,1218,1373,0,0.1585
483,CE4_GRAS_PCAML-C-003_SCI_N_20220128100223_20220128100223_0230_B.png,CE4_GRAS_PCAML-C-047_SCI_N_20220106135735_20220106135735_0226_B.png,2,0,556,262,1,1743,1450,1,0.1585
484,CE4_GRAS_PCAMR-C-023_SCI_N_20230615041526_20230615041526_0296_B.png,CE4_GRAS_PCAMR-C-039_SCI_N_20220106124147_20220106124147_0226_B.png,0,0,976,1149,1,945,1211,-1,0.1650
484,CE4_GRAS_PCAMR-C-023_SCI_N_20230615041526_20230615041526_0296_B.png,CE4_GRAS_PCAMR-C-039_SCI_N_20220106124147_20220106124147_0226_B.png,1,1,882,1450,0,1837,1334,1,0.1650
484,CE4_GRAS_PCAMR-C-023_SCI_N_20230615041526_20230615041526_0296_B.png,CE4_GRAS_PCAMR-C-039_SCI_N_20220106124147_20220106124147_0226_B.png,2,0,1911,594,0,1165,192,0,0.1650
485,CE4_GRAS_PCAML-C-012_SCI_N_20200227114201_20200227114201_0121_B.png,CE4_GRAS_PCAMR-C-014_SCI_N_20190228084219_20190228084219_0011_B.png,0,0,462,462,0,1449,609,0,0.1712
485,CE4_GRAS_PCAML-C-012_SCI_N_20200227114201_20200227114201_0121_B.png,CE4_GRAS_PCAMR-C-014_SCI_N_20190228084219_20190228084219_0011_B.png,1,0,1501,1311,1,1680,192,-1,0.1712
485,CE4_GRAS_PCAML-C-012_SCI_N_20200227114201_20200227114201_0121_B.png,CE4_GRAS_PCAMR-C-014_SCI_N_20190228084219_20190228084219_0011_B.png,2,1,1753,1280,0,630,663,0,0.1712
486,CE4_GRAS_PCAML-C-051_SCI_N_20190925045257_20190925045257_0076_B.png,CE4_GRAS_PCAMR-C-002_SCI_N_20201218130815_20201218130815_0162_B.png,0,0,1470,1326,0,703,1311,0,0.3245
486,CE4_GRAS_PCAML-C-051_SCI_N_20190925045257_20190925045257_0076_B.png,CE4_GRAS_PCAMR-C-002_SCI_N_20201218130815_20201218130815_0162_B.png,1,0,2068,192,0,1543,447,0,0.3245
486,CE4_GRAS_PCAML-C-051_SCI_N_20190925045257_20190925045257_0076_B.png,CE4_GRAS_PCAMR-C-002_SCI_N_20201218130815_20201218130815_0162_B.png,2,0,1743,1465,1,1071,439,-1,0.3245
487,CE4_GRAS_PCAML-C-013_SCI_N_20230417052235_20230417052235_0288_B.png,CE4_GRAS_PCAMR-C-001_SCI_N_20200428093047_20200428093047_0128_B.png,0,1,808,848,0,1617,655,1,0.3429
487,CE4_GRAS_PCAML-C-013_SCI_N_20230417052235_20230417052235_0288_B.png,CE4_GRAS_PCAMR-C-001_SCI_N_20200428093047_20200428093047_0128_B.png,1,1,913,563,0,399,324,0,0.3429
487,CE4_GRAS_PCAML-C-013_SCI_N_20230417052235_20230417052235_0288_B.png,CE4_GRAS_PCAMR-C-001_SCI_N_20200428093047_20200428093047_0128_B.png,2,1,1092,254,1,1113,1056,-1,0.3429
488,CE4_GRAS_PCAMR-C-000_SCI_N_20190708043342_20190708043342_0048_B.png,CE4_GRAS_PCAMR-C-008_SCI_N_20220831073511_20220831073511_0255_B.png,0,1,976,609,0,1617,192,-1,0.4762
488,CE4_GRAS_PCAMR-C-000_SCI_N_20190708043342_20190708043342_0048_B.png,CE4_GRAS_PCAMR-C-008_SCI_N_20220831073511_20220831073511_0255_B.png,1,1,1953,1388,1,556,1226,-1,0.4762
488,CE4_GRAS_PCAMR-C-000_SCI_N_20190708043342_20190708043342_0048_B.png,CE4_GRAS_PCAMR-C-008_SCI_N_20220831073511_20220831073511_0255_B.png,2,1,1281,1080,0,1806,902,1,0.4762
489,CE4_GRAS_PCAML-C-003_SCI_N_20190806114022_20190806114022_0053_B.png,CE4_GRAS_PCAMR-C-004_SCI_N_20210117043911_20210117043911_0166_B.png,0,1,945,185,1,577,1272,0,0.0828
489,CE4_GRAS_PCAML-C-003_SCI_N_20190806114022_20190806114022_0053_B.png,CE4_GRAS_PCAMR-C-004_SCI_N_20210117043911_20210117043911_0166_B.png,1,0,2068,1103,0,1365,1087,0,0.0828
489,CE4_GRAS_PCAML-C-003_SCI_N_20190806114022_20190806114022_0053_B.png,CE4_GRAS_PCAMR-C-004_SCI_N_20210117043911_20210117043911_0166_B.png,2,1,430,756,0,850,262,0,0.0828
490,CE4_GRAS_PCAML-C-038_SCI_N_20230417061143_20230417061143_0288_B.png,CE4_GRAS_PCAMR-C-025_SCI_N_20190228085659_20190228085659_0011_B.png,0,0,1365,995,1,1459,200,-1,0.3310
490,CE4_GRAS_PCAML-C-038_SCI_N_20230417061143_20230417061143_0288_B.png,CE4_GRAS_PCAMR-C-025_SCI_N_20190228085659_20190228085659_0011_B.png,1,0,462,516,1,903,1296,-1,0.3310
490,CE4_GRAS_PCAML-C-038_SCI_N_20230417061143_20230417061143_0288_B.png,CE4_GRAS_PCAMR-C-025_SCI_N_20190228085659_20190228085659_0011_B.png,2,0,1554,1388,1,735,393,0,0.3310
491,CE4_GRAS_PCAML-C-019_SCI_N_20190228084915_20190228084915_0011_B.png,CE4_GRAS_PCAMR-C-010_SCI_N_20220930062106_20220930062106_0260_B.png,0,0,945,925,0,1848,300,0,0.0668
491,CE4_GRAS_PCAML-C-019_SCI_N_20190228084915_20190228084915_0011_B.png,CE4_GRAS_PCAMR-C-010_SCI_N_20220930062106_20220930062106_0260_B.png,1,0,1879,1126,1,598,1535,1,0.0668
491,CE4_GRAS_PCAML-C-019_SCI_N_20190228084915_20190228084915_0011_B.png,CE4_GRAS_PCAMR-C-010_SCI_N_20220930062106_20220930062106_0260_B.png,2,0,1375,1134,1,1722,771,1,0.0668
492,CE4_GRAS_PCAML-C-001_SCI_N_20200320091807_20200320091807_0123_B.png,CE4_GRAS_PCAMR-C-053_SCI_N_20190925045522_20190925045522_0076_B.png,0,0,252,887,1,1512,1357,1,0.1617
492,CE4_GRAS_PCAML-C-001_SCI_N_20200320091807_20200320091807_0123_B.png,CE4_GRAS_PCAMR-C-053_SCI_N_20190925045522_20190925045522_0076_B.png,1,0,1963,871,1,997,1249,1,0.1617
492,CE4_GRAS_PCAML-C-001_SCI_N_20200320091807_20200320091807_0123_B.png,CE4_GRAS_PCAMR-C-053_SCI_N_20190925045522_20190925045522_0076_B.png,2,0,840,1234,1,241,1334,0,0.1617
493,CE4_GRAS_PCAMR-C-002_SCI_N_20211010054310_20211010054310_0213_B.png,CE4_GRAS_PCAMR-C-012_SCI_N_20211010060126_20211010060126_0213_B.png,0,0,535,810,1,1690,1542,1,0.1413
493,CE4_GRAS_PCAMR-C-002_SCI_N_20211010054310_20211010054310_0213_B.png,CE4_GRAS_PCAMR-C-012_SCI_N_20211010060126_20211010060126_0213_B.png,1,1,1071,1535,1,1848,948,-1,0.1413
493,CE4_GRAS_PCAMR-C-002_SCI_N_20211010054310_20211010054310_0213_B.png,CE4_GRAS_PCAMR-C-012_SCI_N_20211010060126_20211010060126_0213_B.png,2,1,976,339,0,1050,324,-1,0.1413
494,CE4_GRAS_PCAML-C-002_SCI_N_20220527055508_20220527055508_0247_B.png,CE4_GRAS_PCAMR-C-030_SCI_N_20220106122826_20220106122826_0226_B.png,0,1,1690,709,1,283,748,0,0.4713
494,CE4_GRAS_PCAML-C-002_SCI_N_20220527055508_20220527055508_0247_B.png,CE4_GRAS_PCAMR-C-030_SCI_N_20220106122826_20220106122826_0226_B.png,1,1,1186,1419,0,1911,856,-1,0.4713
494,CE4_GRAS_PCAML-C-002_SCI_N_20220527055508_20220527055508_0247_B.png,CE4_GRAS_PCAMR-C-030_SCI_N_20220106122826_20220106122826_0226_B.png,2,0,1144,1095,0,1302,1342,1,0.4713
495,CE4_GRAS_PCAML-C-000_SCI_N_20220329083803_20220329083803_0238_B.png,CE4_GRAS_PCAMR-C-002_SCI_N_20220920064156_20220920064156_0256_B.png,0,0,1165,748,0,609,748,1,0.2615
495,CE4_GRAS_PCAML-C-000_SCI_N_20220329083803_20220329083803_0238_B.png,CE4_GRAS_PCAMR-C-002_SCI_N_20220920064156_20220920064156_0256_B.png,1,0,1312,177,0,2079,771,0,0.2615
495,CE4_GRAS_PCAML-C-000_SCI_N_20220329083803_20220329083803_0238_B.png,CE4_GRAS_PCAMR-C-002_SCI_N_20220920064156_20220920064156_0256_B.png,2,1,1281,1041,1,2110,455,-1,0.2615
496,CE4_GRAS_PCAML-C-007_SCI_N_20220930061655_20220930061655_0260_B.png,CE4_GRAS_PCAMR-C-045_SCI_N_20230615050157_20230615050157_0296_B.png,0,1,1428,1450,1,1816,246,-1,0.5012
496,CE4_GRAS_PCAML-C-007_SCI_N_20220930061655_20220930061655_0260_B.png,CE4_GRAS_PCAMR-C-045_SCI_N_20230615050157_20230615050157_0296_B.png,1,1,567,246,1,1921,1473,1,0.5012
496,CE4_GRAS_PCAML-C-007_SCI_N_20220930061655_20220930061655_0260_B.png,CE4_GRAS_PCAMR-C-045_SCI_N_20230615050157_20230615050157_0296_B.png,2,1,2079,740,0,1795,354,1,0.5012
497,CE4_GRAS_PCAML-C-008_SCI_N_20221127085047_20221127085047_0269_B.png,CE4_GRAS_PCAMR-C-004_SCI_N_20190806114135_20190806114135_0053_B.png,0,0,2016,864,1,1218,1242,1,0.1159
497,CE4_GRAS_PCAML-C-008_SCI_N_20221127085047_20221127085047_0269_B.png,CE4_GRAS_PCAMR-C-004_SCI_N_20190806114135_20190806114135_0053_B.png,1,1,1396,509,1,714,1496,1,0.1159
497,CE4_GRAS_PCAML-C-008_SCI_N_20221127085047_20221127085047_0269_B.png,CE4_GRAS_PCAMR-C-004_SCI_N_20190806114135_20190806114135_0053_B.png,2,1,567,918,1,1459,1458,1,0.1159
498,CE4_GRAS_PCAML-C-000_SCI_N_20190708043358_20190708043358_0048_B.png,CE4_GRAS_PCAML-C-042_SCI_N_20190228094713_20190228094713_0011_B.png,0,0,1974,246,1,1659,1481,1,0.3114
498,CE4_GRAS_PCAML-C-000_SCI_N_20190708043358_20190708043358_0048_B.png,CE4_GRAS_PCAML-C-042_SCI_N_20190228094713_20190228094713_0011_B.png,1,0,472,547,1,756,1473,0,0.3114
498,CE4_GRAS_PCAML-C-000_SCI_N_20190708043358_20190708043358_0048_B.png,CE4_GRAS_PCAML-C-042_SCI_N_20190228094713_20190228094713_0011_B.png,2,0,672,324,0,336,1203,1,0.3114
499,CE4_GRAS_PCAML-C-008_SCI_N_20200329051935_20200329051935_0124_B.png,CE4_GRAS_PCAMR-C-040_SCI_N_20220106134310_20220106134310_0226_B.png,0,0,2089,1465,0,2068,794,0,0.3444
499,CE4_GRAS_PCAML-C-008_SCI_N_20200329051935_20200329051935_0124_B.png,CE4_GRAS_PCAMR-C-040_SCI_N_20220106134310_20220106134310_0226_B.png,1,1,1449,1087,1,924,1103,0,0.3444
499,CE4_GRAS_PCAML-C-008_SCI_N_20200329051935_20200329051935_0124_B.png,CE4_GRAS_PCAMR-C-040_SCI_N_20220106134310_20220106134310_0226_B.png,2,1,252,370,0,1533,1164,0,0.3444
500,CE4_GRAS_PCAML-C-005_SCI_N_20220128100521_20220128100521_0230_B.png,CE4_GRAS_PCAMR-C-001_SCI_N_20220831072416_20220831072416_0255_B.png,0,1,1365,1396,1,1869,1126,0,0.3078
500,CE4_GRAS_PCAML-C-005_SCI_N_20220128100521_20220128100521_0230_B.png,CE4_GRAS_PCAMR-C-001_SCI_N_20220831072416_20220831072416_0255_B.png,1,1,1690,1334,1,2100,887,-1,0.3078
500,CE4_GRAS_PCAML-C-005_SCI_N_20220128100521_20220128100521_0230_B.png,CE4_GRAS_PCAMR-C-001_SCI_N_20220831072416_20220831072416_0255_B.png,2,0,1722,316,0,357,1080,0,0.3078
501,CE4_GRAS_PCAML-C-018_SCI_N_20211010061036_20211010061036_0213_B.png,CE4_GRAS_PCAML-C-043_SCI_N_20230417062215_20230417062215_0288_B.png,0,0,535,1550,1,577,1056,0,0.2609
501,CE4_GRAS_PCAML-C-018_SCI_N_20211010061036_20211010061036_0213_B.png,CE4_GRAS_PCAML-C-043_SCI_N_20230417062215_20230417062215_0288_B.png,1,0,1648,1249,0,693,871,1,0.2609
501,CE4_GRAS_PCAML-C-018_SCI_N_20211010061036_20211010061036_0213_B.png,CE4_GRAS_PCAML-C-043_SCI_N_20230417062215_20230417062215_0288_B.png,2,0,966,1103,1,651,424,0,0.2609
502,CE4_GRAS_PCAMR-C-000_SCI_N_20201218130517_20201218130517_0162_B.png,CE4_GRAS_PCAMR-C-028_SCI_N_20230615043212_20230615043212_0296_B.png,0,0,2100,1010,1,1029,1141,1,0.0385
502,CE4_GRAS_PCAMR-C-000_SCI_N_20201218130517_20201218130517_0162_B.png,CE4_GRAS_PCAMR-C-028_SCI_N_20230615043212_20230615043212_0296_B.png,1,0,556,825,1,420,1203,0,0.0385
502,CE4_GRAS_PCAMR-C-000_SCI_N_20201218130517_20201218130517_0162_B.png,CE4_GRAS_PCAMR-C-028_SCI_N_20230615043212_20230615043212_0296_B.png,2,0,1743,1465,1,1711,462,0,0.0385
503,CE4_GRAS_PCAML-C-025_SCI_N_20230417054701_20230417054701_0288_B.png,CE4_GRAS_PCAMR-C-002_SCI_N_20200227112210_20200227112210_0121_B.png,0,0,1711,300,1,640,1203,0,0.1235
503,CE4_GRAS_PCAML-C-025_SCI_N_20230417054701_20230417054701_0288_B.png,CE4_GRAS_PCAMR-C-002_SCI_N_20200227112210_20200227112210_0121_B.png,1,1,1270,285,0,1249,362,1,0.1235
503,CE4_GRAS_PCAML-C-025_SCI_N_20230417054701_20230417054701_0288_B.png,CE4_GRAS_PCAMR-C-002_SCI_N_20200227112210_20200227112210_0121_B.png,2,1,955,177,0,1512,1411,0,0.1235
504,CE4_GRAS_PCAML-C-004_SCI_N_20191221121432_20191221121432_0099_B.png,CE4_GRAS_PCAML-C-016_SCI_N_20211030022923_20211030022923_0215_B.png,0,0,1417,725,0,2037,1357,0,0.1267
504,CE4_GRAS_PCAML-C-004_SCI_N_20191221121432_20191221121432_0099_B.png,CE4_GRAS_PCAML-C-016_SCI_N_20211030022923_20211030022923_0215_B.png,1,0,1155,1550,1,882,1118,0,0.1267
504,CE4_GRAS_PCAML-C-004_SCI_N_20191221121432_20191221121432_0099_B.png,CE4_GRAS_PCAML-C-016_SCI_N_20211030022923_20211030022923_0215_B.png,2,1,829,1473,0,2068,354,0,0.1267
505,CE4_GRAS_PCAMR-C-001_SCI_N_20200426131112_20200426131112_0127_B.png,CE4_GRAS_PCAMR-C-012_SCI_N_20220930062404_20220930062404_0260_B.png,0,1,357,509,0,840,455,-1,0.3023
505,CE4_GRAS_PCAMR-C-001_SCI_N_20200426131112_20200426131112_0127_B.png,CE4_GRAS_PCAMR-C-012_SCI_N_20220930062404_20220930062404_0260_B.png,1,0,462,424,1,441,223,1,0.3023
505,CE4_GRAS_PCAMR-C-001_SCI_N_20200426131112_20200426131112_0127_B.png,CE4_GRAS_PCAMR-C-012_SCI_N_20220930062404_20220930062404_0260_B.png,2,0,1858,1458,1,1564,825,-1,0.3023
506,CE4_GRAS_PCAMR-C-000_SCI_N_20200329050212_20200329050212_0124_B.png,CE4_GRAS_PCAMR-C-054_SCI_N_20190925045642_20190925045642_0076_B.png,0,0,1386,208,0,315,833,0,0.1038
506,CE4_GRAS_PCAMR-C-000_SCI_N_20200329050212_20200329050212_0124_B.png,CE4_GRAS_PCAMR-C-054_SCI_N_20190925045642_20190925045642_0076_B.png,1,1,1207,231,1,1564,1087,1,0.1038
506,CE4_GRAS_PCAMR-C-000_SCI_N_20200329050212_20200329050212_0124_B.png,CE4_GRAS_PCAMR-C-054_SCI_N_20190925045642_20190925045642_0076_B.png,2,0,1953,1512,0,1837,316,0,0.1038
507,CE4_GRAS_PCAML-C-004_SCI_N_20190104042555_20190104042555_0001_B.png,CE4_GRAS_PCAMR-C-000_SCI_N_20200131074231_20200131074231_0118_B.png,0,0,724,663,0,1123,1195,1,0.1269
507,CE4_GRAS_PCAML-C-004_SCI_N_20190104042555_20190104042555_0001_B.png,CE4_GRAS_PCAMR-C-000_SCI_N_20200131074231_20200131074231_0118_B.png,1,0,1543,979,0,987,964,-1,0.1269
507,CE4_GRAS_PCAML-C-004_SCI_N_20190104042555_20190104042555_0001_B.png,CE4_GRAS_PCAMR-C-000_SCI_N_20200131074231_20200131074231_0118_B.png,2,0,1827,663,0,273,1226,1,0.1269
508,CE4_GRAS_PCAML-C-022_SCI_N_20230615041413_20230615041413_0296_B.png,CE4_GRAS_PCAMR-C-002_SCI_N_20220329084046_20220329084046_0238_B.png,0,0,1953,1434,1,1953,717,-1,0.1092
508,CE4_GRAS_PCAML-C-022_SCI_N_20230615041413_20230615041413_0296_B.png,CE4_GRAS_PCAMR-C-002_SCI_N_20220329084046_20220329084046_0238_B.png,1,1,493,910,0,1050,254,-1,0.1092
508,CE4_GRAS_PCAML-C-022_SCI_N_20230615041413_20230615041413_0296_B.png,CE4_GRAS_PCAMR-C-002_SCI_N_20220329084046_20220329084046_0238_B.png,2,1,1522,501,1,1438,1257,1,0.1092
509,CE4_GRAS_PCAMR-C-003_SCI_N_20220920064325_20220920064325_0256_B.png,CE4_GRAS_PCAMR-C-006_SCI_N_20230615033948_20230615033948_0296_B.png,0,1,1302,910,0,525,1342,-1,0.1435
509,CE4_GRAS_PCAMR-C-003_SCI_N_20220920064325_20220920064325_0256_B.png,CE4_GRAS_PCAMR-C-006_SCI_N_20230615033948_20230615033948_0296_B.png,1,0,630,871,1,1155,216,-1,0.1435
509,CE4_GRAS_PCAMR-C-003_SCI_N_20220920064325_20220920064325_0256_B.png,CE4_GRAS_PCAMR-C-006_SCI_N_20230615033948_20230615033948_0296_B.png,2,0,1575,277,1,1827,972,1,0.1435
510,CE4_GRAS_PCAML-C-002_SCI_N_20220107131246_20220107131246_0227_B.png,CE4_GRAS_PCAML-C-014_SCI_N_20211030022625_20211030022625_0215_B.png,0,0,1774,192,1,1711,1404,1,0.3405
510,CE4_GRAS_PCAML-C-002_SCI_N_20220107131246_20220107131246_0227_B.png,CE4_GRAS_PCAML-C-014_SCI_N_20211030022625_20211030022625_0215_B.png,1,0,1785,1419,1,1690,825,0,0.3405
510,CE4_GRAS_PCAML-C-002_SCI_N_20220107131246_20220107131246_0227_B.png,CE4_GRAS_PCAML-C-014_SCI_N_20211030022625_20211030022625_0215_B.png,2,0,1008,1504,1,913,563,0,0.3405
511,CE4_GRAS_PCAMR-C-004_SCI_N_20190827094820_20190827094820_0060_B.png,CE4_GRAS_PCAMR-C-033_SCI_N_20190228092623_20190228092623_0011_B.png,0,1,850,1404,0,430,1172,0,0.1922
511,CE4_GRAS_PCAMR-C-004_SCI_N_20190827094820_20190827094820_0060_B.png,CE4_GRAS_PCAMR-C-033_SCI_N_20190228092623_20190228092623_0011_B.png,1,1,1900,378,0,630,432,1,0.1922
511,CE4_GRAS_PCAMR-C-004_SCI_N_20190827094820_20190827094820_0060_B.png,CE4_GRAS_PCAMR-C-033_SCI_N_20190228092623_20190228092623_0011_B.png,2,1,1680,200,1,1722,1488,-1,0.1922
512,CE4_GRAS_PCAML-C-005_SCI_N_20190827095005_20190827095005_0060_B.png,CE4_GRAS_PCAMR-C-035_SCI_N_20220106123551_20220106123551_0226_B.png,0,1,304,586,1,1365,1103,0,0.1872
512,CE4_GRAS_PCAML-C-005_SCI_N_20190827095005_20190827095005_0060_B.png,CE4_GRAS_PCAMR-C-035_SCI_N_20220106123551_20220106123551_0226_B.png,1,1,367,308,1,1732,1504,0,0.1872
512,CE4_GRAS_PCAML-C-005_SCI_N_20190827095005_20190827095005_0060_B.png,CE4_GRAS_PCAMR-C-035_SCI_N_20220106123551_20220106123551_0226_B.png,2,1,945,547,1,1375,840,0,0.1872
513,CE4_GRAS_PCAML-C-005_SCI_N_20220831073027_20220831073027_0255_B.png,CE4_GRAS_PCAMR-C-052_SCI_N_20230417063552_20230417063552_0288_B.png,0,1,745,1419,1,1344,516,1,0.3481
513,CE4_GRAS_PCAML-C-005_SCI_N_20220831073027_20220831073027_0255_B.png,CE4_GRAS_PCAMR-C-052_SCI_N_20230417063552_20230417063552_0288_B.png,1,1,1375,1018,1,1186,1550,1,0.3481
513,CE4_GRAS_PCAML-C-005_SCI_N_20220831073027_20220831073027_0255_B.png,CE4_GRAS_PCAMR-C-052_SCI_N_20230417063552_20230417063552_0288_B.png,2,1,693,948,1,1732,779,0,0.3481
514,CE4_GRAS_PCAML-C-003_SCI_N_20200130071543_20200130071543_0115_B.png,CE4_GRAS_PCAMR-C-002_SCI_N_20220527055452_20220527055452_0247_B.png,0,0,1281,1180,0,892,624,0,0.1398
514,CE4_GRAS_PCAML-C-003_SCI_N_20200130071543_20200130071543_0115_B.png,CE4_GRAS_PCAMR-C-002_SCI_N_20220527055452_20220527055452_0247_B.png,1,1,472,1550,0,714,1257,-1,0.1398
514,CE4_GRAS_PCAML-C-003_SCI_N_20200130071543_20200130071543_0115_B.png,CE4_GRAS_PCAMR-C-002_SCI_N_20220527055452_20220527055452_0247_B.png,2,0,304,1504,0,504,941,0,0.1398
515,CE4_GRAS_PCAML-C-010_SCI_N_20230417051749_20230417051749_0288_B.png,CE4_GRAS_PCAML-C-032_SCI_N_20190228092519_20190228092519_0011_B.png,0,1,661,1211,1,1995,1350,-1,0.0247
515,CE4_GRAS_PCAML-C-010_SCI_N_20230417051749_20230417051749_0288_B.png,CE4_GRAS_PCAML-C-032_SCI_N_20190228092519_20190228092519_0011_B.png,1,1,955,1033,0,1711,655,-1,0.0247
515,CE4_GRAS_PCAML-C-010_SCI_N_20230417051749_20230417051749_0288_B.png,CE4_GRAS_PCAML-C-032_SCI_N_20190228092519_20190228092519_0011_B.png,2,0,766,1265,1,1186,293,0,0.0247
516,CE4_GRAS_PCAML-C-011_SCI_N_20210507062108_20210507062108_0187_B.png,CE4_GRAS_PCAML-C-044_SCI_N_20220106134922_20220106134922_0226_B.png,0,0,1365,655,1,808,871,0,0.1435
516,CE4_GRAS_PCAML-C-011_SCI_N_20210507062108_20210507062108_0187_B.png,CE4_GRAS_PCAML-C-044_SCI_N_20220106134922_20220106134922_0226_B.png,1,0,1018,1257,0,1627,493,0,0.1435
516,CE4_GRAS_PCAML-C-011_SCI_N_20210507062108_20210507062108_0187_B.png,CE4_GRAS_PCAML-C-044_SCI_N_20220106134922_20220106134922_0226_B.png,2,0,1627,802,1,808,1203,0,0.1435
517,CE4_GRAS_PCAML-C-018_SCI_N_20230417053345_20230417053345_0288_B.png,CE4_GRAS_PCAMR-C-008_SCI_N_20210207091505_20210207091505_0172_B.png,0,0,2058,1450,1,493,1550,0,0.1671
517,CE4_GRAS_PCAML-C-018_SCI_N_20230417053345_20230417053345_0288_B.png,CE4_GRAS_PCAMR-C-008_SCI_N_20210207091505_20210207091505_0172_B.png,1,0,1333,918,1,808,1064,1,0.1671
517,CE4_GRAS_PCAML-C-018_SCI_N_20230417053345_20230417053345_0288_B.png,CE4_GRAS_PCAMR-C-008_SCI_N_20210207091505_20210207091505_0172_B.png,2,0,1480,632,1,472,786,1,0.1671
518,CE4_GRAS_PCAML-C-000_SCI_N_20221127083737_20221127083737_0269_B.png,CE4_GRAS_PCAML-C-002_SCI_N_20190708043636_20190708043636_0048_B.png,0,1,1869,1072,0,556,231,-1,0.1826
518,CE4_GRAS_PCAML-C-000_SCI_N_20221127083737_20221127083737_0269_B.png,CE4_GRAS_PCAML-C-002_SCI_N_20190708043636_20190708043636_0048_B.png,1,0,1470,385,1,1522,1211,1,0.1826
518,CE4_GRAS_PCAML-C-000_SCI_N_20221127083737_20221127083737_0269_B.png,CE4_GRAS_PCAML-C-002_SCI_N_20190708043636_20190708043636_0048_B.png,2,1,1438,655,0,1428,1211,0,0.1826
519,CE4_GRAS_PCAMR-C-009_SCI_N_20190925033023_20190925033023_0076_B.png,CE4_GRAS_PCAMR-C-016_SCI_N_20220329090145_20220329090145_0238_B.png,0,1,598,1481,1,315,887,0,0.2407
519,CE4_GRAS_PCAMR-C-009_SCI_N_20190925033023_20190925033023_0076_B.png,CE4_GRAS_PCAMR-C-016_SCI_N_20220329090145_20220329090145_0238_B.png,1,0,882,1512,1,1995,1087,0,0.2407
519,CE4_GRAS_PCAMR-C-009_SCI_N_20190925033023_20190925033023_0076_B.png,CE4_GRAS_PCAMR-C-016_SCI_N_20220329090145_20220329090145_0238_B.png,2,1,829,331,1,1512,894,0,0.2407
520,CE4_GRAS_PCAML-C-011_SCI_N_20211030022158_20211030022158_0215_B.png,CE4_GRAS_PCAMR-C-004_SCI_N_20210207090512_20210207090512_0172_B.png,0,0,1239,1542,1,661,1465,-1,0.0170
520,CE4_GRAS_PCAML-C-011_SCI_N_20211030022158_20211030022158_0215_B.png,CE4_GRAS_PCAMR-C-004_SCI_N_20210207090512_20210207090512_0172_B.png,1,1,1585,1404,0,1155,763,1,0.0170
520,CE4_GRAS_PCAML-C-011_SCI_N_20211030022158_20211030022158_0215_B.png,CE4_GRAS_PCAMR-C-004_SCI_N_20210207090512_20210207090512_0172_B.png,2,0,1848,1195,1,2089,1373,-1,0.0170
521,CE4_GRAS_PCAML-C-018_SCI_N_20221127091937_20221127091937_0269_B.png,CE4_GRAS_PCAML-C-043_SCI_N_20190925044217_20190925044217_0076_B.png,0,1,850,1064,0,609,979,0,0.0939
521,CE4_GRAS_PCAML-C-018_SCI_N_20221127091937_20221127091937_0269_B.png,CE4_GRAS_PCAML-C-043_SCI_N_20190925044217_20190925044217_0076_B.png,1,1,315,1195,0,766,756,0,0.0939
521,CE4_GRAS_PCAML-C-018_SCI_N_20221127091937_20221127091937_0269_B.png,CE4_GRAS_PCAML-C-043_SCI_N_20190925044217_20190925044217_0076_B.png,2,0,1827,208,0,1921,887,-1,0.0939
522,CE4_GRAS_PCAMR-C-002_SCI_N_20200329050510_20200329050510_0124_B.png,CE4_GRAS_PCAMR-C-008_SCI_N_20221127085031_20221127085031_0269_B.png,0,1,1260,177,0,640,1504,1,0.4648
522,CE4_GRAS_PCAMR-C-002_SCI_N_20200329050510_20200329050510_0124_B.png,CE4_GRAS_PCAMR-C-008_SCI_N_20221127085031_20221127085031_0269_B.png,1,1,2005,1041,0,1932,725,1,0.4648
522,CE4_GRAS_PCAMR-C-002_SCI_N_20200329050510_20200329050510_0124_B.png,CE4_GRAS_PCAMR-C-008_SCI_N_20221127085031_20221127085031_0269_B.png,2,0,567,1110,0,2026,239,0,0.4648
523,CE4_GRAS_PCAMR-C-003_SCI_N_20210812042054_20210812042054_0204_B.png,CE4_GRAS_PCAMR-C-005_SCI_N_20220604061633_20220604061633_0249_B.png,0,1,1911,424,1,241,972,-1,0.4098
523,CE4_GRAS_PCAMR-C-003_SCI_N_20210812042054_20210812042054_0204_B.png,CE4_GRAS_PCAMR-C-005_SCI_N_20220604061633_20220604061633_0249_B.png,1,1,1123,802,1,924,1226,-1,0.4098
523,CE4_GRAS_PCAMR-C-003_SCI_N_20210812042054_20210812042054_0204_B.png,CE4_GRAS_PCAMR-C-005_SCI_N_20220604061633_20220604061633_0249_B.png,2,1,304,678,1,388,378,-1,0.4098
524,CE4_GRAS_PCAML-C-054_SCI_N_20190228100313_20190228100313_0011_B.png,CE4_GRAS_PCAMR-C-001_SCI_N_20190228081623_20190228081623_0011_B.png,0,0,378,1064,0,525,540,0,0.1852
524,CE4_GRAS_PCAML-C-054_SCI_N_20190228100313_20190228100313_0011_B.png,CE4_GRAS_PCAMR-C-001_SCI_N_20190228081623_20190228081623_0011_B.png,1,1,1302,995,0,2100,771,-1,0.1852
524,CE4_GRAS_PCAML-C-054_SCI_N_20190228100313_20190228100313_0011_B.png,CE4_GRAS_PCAMR-C-001_SCI_N_20190228081623_20190228081623_0011_B.png,2,1,577,216,1,304,447,0,0.1852
525,CE4_GRAS_PCAML-C-030_SCI_N_20220106122842_20220106122842_0226_B.png,CE4_GRAS_PCAMR-C-010_SCI_N_20201012045011_20201012045011_0148_B.png,0,1,609,1404,0,703,972,0,0.2189
525,CE4_GRAS_PCAML-C-030_SCI_N_20220106122842_20220106122842_0226_B.png,CE4_GRAS_PCAMR-C-010_SCI_N_20201012045011_20201012045011_0148_B.png,1,1,703,717,1,2037,987,-1,0.2189
525,CE4_GRAS_PCAML-C-030_SCI_N_20220106122842_20220106122842_0226_B.png,CE4_GRAS_PCAMR-C-010_SCI_N_20201012045011_20201012045011_0148_B.png,2,1,1333,478,0,892,532,1,0.2189
526,CE4_GRAS_PCAML-C-031_SCI_N_20230417060013_20230417060013_0288_B.png,CE4_GRAS_PCAMR-C-006_SCI_N_20220527060142_20220527060142_0247_B.png,0,0,346,1527,0,493,478,0,0.3053
526,CE4_GRAS_PCAML-C-031_SCI_N_20230417060013_20230417060013_0288_B.png,CE4_GRAS_PCAMR-C-006_SCI_N_20220527060142_20220527060142_0247_B.png,1,0,462,856,0,1827,894,0,0.3053
526,CE4_GRAS_PCAML-C-031_SCI_N_20230417060013_20230417060013_0288_B.png,CE4_GRAS_PCAMR-C-006_SCI_N_20220527060142_20220527060142_0247_B.png,2,1,399,1218,0,1417,709,1,0.3053
527,CE4_GRAS_PCAML-C-000_SCI_N_20220106113821_20220106113821_0226_B.png,CE4_GRAS_PCAMR-C-026_SCI_N_20230417054832_20230417054832_0288_B.png,0,0,1879,1164,1,735,1296,1,0.3744
527,CE4_GRAS_PCAML-C-000_SCI_N_20220106113821_20220106113821_0226_B.png,CE4_GRAS_PCAMR-C-026_SCI_N_20230417054832_20230417054832_0288_B.png,1,1,1176,756,1,1701,856,0,0.3744
527,CE4_GRAS_PCAML-C-000_SCI_N_20220106113821_20220106113821_0226_B.png,CE4_GRAS_PCAMR-C-026_SCI_N_20230417054832_20230417054832_0288_B.png,2,1,1995,300,0,294,501,-1,0.3744
528,CE4_GRAS_PCAML-C-017_SCI_N_20220106120353_20220106120353_0226_B.png,CE4_GRAS_PCAMR-C-005_SCI_N_20201211035342_20201211035342_0161_B.png,0,1,808,702,1,1218,1242,0,0.3509
528,CE4_GRAS_PCAML-C-017_SCI_N_20220106120353_20220106120353_0226_B.png,CE4_GRAS_PCAMR-C-005_SCI_N_20201211035342_20201211035342_0161_B.png,1,0,1417,1296,1,1333,725,0,0.3509
528,CE4_GRAS_PCAML-C-017_SCI_N_20220106120353_20220106120353_0226_B.png,CE4_GRAS_PCAMR-C-005_SCI_N_20201211035342_20201211035342_0161_B.png,2,0,724,732,0,2005,1195,-1,0.3509
529,CE4_GRAS_PCAMR-C-003_SCI_N_20190827094651_20190827094651_0060_B.png,CE4_GRAS_PCAMR-C-019_SCI_N_20230615040930_20230615040930_0296_B.png,0,1,2100,1265,1,1165,794,-1,0.1716
529,CE4_GRAS_PCAMR-C-003_SCI_N_20190827094651_20190827094651_0060_B.png,CE4_GRAS_PCAMR-C-019_SCI_N_20230615040930_20230615040930_0296_B.png,1,1,1018,1103,0,1942,486,0,0.1716
529,CE4_GRAS_PCAMR-C-003_SCI_N_20190827094651_20190827094651_0060_B.png,CE4_GRAS_PCAMR-C-019_SCI_N_20230615040930_20230615040930_0296_B.png,2,1,1984,601,1,651,948,1,0.1716
530,CE4_GRAS_PCAML-C-008_SCI_N_20220329084955_20220329084955_0238_B.png,CE4_GRAS_PCAML-C-035_SCI_N_20230417060645_20230417060645_0288_B.png,0,1,1974,817,0,493,1211,0,0.1387
530,CE4_GRAS_PCAML-C-008_SCI_N_20220329084955_20220329084955_0238_B.png,CE4_GRAS_PCAML-C-035_SCI_N_20230417060645_20230417060645_0288_B.png,1,1,1155,370,1,2037,354,0,0.1387
530,CE4_GRAS_PCAML-C-008_SCI_N_20220329084955_20220329084955_0238_B.png,CE4_GRAS_PCAML-C-035_SCI_N_20230417060645_20230417060645_0288_B.png,2,1,283,594,0,1396,871,1,0.1387
531,CE4_GRAS_PCAML-C-044_SCI_N_20190228094953_20190228094953_0011_B.png,CE4_GRAS_PCAMR-C-009_SCI_N_20200320093209_20200320093209_0123_B.png,0,0,231,1473,1,861,393,0,0.0855
531,CE4_GRAS_PCAML-C-044_SCI_N_20190228094953_20190228094953_0011_B.png,CE4_GRAS_PCAMR-C-009_SCI_N_20200320093209_20200320093209_0123_B.png,1,0,1281,856,1,315,864,-1,0.0855
531,CE4_GRAS_PCAML-C-044_SCI_N_20190228094953_20190228094953_0011_B.png,CE4_GRAS_PCAMR-C-009_SCI_N_20200320093209_20200320093209_0123_B.png,2,1,1680,200,1,1302,1134,0,0.0855
532,CE4_GRAS_PCAMR-C-002_SCI_N_20190208204809_20190208204809_0007_B.png,CE4_GRAS_PCAMR-C-015_SCI_N_20230417052835_20230417052835_0288_B.png,0,1,462,771,1,336,1442,1,0.2944
532,CE4_GRAS_PCAMR-C-002_SCI_N_20190208204809_20190208204809_0007_B.png,CE4_GRAS_PCAMR-C-015_SCI_N_20230417052835_20230417052835_0288_B.png,1,1,1585,1126,0,1785,308,-1,0.2944
532,CE4_GRAS_PCAMR-C-002_SCI_N_20190208204809_20190208204809_0007_B.png,CE4_GRAS_PCAMR-C-015_SCI_N_20230417052835_20230417052835_0288_B.png,2,1,903,1342,0,1575,1512,0,0.2944
533,CE4_GRAS_PCAML-C-009_SCI_N_20191202053818_20191202053818_0097_B.png,CE4_GRAS_PCAMR-C-000_SCI_N_20220107130901_20220107130901_0227_B.png,0,1,1900,192,0,1953,277,1,0.2430
533,CE4_GRAS_PCAML-C-009_SCI_N_20191202053818_20191202053818_0097_B.png,CE4_GRAS_PCAMR-C-000_SCI_N_20220107130901_20220107130901_0227_B.png,1,0,1039,956,1,1239,246,-1,0.2430
533,CE4_GRAS_PCAML-C-009_SCI_N_20191202053818_20191202053818_0097_B.png,CE4_GRAS_PCAMR-C-000_SCI_N_20220107130901_20220107130901_0227_B.png,2,1,1270,1473,0,1375,416,-1,0.2430
534,CE4_GRAS_PCAML-C-003_SCI_N_20200428093400_20200428093400_0128_B.png,CE4_GRAS_PCAMR-C-010_SCI_N_20190111034748_20190111034748_0002_B.png,0,0,1396,995,1,1837,324,-1,0.1600
534,CE4_GRAS_PCAML-C-003_SCI_N_20200428093400_20200428093400_0128_B.png,CE4_GRAS_PCAMR-C-010_SCI_N_20190111034748_20190111034748_0002_B.png,1,1,1249,987,1,997,748,-1,0.1600
534,CE4_GRAS_PCAML-C-003_SCI_N_20200428093400_20200428093400_0128_B.png,CE4_GRAS_PCAMR-C-010_SCI_N_20190111034748_20190111034748_0002_B.png,2,0,1732,1512,0,819,177,1,0.1600
535,CE4_GRAS_PCAML-C-002_SCI_N_20200329050525_20200329050525_0124_B.png,CE4_GRAS_PCAML-C-024_SCI_N_20230615041711_20230615041711_0296_B.png,0,1,640,316,1,661,794,1,0.0971
535,CE4_GRAS_PCAML-C-002_SCI_N_20200329050525_20200329050525_0124_B.png,CE4_GRAS_PCAML-C-024_SCI_N_20230615041711_20230615041711_0296_B.png,1,1,1144,1126,0,819,1249,0,0.0971
535,CE4_GRAS_PCAML-C-002_SCI_N_20200329050525_20200329050525_0124_B.png,CE4_GRAS_PCAML-C-024_SCI_N_20230615041711_20230615041711_0296_B.png,2,0,945,671,1,1522,540,-1,0.0971
536,CE4_GRAS_PCAMR-C-004_SCI_N_20220106114401_20220106114401_0226_B.png,CE4_GRAS_PCAMR-C-009_SCI_N_20220920065348_20220920065348_0256_B.png,0,0,1092,1134,1,1963,632,1,0.0771
536,CE4_GRAS_PCAMR-C-004_SCI_N_20220106114401_20220106114401_0226_B.png,CE4_GRAS_PCAMR-C-009_SCI_N_20220920065348_20220920065348_0256_B.png,1,0,1722,385,0,703,378,0,0.0771
536,CE4_GRAS_PCAMR-C-004_SCI_N_20220106114401_20220106114401_0226_B.png,CE4_GRAS_PCAMR-C-009_SCI_N_20220920065348_20220920065348_0256_B.png,2,0,525,933,0,1522,1087,0,0.0771
537,CE4_GRAS_PCAML-C-004_SCI_N_20190925032358_20190925032358_0076_B.png,CE4_GRAS_PCAMR-C-050_SCI_N_20190228095738_20190228095738_0011_B.png,0,1,1827,177,0,1417,941,-1,0.3509
537,CE4_GRAS_PCAML-C-004_SCI_N_20190925032358_20190925032358_0076_B.png,CE4_GRAS_PCAMR-C-050_SCI_N_20190228095738_20190228095738_0011_B.png,1,1,808,378,1,1071,1026,-1,0.3509
537,CE4_GRAS_PCAML-C-004_SCI_N_20190925032358_20190925032358_0076_B.png,CE4_GRAS_PCAMR-C-050_SCI_N_20190228095738_20190228095738_0011_B.png,2,0,462,354,0,1869,1481,0,0.3509
538,CE4_GRAS_PCAML-C-005_SCI_N_20190112101743_20190112101743_0003_B.png,CE4_GRAS_PCAML-C-013_SCI_N_20230615035027_20230615035027_0296_B.png,0,0,1596,1126,1,1281,686,0,0.1128
538,CE4_GRAS_PCAML-C-005_SCI_N_20190112101743_20190112101743_0003_B.png,CE4_GRAS_PCAML-C-013_SCI_N_20230615035027_20230615035027_0296_B.png,1,1,1606,910,0,1449,794,-1,0.1128
538,CE4_GRAS_PCAML-C-005_SCI_N_20190112101743_20190112101743_0003_B.png,CE4_GRAS_PCAML-C-013_SCI_N_20230615035027_20230615035027_0296_B.png,2,1,1711,277,1,294,223,0,0.1128
539,CE4_GRAS_PCAML-C-007_SCI_N_20200320092927_20200320092927_0123_B.png,CE4_GRAS_PCAMR-C-021_SCI_N_20230417054013_20230417054013_0288_B.png,0,0,1428,1504,1,1606,455,-1,0.1760
539,CE4_GRAS_PCAML-C-007_SCI_N_20200320092927_20200320092927_0123_B.png,CE4_GRAS_PCAMR-C-021_SCI_N_20230417054013_20230417054013_0288_B.png,1,1,367,478,1,619,1311,1,0.1760
539,CE4_GRAS_PCAML-C-007_SCI_N_20200320092927_20200320092927_0123_B.png,CE4_GRAS_PCAMR-C-021_SCI_N_20230417054013_20230417054013_0288_B.png,2,0,2037,1419,1,609,702,-1,0.1760
540,CE4_GRAS_PCAMR-C-003_SCI_N_20200320092049_20200320092049_0123_B.png,CE4_GRAS_PCAMR-C-008_SCI_N_20210507061626_20210507061626_0187_B.png,0,1,409,1195,0,294,1357,0,0.3033
540,CE4_GRAS_PCAMR-C-003_SCI_N_20200320092049_20200320092049_0123_B.png,CE4_GRAS_PCAMR-C-008_SCI_N_20210507061626_20210507061626_0187_B.png,1,1,1774,447,0,1260,1149,-1,0.3033
540,CE4_GRAS_PCAMR-C-003_SCI_N_20200320092049_20200320092049_0123_B.png,CE4_GRAS_PCAMR-C-008_SCI_N_20210507061626_20210507061626_0187_B.png,2,1,1113,1411,1,714,516,0,0.3033
541,CE4_GRAS_PCAML-C-018_SCI_N_20190228084755_20190228084755_0011_B.png,CE4_GRAS_PCAML-C-026_SCI_N_20220106122235_20220106122235_0226_B.png,0,0,1239,779,1,1932,1512,1,0.3597
541,CE4_GRAS_PCAML-C-018_SCI_N_20190228084755_20190228084755_0011_B.png,CE4_GRAS_PCAML-C-026_SCI_N_20220106122235_20220106122235_0226_B.png,1,0,1753,1172,1,1018,185,0,0.3597
541,CE4_GRAS_PCAML-C-018_SCI_N_20190228084755_20190228084755_0011_B.png,CE4_GRAS_PCAML-C-026_SCI_N_20220106122235_20220106122235_0226_B.png,2,0,1155,1411,1,546,200,1,0.3597
542,CE4_GRAS_PCAML-C-003_SCI_N_20220922061520_20220922061520_0258_B.png,CE4_GRAS_PCAMR-C-031_SCI_N_20220106122955_20220106122955_0226_B.png,0,1,2058,1388,0,1900,918,0,0.1442
542,CE4_GRAS_PCAML-C-003_SCI_N_20220922061520_20220922061520_0258_B.png,CE4_GRAS_PCAMR-C-031_SCI_N_20220106122955_20220106122955_0226_B.png,1,0,1575,902,1,1123,1404,0,0.1442
542,CE4_GRAS_PCAML-C-003_SCI_N_20220922061520_20220922061520_0258_B.png,CE4_GRAS_PCAMR-C-031_SCI_N_20220106122955_20220106122955_0226_B.png,2,1,1764,439,0,577,771,-1,0.1442
543,CE4_GRAS_PCAML-C-000_SCI_N_20190208204547_20190208204547_0007_B.png,CE4_GRAS_PCAMR-C-012_SCI_N_20211030022311_20211030022311_0215_B.png,0,0,1302,177,0,1774,717,1,0.1869
543,CE4_GRAS_PCAML-C-000_SCI_N_20190208204547_20190208204547_0007_B.png,CE4_GRAS_PCAMR-C-012_SCI_N_20211030022311_20211030022311_0215_B.png,1,0,703,1296,0,1281,601,-1,0.1869
543,CE4_GRAS_PCAML-C-000_SCI_N_20190208204547_20190208204547_0007_B.png,CE4_GRAS_PCAMR-C-012_SCI_N_20211030022311_20211030022311_0215_B.png,2,0,1207,864,1,252,1226,1,0.1869
544,CE4_GRAS_PCAMR-C-002_SCI_N_20220930060502_20220930060502_0260_B.png,CE4_GRAS_PCAMR-C-013_SCI_N_20220106115741_20220106115741_0226_B.png,0,0,325,1512,0,850,601,-1,0.2303
544,CE4_GRAS_PCAMR-C-002_SCI_N_20220930060502_20220930060502_0260_B.png,CE4_GRAS_PCAMR-C-013_SCI_N_20220106115741_20220106115741_0226_B.png,1,1,420,1434,1,1680,678,-1,0.2303
544,CE4_GRAS_PCAMR-C-002_SCI_N_20220930060502_20220930060502_0260_B.png,CE4_GRAS_PCAMR-C-013_SCI_N_20220106115741_20220106115741_0226_B.png,2,0,1155,925,1,388,470,-1,0.2303
545,CE4_GRAS_PCAML-C-049_SCI_N_20220106140033_20220106140033_0226_B.png,CE4_GRAS_PCAMR-C-008_SCI_N_20220106114957_20220106114957_0226_B.png,0,0,1008,702,1,588,941,-1,0.3844
545,CE4_GRAS_PCAML-C-049_SCI_N_20220106140033_20220106140033_0226_B.png,CE4_GRAS_PCAMR-C-008_SCI_N_20220106114957_20220106114957_0226_B.png,1,1,798,1442,1,1512,1141,0,0.3844
545,CE4_GRAS_PCAML-C-049_SCI_N_20220106140033_20220106140033_0226_B.png,CE4_GRAS_PCAMR-C-008_SCI_N_20220106114957_20220106114957_0226_B.png,2,1,1060,979,1,1123,1550,0,0.3844
546,CE4_GRAS_PCAML-C-007_SCI_N_20190111034211_20190111034211_0002_B.png,CE4_GRAS_PCAMR-C-000_SCI_N_20221127083721_20221127083721_0269_B.png,0,0,1134,362,1,399,1334,1,0.3061
546,CE4_GRAS_PCAML-C-007_SCI_N_20190111034211_20190111034211_0002_B.png,CE4_GRAS_PCAMR-C-000_SCI_N_20221127083721_20221127083721_0269_B.png,1,1,336,756,1,840,239,-1,0.3061
546,CE4_GRAS_PCAML-C-007_SCI_N_20190111034211_20190111034211_0002_B.png,CE4_GRAS_PCAMR-C-000_SCI_N_20221127083721_20221127083721_0269_B.png,2,0,756,1342,1,1575,200,-1,0.3061
547,CE4_GRAS_PCAML-C-030_SCI_N_20230417055836_20230417055836_0288_B.png,CE4_GRAS_PCAMR-C-000_SCI_N_20200120075535_20200120075535_0112_B.png,0,1,1554,802,0,315,748,0,0.2036
547,CE4_GRAS_PCAML-C-030_SCI_N_20230417055836_20230417055836_0288_B.png,CE4_GRAS_PCAMR-C-000_SCI_N_20200120075535_20200120075535_0112_B.png,1,1,1165,516,0,1144,779,0,0.2036
547,CE4_GRAS_PCAML-C-030_SCI_N_20230417055836_20230417055836_0288_B.png,CE4_GRAS_PCAMR-C-000_SCI_N_20200120075535_20200120075535_0112_B.png,2,1,420,462,0,1144,1218,0,0.2036
548,CE4_GRAS_PCAML-C-002_SCI_N_20210207090229_20210207090229_0172_B.png,CE4_GRAS_PCAMR-C-004_SCI_N_20220527055750_20220527055750_0247_B.png,0,0,1207,324,1,1344,231,-1,0.2713
548,CE4_GRAS_PCAML-C-002_SCI_N_20210207090229_20210207090229_0172_B.png,CE4_GRAS_PCAMR-C-004_SCI_N_20220527055750_20220527055750_0247_B.png,1,1,1648,1226,1,1564,609,-1,0.2713
548,CE4_GRAS_PCAML-C-002_SCI_N_20210207090229_20210207090229_0172_B.png,CE4_GRAS_PCAMR-C-004_SCI_N_20220527055750_20220527055750_0247_B.png,2,1,934,1434,1,1995,177,-1,0.2713
549,CE4_GRAS_PCAMR-C-006_SCI_N_20220930061058_20220930061058_0260_B.png,CE4_GRAS_PCAMR-C-011_SCI_N_20220128101437_20220128101437_0230_B.png,0,1,462,1002,0,1963,1103,1,0.1699
549,CE4_GRAS_PCAMR-C-006_SCI_N_20220930061058_20220930061058_0260_B.png,CE4_GRAS_PCAMR-C-011_SCI_N_20220128101437_20220128101437_0230_B.png,1,1,1333,1481,0,2037,555,1,0.1699
549,CE4_GRAS_PCAMR-C-006_SCI_N_20220930061058_20220930061058_0260_B.png,CE4_GRAS_PCAMR-C-011_SCI_N_20220128101437_20220128101437_0230_B.png,2,1,430,1249,0,462,555,1,0.1699
550,CE4_GRAS_PCAML-C-011_SCI_N_20220920065702_20220920065702_0256_B.png,CE4_GRAS_PCAML-C-017_SCI_N_20200227114926_20200227114926_0121_B.png,0,1,1638,995,1,1008,810,0,0.0973
550,CE4_GRAS_PCAML-C-011_SCI_N_20220920065702_20220920065702_0256_B.png,CE4_GRAS_PCAML-C-017_SCI_N_20200227114926_20200227114926_0121_B.png,1,0,1932,424,0,1974,771,0,0.0973
550,CE4_GRAS_PCAML-C-011_SCI_N_20220920065702_20220920065702_0256_B.png,CE4_GRAS_PCAML-C-017_SCI_N_20200227114926_20200227114926_0121_B.png,2,1,546,586,0,1648,1188,0,0.0973
551,CE4_GRAS_PCAML-C-019_SCI_N_20220329090628_20220329090628_0238_B.png,CE4_GRAS_PCAMR-C-008_SCI_N_20201211040354_20201211040354_0161_B.png,0,1,1092,1411,1,304,648,0,0.4202
551,CE4_GRAS_PCAML-C-019_SCI_N_20220329090628_20220329090628_0238_B.png,CE4_GRAS_PCAMR-C-008_SCI_N_20201211040354_20201211040354_0161_B.png,1,1,1165,918,1,1533,285,-1,0.4202
551,CE4_GRAS_PCAML-C-019_SCI_N_20220329090628_20220329090628_0238_B.png,CE4_GRAS_PCAMR-C-008_SCI_N_20201211040354_20201211040354_0161_B.png,2,1,1879,293,1,451,894,0,0.4202
552,CE4_GRAS_PCAML-C-001_SCI_N_20220527055339_20220527055339_0247_B.png,CE4_GRAS_PCAML-C-008_SCI_N_20220930061824_20220930061824_0260_B.png,0,0,1417,594,0,1806,925,1,0.2491
552,CE4_GRAS_PCAML-C-001_SCI_N_20220527055339_20220527055339_0247_B.png,CE4_GRAS_PCAML-C-008_SCI_N_20220930061824_20220930061824_0260_B.png,1,0,630,555,0,556,262,0,0.2491
552,CE4_GRAS_PCAML-C-001_SCI_N_20220527055339_20220527055339_0247_B.png,CE4_GRAS_PCAML-C-008_SCI_N_20220930061824_20220930061824_0260_B.png,2,0,1879,1458,0,1102,370,-1,0.2491
553,CE4_GRAS_PCAMR-C-006_SCI_N_20210208065542_20210208065542_0173_B.png,CE4_GRAS_PCAMR-C-018_SCI_N_20211010061020_20211010061020_0213_B.png,0,1,1102,1195,0,1522,972,1,0.1330
553,CE4_GRAS_PCAMR-C-006_SCI_N_20210208065542_20210208065542_0173_B.png,CE4_GRAS_PCAMR-C-018_SCI_N_20211010061020_20211010061020_0213_B.png,1,1,798,609,0,976,169,1,0.1330
553,CE4_GRAS_PCAMR-C-006_SCI_N_20210208065542_20210208065542_0173_B.png,CE4_GRAS_PCAMR-C-018_SCI_N_20211010061020_20211010061020_0213_B.png,2,0,1155,516,1,724,1049,0,0.1330
554,CE4_GRAS_PCAMR-C-003_SCI_N_20211229075905_20211229075905_0224_B.png,CE4_GRAS_PCAMR-C-004_SCI_N_20190112101609_20190112101609_0003_B.png,0,0,2089,1242,1,1239,1218,-1,0.3918
554,CE4_GRAS_PCAMR-C-003_SCI_N_20211229075905_20211229075905_0224_B.png,CE4_GRAS_PCAMR-C-004_SCI_N_20190112101609_20190112101609_0003_B.png,1,1,1491,408,0,756,894,1,0.3918
554,CE4_GRAS_PCAMR-C-003_SCI_N_20211229075905_20211229075905_0224_B.png,CE4_GRAS_PCAMR-C-004_SCI_N_20190112101609_20190112101609_0003_B.png,2,1,1375,894,1,913,594,-1,0.3918
555,CE4_GRAS_PCAML-C-039_SCI_N_20230417061314_20230417061314_0288_B.png,CE4_GRAS_PCAMR-C-009_SCI_N_20201012044842_20201012044842_0148_B.png,0,1,1123,192,1,882,1272,1,0.1970
555,CE4_GRAS_PCAML-C-039_SCI_N_20230417061314_20230417061314_0288_B.png,CE4_GRAS_PCAMR-C-009_SCI_N_20201012044842_20201012044842_0148_B.png,1,0,577,524,0,1690,1496,0,0.1970
555,CE4_GRAS_PCAML-C-039_SCI_N_20230417061314_20230417061314_0288_B.png,CE4_GRAS_PCAMR-C-009_SCI_N_20201012044842_20201012044842_0148_B.png,2,0,682,1334,0,1092,231,0,0.1970
556,CE4_GRAS_PCAMR-C-015_SCI_N_20220128102033_20220128102033_0230_B.png,CE4_GRAS_PCAMR-C-026_SCI_N_20190925035841_20190925035841_0076_B.png,0,0,1018,609,0,1942,1033,1,0.1398
556,CE4_GRAS_PCAMR-C-015_SCI_N_20220128102033_20220128102033_0230_B.png,CE4_GRAS_PCAMR-C-026_SCI_N_20190925035841_20190925035841_0076_B.png,1,1,1984,216,0,1533,246,-1,0.1398
556,CE4_GRAS_PCAMR-C-015_SCI_N_20220128102033_20220128102033_0230_B.png,CE4_GRAS_PCAMR-C-026_SCI_N_20190925035841_20190925035841_0076_B.png,2,0,420,956,1,273,1365,1,0.1398
557,CE4_GRAS_PCAMR-C-027_SCI_N_20190228085939_20190228085939_0011_B.png,CE4_GRAS_PCAMR-C-034_SCI_N_20190228092743_20190228092743_0011_B.png,0,1,1879,424,0,903,462,0,0.3963
557,CE4_GRAS_PCAMR-C-027_SCI_N_20190228085939_20190228085939_0011_B.png,CE4_GRAS_PCAMR-C-034_SCI_N_20190228092743_20190228092743_0011_B.png,1,1,1911,786,1,714,1319,1,0.3963
557,CE4_GRAS_PCAMR-C-027_SCI_N_20190228085939_20190228085939_0011_B.png,CE4_GRAS_PCAMR-C-034_SCI_N_20190228092743_20190228092743_0011_B.png,2,1,1732,1087,1,966,1110,1,0.3963
558,CE4_GRAS_PCAML-C-015_SCI_N_20220128102048_20220128102048_0230_B.png,CE4_GRAS_PCAMR-C-043_SCI_N_20220106134737_20220106134737_0226_B.png,0,0,1354,416,0,1680,1434,1,0.0551
558,CE4_GRAS_PCAML-C-015_SCI_N_20220128102048_20220128102048_0230_B.png,CE4_GRAS_PCAMR-C-043_SCI_N_20220106134737_20220106134737_0226_B.png,1,1,1239,223,0,2047,894,-1,0.0551
558,CE4_GRAS_PCAML-C-015_SCI_N_20220128102048_20220128102048_0230_B.png,CE4_GRAS_PCAMR-C-043_SCI_N_20220106134737_20220106134737_0226_B.png,2,0,1008,1311,1,1900,1380,0,0.0551
559,CE4_GRAS_PCAML-C-002_SCI_N_20220604061146_20220604061146_0249_B.png,CE4_GRAS_PCAML-C-023_SCI_N_20230615041542_20230615041542_0296_B.png,0,1,1533,1488,0,861,1103,0,0.3360
559,CE4_GRAS_PCAML-C-002_SCI_N_20220604061146_20220604061146_0249_B.png,CE4_GRAS_PCAML-C-023_SCI_N_20230615041542_20230615041542_0296_B.png,1,1,1260,285,1,1585,825,1,0.3360
559,CE4_GRAS_PCAML-C-002_SCI_N_20220604061146_20220604061146_0249_B.png,CE4_GRAS_PCAML-C-023_SCI_N_20230615041542_20230615041542_0296_B.png,2,1,588,1465,0,1879,354,-1,0.3360
560,CE4_GRAS_PCAMR-C-012_SCI_N_20201211040950_20201211040950_0161_B.png,CE4_GRAS_PCAMR-C-033_SCI_N_20230417060312_20230417060312_0288_B.png,0,0,2037,740,1,1197,385,0,0.3201
560,CE4_GRAS_PCAMR-C-012_SCI_N_20201211040950_20201211040950_0161_B.png,CE4_GRAS_PCAMR-C-033_SCI_N_20230417060312_20230417060312_0288_B.png,1,1,745,817,0,1134,1180,0,0.3201
560,CE4_GRAS_PCAMR-C-012_SCI_N_20201211040950_20201211040950_0161_B.png,CE4_GRAS_PCAMR-C-033_SCI_N_20230417060312_20230417060312_0288_B.png,2,0,1575,185,0,651,578,0,0.3201
561,CE4_GRAS_PCAML-C-000_SCI_N_20220930060220_20220930060220_0260_B.png,CE4_GRAS_PCAMR-C-000_SCI_N_20210812041627_20210812041627_0204_B.png,0,1,1470,1342,0,1732,547,-1,0.0878
561,CE4_GRAS_PCAML-C-000_SCI_N_20220930060220_20220930060220_0260_B.png,CE4_GRAS_PCAMR-C-000_SCI_N_20210812041627_20210812041627_0204_B.png,1,0,1764,1527,0,430,246,-1,0.0878
561,CE4_GRAS_PCAML-C-000_SCI_N_20220930060220_20220930060220_0260_B.png,CE4_GRAS_PCAMR-C-000_SCI_N_20210812041627_20210812041627_0204_B.png,2,1,661,1149,0,651,979,-1,0.0878
562,CE4_GRAS_PCAML-C-010_SCI_N_20220930062122_20220930062122_0260_B.png,CE4_GRAS_PCAMR-C-002_SCI_N_20220128100038_20220128100038_0230_B.png,0,1,1921,555,0,1512,1195,-1,0.1747
562,CE4_GRAS_PCAML-C-010_SCI_N_20220930062122_20220930062122_0260_B.png,CE4_GRAS_PCAMR-C-002_SCI_N_20220128100038_20220128100038_0230_B.png,1,1,1260,802,0,241,1296,0,0.1747
562,CE4_GRAS_PCAML-C-010_SCI_N_20220930062122_20220930062122_0260_B.png,CE4_GRAS_PCAMR-C-002_SCI_N_20220128100038_20220128100038_0230_B.png,2,1,2037,918,0,1029,1157,0,0.1747
563,CE4_GRAS_PCAML-C-004_SCI_N_20230417050636_20230417050636_0288_B.png,CE4_GRAS_PCAML-C-008_SCI_N_20220128101025_20220128101025_0230_B.png,0,0,1249,1087,0,672,270,-1,0.2207
563,CE4_GRAS_PCAML-C-004_SCI_N_20230417050636_20230417050636_0288_B.png,CE4_GRAS_PCAML-C-008_SCI_N_20220128101025_20220128101025_0230_B.png,1,0,1879,756,0,493,1110,1,0.2207
563,CE4_GRAS_PCAML-C-004_SCI_N_20230417050636_20230417050636_0288_B.png,CE4_GRAS_PCAML-C-008_SCI_N_20220128101025_20220128101025_0230_B.png,2,1,693,771,1,430,1010,1,0.2207
564,CE4_GRAS_PCAML-C-003_SCI_N_20201211035100_20201211035100_0161_B.png,CE4_GRAS_PCAMR-C-018_SCI_N_20190228084739_20190228084739_0011_B.png,0,0,1543,1365,1,441,501,-1,0.1484
564,CE4_GRAS_PCAML-C-003_SCI_N_20201211035100_20201211035100_0161_B.png,CE4_GRAS_PCAMR-C-018_SCI_N_20190228084739_20190228084739_0011_B.png,1,0,241,293,0,651,540,0,0.1484
564,CE4_GRAS_PCAML-C-003_SCI_N_20201211035100_20201211035100_0161_B.png,CE4_GRAS_PCAMR-C-018_SCI_N_20190228084739_20190228084739_0011_B.png,2,0,273,1458,1,1218,594,-1,0.1484
565,CE4_GRAS_PCAML-C-017_SCI_N_20190925034657_20190925034657_0076_B.png,CE4_GRAS_PCAML-C-055_SCI_N_20230417064122_20230417064122_0288_B.png,0,0,1470,1095,0,336,694,0,0.2038
565,CE4_GRAS_PCAML-C-017_SCI_N_20190925034657_20190925034657_0076_B.png,CE4_GRAS_PCAML-C-055_SCI_N_20230417064122_20230417064122_0288_B.png,1,1,1302,933,0,745,717,1,0.2038
565,CE4_GRAS_PCAML-C-017_SCI_N_20190925034657_20190925034657_0076_B.png,CE4_GRAS_PCAML-C-055_SCI_N_20230417064122_20230417064122_0288_B.png,2,1,1848,1195,1,472,1218,-1,0.2038
566,CE4_GRAS_PCAML-C-010_SCI_N_20220831073825_20220831073825_0255_B.png,CE4_GRAS_PCAML-C-018_SCI_N_20220329090459_20220329090459_0238_B.png,0,0,1512,185,1,1197,432,1,0.1695
566,CE4_GRAS_PCAML-C-010_SCI_N_20220831073825_20220831073825_0255_B.png,CE4_GRAS_PCAML-C-018_SCI_N_20220329090459_20220329090459_0238_B.png,1,1,819,1288,0,1281,856,0,0.1695
566,CE4_GRAS_PCAML-C-010_SCI_N_20220831073825_20220831073825_0255_B.png,CE4_GRAS_PCAML-C-018_SCI_N_20220329090459_20220329090459_0238_B.png,2,1,1512,732,0,1911,239,-1,0.1695
567,CE4_GRAS_PCAML-C-002_SCI_N_20220831072600_20220831072600_0255_B.png,CE4_GRAS_PCAMR-C-004_SCI_N_20220329084344_20220329084344_0238_B.png,0,1,283,578,0,1449,1512,-1,0.1072
567,CE4_GRAS_PCAML-C-002_SCI_N_20220831072600_20220831072600_0255_B.png,CE4_GRAS_PCAMR-C-004_SCI_N_20220329084344_20220329084344_0238_B.png,1,0,1302,840,1,1816,516,1,0.1072
567,CE4_GRAS_PCAML-C-002_SCI_N_20220831072600_20220831072600_0255_B.png,CE4_GRAS_PCAMR-C-004_SCI_N_20220329084344_20220329084344_0238_B.png,2,0,1060,532,1,987,316,1,0.1072
568,CE4_GRAS_PCAML-C-029_SCI_N_20190228092119_20190228092119_0011_B.png,CE4_GRAS_PCAMR-C-008_SCI_N_20220922062301_20220922062301_0258_B.png,0,1,325,416,0,1417,717,0,0.3448
568,CE4_GRAS_PCAML-C-029_SCI_N_20190228092119_20190228092119_0011_B.png,CE4_GRAS_PCAMR-C-008_SCI_N_20220922062301_20220922062301_0258_B.png,1,0,1186,393,1,903,177,-1,0.3448
568,CE4_GRAS_PCAML-C-029_SCI_N_20190228092119_20190228092119_0011_B.png,CE4_GRAS_PCAMR-C-008_SCI_N_20220922062301_20220922062301_0258_B.png,2,1,2068,501,1,1564,1257,1,0.3448
569,CE4_GRAS_PCAML-C-012_SCI_N_20211030022327_20211030022327_0215_B.png,CE4_GRAS_PCAMR-C-012_SCI_N_20230417052047_20230417052047_0288_B.png,0,0,1155,894,1,1774,1134,0,0.4636
569,CE4_GRAS_PCAML-C-012_SCI_N_20211030022327_20211030022327_0215_B.png,CE4_GRAS_PCAMR-C-012_SCI_N_20230417052047_20230417052047_0288_B.png,1,1,1743,663,1,955,902,1,0.4636
569,CE4_GRAS_PCAML-C-012_SCI_N_20211030022327_20211030022327_0215_B.png,CE4_GRAS_PCAMR-C-012_SCI_N_20230417052047_20230417052047_0288_B.png,2,0,598,1334,1,1249,540,-1,0.4636
570,CE4_GRAS_PCAML-C-005_SCI_N_20200320092403_20200320092403_0123_B.png,CE4_GRAS_PCAMR-C-004_SCI_N_20220920064454_20220920064454_0256_B.png,0,0,1648,1211,0,1879,246,-1,0.2462
570,CE4_GRAS_PCAML-C-005_SCI_N_20200320092403_20200320092403_0123_B.png,CE4_GRAS_PCAMR-C-004_SCI_N_20220920064454_20220920064454_0256_B.png,1,1,1848,254,1,724,802,1,0.2462
570,CE4_GRAS_PCAML-C-005_SCI_N_20200320092403_20200320092403_0123_B.png,CE4_GRAS_PCAMR-C-004_SCI_N_20220920064454_20220920064454_0256_B.png,2,0,1312,1465,0,808,339,-1,0.2462
571,CE4_GRAS_PCAMR-C-005_SCI_N_20220329084513_20220329084513_0238_B.png,CE4_GRAS_PCAMR-C-035_SCI_N_20190925042147_20190925042147_0076_B.png,0,1,1375,555,0,577,1303,-1,0.0894
571,CE4_GRAS_PCAMR-C-005_SCI_N_20220329084513_20220329084513_0238_B.png,CE4_GRAS_PCAMR-C-035_SCI_N_20190925042147_20190925042147_0076_B.png,1,1,955,1188,0,651,586,0,0.0894
571,CE4_GRAS_PCAMR-C-005_SCI_N_20220329084513_20220329084513_0238_B.png,CE4_GRAS_PCAMR-C-035_SCI_N_20190925042147_20190925042147_0076_B.png,2,0,493,840,1,861,285,0,0.0894
572,CE4_GRAS_PCAML-C-001_SCI_N_20211010054157_20211010054157_0213_B.png,CE4_GRAS_PCAMR-C-051_SCI_N_20190925045242_20190925045242_0076_B.png,0,1,1648,185,0,630,1110,-1,0.3011
572,CE4_GRAS_PCAML-C-001_SCI_N_20211010054157_20211010054157_0213_B.png,CE4_GRAS_PCAMR-C-051_SCI_N_20190925045242_20190925045242_0076_B.png,1,1,231,1041,1,1690,686,0,0.3011
572,CE4_GRAS_PCAML-C-001_SCI_N_20211010054157_20211010054157_0213_B.png,CE4_GRAS_PCAMR-C-051_SCI_N_20190925045242_20190925045242_0076_B.png,2,1,1123,455,0,546,1396,-1,0.3011
573,CE4_GRAS_PCAMR-C-001_SCI_N_20220106113934_20220106113934_0226_B.png,CE4_GRAS_PCAMR-C-010_SCI_N_20220527060738_20220527060738_0247_B.png,0,1,1890,339,0,1081,725,-1,0.1002
573,CE4_GRAS_PCAMR-C-001_SCI_N_20220106113934_20220106113934_0226_B.png,CE4_GRAS_PCAMR-C-010_SCI_N_20220527060738_20220527060738_0247_B.png,1,1,1302,177,1,2110,1303,0,0.1002
573,CE4_GRAS_PCAMR-C-001_SCI_N_20220106113934_20220106113934_0226_B.png,CE4_GRAS_PCAMR-C-010_SCI_N_20220527060738_20220527060738_0247_B.png,2,0,1438,1072,0,1438,655,0,0.1002
574,CE4_GRAS_PCAML-C-003_SCI_N_20190905072359_20190905072359_0067_B.png,CE4_GRAS_PCAMR-C-001_SCI_N_20200922125344_20200922125344_0147_B.png,0,0,934,1118,1,1312,300,-1,0.2439
574,CE4_GRAS_PCAML-C-003_SCI_N_20190905072359_20190905072359_0067_B.png,CE4_GRAS_PCAMR-C-001_SCI_N_20200922125344_20200922125344_0147_B.png,1,0,1669,979,0,934,524,0,0.2439
574,CE4_GRAS_PCAML-C-003_SCI_N_20190905072359_20190905072359_0067_B.png,CE4_GRAS_PCAMR-C-001_SCI_N_20200922125344_20200922125344_0147_B.png,2,0,1543,756,0,399,532,1,0.2439
575,CE4_GRAS_PCAML-C-007_SCI_N_20220106114844_20220106114844_0226_B.png,CE4_GRAS_PCAMR-C-018_SCI_N_20230417053329_20230417053329_0288_B.png,0,1,1102,648,1,861,1064,1,0.1435
575,CE4_GRAS_PCAML-C-007_SCI_N_20220106114844_20220106114844_0226_B.png,CE4_GRAS_PCAMR-C-018_SCI_N_20230417053329_20230417053329_0288_B.png,1,0,1921,848,0,1249,1002,0,0.1435
575,CE4_GRAS_PCAML-C-007_SCI_N_20220106114844_20220106114844_0226_B.png,CE4_GRAS_PCAMR-C-018_SCI_N_20230417053329_20230417053329_0288_B.png,2,0,535,964,1,1900,779,1,0.1435
576,CE4_GRAS_PCAML-C-001_SCI_N_20200227112057_20200227112057_0121_B.png,CE4_GRAS_PCAML-C-043_SCI_N_20190228094833_20190228094833_0011_B.png,0,1,1459,617,1,1564,948,1,0.1978
576,CE4_GRAS_PCAML-C-001_SCI_N_20200227112057_20200227112057_0121_B.png,CE4_GRAS_PCAML-C-043_SCI_N_20190228094833_20190228094833_0011_B.png,1,1,1050,671,1,252,385,1,0.1978
576,CE4_GRAS_PCAML-C-001_SCI_N_20200227112057_20200227112057_0121_B.png,CE4_GRAS_PCAML-C-043_SCI_N_20190228094833_20190228094833_0011_B.png,2,0,483,578,0,934,732,0,0.1978
577,CE4_GRAS_PCAMR-C-012_SCI_N_20221127090949_20221127090949_0269_B.png,CE4_GRAS_PCAMR-C-049_SCI_N_20220106140017_20220106140017_0226_B.png,0,1,1144,524,0,535,1550,1,0.2043
577,CE4_GRAS_PCAMR-C-012_SCI_N_20221127090949_20221127090949_0269_B.png,CE4_GRAS_PCAMR-C-049_SCI_N_20220106140017_20220106140017_0226_B.png,1,1,1963,933,1,273,362,-1,0.2043
577,CE4_GRAS_PCAMR-C-012_SCI_N_20221127090949_20221127090949_0269_B.png,CE4_GRAS_PCAMR-C-049_SCI_N_20220106140017_20220106140017_0226_B.png,2,0,1165,540,1,1533,748,1,0.2043
578,CE4_GRAS_PCAML-C-016_SCI_N_20230615040519_20230615040519_0296_B.png,CE4_GRAS_PCAMR-C-053_SCI_N_20230417063758_20230417063758_0288_B.png,0,0,262,1473,1,1008,740,0,0.0240
578,CE4_GRAS_PCAML-C-016_SCI_N_20230615040519_20230615040519_0296_B.png,CE4_GRAS_PCAMR-C-053_SCI_N_20230417063758_20230417063758_0288_B.png,1,0,1974,1481,1,1942,223,0,0.0240
578,CE4_GRAS_PCAML-C-016_SCI_N_20230615040519_20230615040519_0296_B.png,CE4_GRAS_PCAMR-C-053_SCI_N_20230417063758_20230417063758_0288_B.png,2,0,808,848,1,1953,1504,1,0.0240
579,CE4_GRAS_PCAML-C-007_SCI_N_20210507061512_20210507061512_0187_B.png,CE4_GRAS_PCAMR-C-002_SCI_N_20190429144000_20190429144000_0033_B.png,0,0,1522,439,1,987,1218,-1,0.0921
579,CE4_GRAS_PCAML-C-007_SCI_N_20210507061512_20210507061512_0187_B.png,CE4_GRAS_PCAMR-C-002_SCI_N_20190429144000_20190429144000_0033_B.png,1,1,934,848,0,472,246,1,0.0921
579,CE4_GRAS_PCAML-C-007_SCI_N_20210507061512_20210507061512_0187_B.png,CE4_GRAS_PCAMR-C-002_SCI_N_20190429144000_20190429144000_0033_B.png,2,1,1365,393,1,1753,1419,-1,0.0921
580,CE4_GRAS_PCAML-C-013_SCI_N_20220128101750_20220128101750_0230_B.png,CE4_GRAS_PCAMR-C-007_SCI_N_20190429145101_20190429145101_0033_B.png,0,0,714,1018,1,241,239,1,0.0905
580,CE4_GRAS_PCAML-C-013_SCI_N_20220128101750_20220128101750_0230_B.png,CE4_GRAS_PCAMR-C-007_SCI_N_20190429145101_20190429145101_0033_B.png,1,0,1816,462,0,1239,840,0,0.0905
580,CE4_GRAS_PCAML-C-013_SCI_N_20220128101750_20220128101750_0230_B.png,CE4_GRAS_PCAMR-C-007_SCI_N_20190429145101_20190429145101_0033_B.png,2,0,2079,1465,1,1680,601,0,0.0905
581,CE4_GRAS_PCAML-C-010_SCI_N_20190111034804_20190111034804_0002_B.png,CE4_GRAS_PCAMR-C-000_SCI_N_20190228081503_20190228081503_0011_B.png,0,1,682,192,0,1680,655,-1,0.1016
581,CE4_GRAS_PCAML-C-010_SCI_N_20190111034804_20190111034804_0002_B.png,CE4_GRAS_PCAMR-C-000_SCI_N_20190228081503_20190228081503_0011_B.png,1,0,1711,300,0,294,1172,1,0.1016
581,CE4_GRAS_PCAML-C-010_SCI_N_20190111034804_20190111034804_0002_B.png,CE4_GRAS_PCAMR-C-000_SCI_N_20190228081503_20190228081503_0011_B.png,2,0,861,478,0,1470,995,1,0.1016
582,CE4_GRAS_PCAMR-C-006_SCI_N_20211229080742_20211229080742_0224_B.png,CE4_GRAS_PCAMR-C-009_SCI_N_20230417051548_20230417051548_0288_B.png,0,1,1344,1126,0,934,401,0,0.2980
582,CE4_GRAS_PCAMR-C-006_SCI_N_20211229080742_20211229080742_0224_B.png,CE4_GRAS_PCAMR-C-009_SCI_N_20230417051548_20230417051548_0288_B.png,1,0,1354,640,1,1638,555,-1,0.2980
582,CE4_GRAS_PCAMR-C-006_SCI_N_20211229080742_20211229080742_0224_B.png,CE4_GRAS_PCAMR-C-009_SCI_N_20230417051548_20230417051548_0288_B.png,2,1,1942,671,0,556,1512,1,0.2980
583,CE4_GRAS_PCAML-C-003_SCI_N_20211229075921_20211229075921_0224_B.png,CE4_GRAS_PCAML-C-004_SCI_N_20220920064510_20220920064510_0256_B.png,0,1,1879,254,1,1711,1396,1,0.1501
583,CE4_GRAS_PCAML-C-003_SCI_N_20211229075921_20211229075921_0224_B.png,CE4_GRAS_PCAML-C-004_SCI_N_20220920064510_20220920064510_0256_B.png,1,0,661,231,1,1029,493,-1,0.1501
583,CE4_GRAS_PCAML-C-003_SCI_N_20211229075921_20211229075921_0224_B.png,CE4_GRAS_PCAML-C-004_SCI_N_20220920064510_20220920064510_0256_B.png,2,1,2047,1018,0,672,678,0,0.1501
584,CE4_GRAS_PCAMR-C-000_SCI_N_20210507055216_20210507055216_0187_B.png,CE4_GRAS_PCAMR-C-005_SCI_N_20220328090318_20220328090318_0237_B.png,0,1,1848,748,0,1617,833,0,0.2168
584,CE4_GRAS_PCAMR-C-000_SCI_N_20210507055216_20210507055216_0187_B.png,CE4_GRAS_PCAMR-C-005_SCI_N_20220328090318_20220328090318_0237_B.png,1,0,966,825,0,1890,1311,1,0.2168
584,CE4_GRAS_PCAMR-C-000_SCI_N_20210507055216_20210507055216_0187_B.png,CE4_GRAS_PCAMR-C-005_SCI_N_20220328090318_20220328090318_0237_B.png,2,0,273,439,0,861,1458,1,0.2168
585,CE4_GRAS_PCAML-C-005_SCI_N_20211230070217_20211230070217_0225_B.png,CE4_GRAS_PCAML-C-051_SCI_N_20190228095913_20190228095913_0011_B.png,0,0,1071,1141,1,367,308,-1,0.0987
585,CE4_GRAS_PCAML-C-005_SCI_N_20211230070217_20211230070217_0225_B.png,CE4_GRAS_PCAML-C-051_SCI_N_20190228095913_20190228095913_0011_B.png,1,1,1732,655,0,1911,208,1,0.0987
585,CE4_GRAS_PCAML-C-005_SCI_N_20211230070217_20211230070217_0225_B.png,CE4_GRAS_PCAML-C-051_SCI_N_20190228095913_20190228095913_0011_B.png,2,1,609,1535,1,2079,833,0,0.0987
586,CE4_GRAS_PCAML-C-002_SCI_N_20190104041756_20190104041756_0001_B.png,CE4_GRAS_PCAML-C-009_SCI_N_20211010055349_20211010055349_0213_B.png,0,1,1543,277,0,1050,732,-1,0.0421
586,CE4_GRAS_PCAML-C-002_SCI_N_20190104041756_20190104041756_0001_B.png,CE4_GRAS_PCAML-C-009_SCI_N_20211010055349_20211010055349_0213_B.png,1,0,514,1380,0,1260,1134,-1,0.0421
586,CE4_GRAS_PCAML-C-002_SCI_N_20190104041756_20190104041756_0001_B.png,CE4_GRAS_PCAML-C-009_SCI_N_20211010055349_20211010055349_0213_B.png,2,0,262,702,0,1995,1272,1,0.0421
587,CE4_GRAS_PCAML-C-003_SCI_N_20230615033537_20230615033537_0296_B.png,CE4_GRAS_PCAMR-C-047_SCI_N_20190925044722_20190925044722_0076_B.png,0,1,231,1442,0,294,810,-1,0.4319
587,CE4_GRAS_PCAML-C-003_SCI_N_20230615033537_20230615033537_0296_B.png,CE4_GRAS_PCAMR-C-047_SCI_N_20190925044722_20190925044722_0076_B.png,1,0,745,200,0,1606,262,0,0.4319
587,CE4_GRAS_PCAML-C-003_SCI_N_20230615033537_20230615033537_0296_B.png,CE4_GRAS_PCAMR-C-047_SCI_N_20190925044722_20190925044722_0076_B.png,2,1,1501,1234,0,1176,1018,0,0.4319
588,CE4_GRAS_PCAML-C-000_SCI_N_20220824053054_20220824053054_0253_B.png,CE4_GRAS_PCAMR-C-021_SCI_N_20221127092348_20221127092348_0269_B.png,0,0,1648,1481,0,1008,1512,0,0.3309
588,CE4_GRAS_PCAML-C-000_SCI_N_20220824053054_20220824053054_0253_B.png,CE4_GRAS_PCAMR-C-021_SCI_N_20221127092348_20221127092348_0269_B.png,1,1,1312,1002,0,1890,979,-1,0.3309
588,CE4_GRAS_PCAML-C-000_SCI_N_20220824053054_20220824053054_0253_B.png,CE4_GRAS_PCAMR-C-021_SCI_N_20221127092348_20221127092348_0269_B.png,2,1,1900,1134,0,1900,254,-1,0.3309
589,CE4_GRAS_PCAML-C-010_SCI_N_20200428094844_20200428094844_0128_B.png,CE4_GRAS_PCAMR-C-016_SCI_N_20211030022907_20211030022907_0215_B.png,0,0,1890,516,1,252,779,-1,0.1735
589,CE4_GRAS_PCAML-C-010_SCI_N_20200428094844_20200428094844_0128_B.png,CE4_GRAS_PCAMR-C-016_SCI_N_20211030022907_20211030022907_0215_B.png,1,1,1260,1211,0,1228,1411,0,0.1735
589,CE4_GRAS_PCAML-C-010_SCI_N_20200428094844_20200428094844_0128_B.png,CE4_GRAS_PCAMR-C-016_SCI_N_20211030022907_20211030022907_0215_B.png,2,0,1029,339,1,325,362,-1,0.1735
590,CE4_GRAS_PCAMR-C-000_SCI_N_20190905071802_20190905071802_0067_B.png,CE4_GRAS_PCAMR-C-010_SCI_N_20191202053932_20191202053932_0097_B.png,0,1,1417,424,1,1365,1442,0,0.3591
590,CE4_GRAS_PCAMR-C-000_SCI_N_20190905071802_20190905071802_0067_B.png,CE4_GRAS_PCAMR-C-010_SCI_N_20191202053932_20191202053932_0097_B.png,1,1,462,501,0,514,1087,0,0.3591
590,CE4_GRAS_PCAMR-C-000_SCI_N_20190905071802_20190905071802_0067_B.png,CE4_GRAS_PCAMR-C-010_SCI_N_20191202053932_20191202053932_0097_B.png,2,0,1564,1080,1,1449,941,0,0.3591
591,CE4_GRAS_PCAML-C-007_SCI_N_20230417051207_20230417051207_0288_B.png,CE4_GRAS_PCAMR-C-007_SCI_N_20210207091336_20210207091336_0172_B.png,0,0,1092,1164,1,1963,1288,0,0.2256
591,CE4_GRAS_PCAML-C-007_SCI_N_20230417051207_20230417051207_0288_B.png,CE4_GRAS_PCAMR-C-007_SCI_N_20210207091336_20210207091336_0172_B.png,1,1,1974,339,0,1102,864,-1,0.2256
591,CE4_GRAS_PCAML-C-007_SCI_N_20230417051207_20230417051207_0288_B.png,CE4_GRAS_PCAMR-C-007_SCI_N_20210207091336_20210207091336_0172_B.png,2,0,1795,1087,0,724,887,-1,0.2256
592,CE4_GRAS_PCAML-C-002_SCI_N_20200428093231_20200428093231_0128_B.png,CE4_GRAS_PCAML-C-029_SCI_N_20190925041403_20190925041403_0076_B.png,0,0,1659,300,0,840,1226,-1,0.0861
592,CE4_GRAS_PCAML-C-002_SCI_N_20200428093231_20200428093231_0128_B.png,CE4_GRAS_PCAML-C-029_SCI_N_20190925041403_20190925041403_0076_B.png,1,0,294,671,0,861,378,1,0.0861
592,CE4_GRAS_PCAML-C-002_SCI_N_20200428093231_20200428093231_0128_B.png,CE4_GRAS_PCAML-C-029_SCI_N_20190925041403_20190925041403_0076_B.png,2,1,850,455,1,1617,817,0,0.0861
593,CE4_GRAS_PCAML-C-008_SCI_N_20220106115013_20220106115013_0226_B.png,CE4_GRAS_PCAMR-C-003_SCI_N_20210811100453_20210811100453_0203_B.png,0,1,945,393,1,1459,1473,0,0.4308
593,CE4_GRAS_PCAML-C-008_SCI_N_20220106115013_20220106115013_0226_B.png,CE4_GRAS_PCAMR-C-003_SCI_N_20210811100453_20210811100453_0203_B.png,1,0,1984,1450,0,651,308,0,0.4308
593,CE4_GRAS_PCAML-C-008_SCI_N_20220106115013_20220106115013_0226_B.png,CE4_GRAS_PCAMR-C-003_SCI_N_20210811100453_20210811100453_0203_B.png,2,0,924,1280,1,273,894,1,0.4308
594,CE4_GRAS_PCAML-C-004_SCI_N_20211030020753_20211030020753_0215_B.png,CE4_GRAS_PCAML-C-006_SCI_N_20200428094248_20200428094248_0128_B.png,0,0,1396,1496,0,1848,1334,0,0.2328
594,CE4_GRAS_PCAML-C-004_SCI_N_20211030020753_20211030020753_0215_B.png,CE4_GRAS_PCAML-C-006_SCI_N_20200428094248_20200428094248_0128_B.png,1,0,1008,1404,0,756,455,1,0.2328
594,CE4_GRAS_PCAML-C-004_SCI_N_20211030020753_20211030020753_0215_B.png,CE4_GRAS_PCAML-C-006_SCI_N_20200428094248_20200428094248_0128_B.png,2,1,1953,1404,0,577,231,-1,0.2328
595,CE4_GRAS_PCAML-C-003_SCI_N_20201218131000_20201218131000_0162_B.png,CE4_GRAS_PCAMR-C-005_SCI_N_20200329051453_20200329051453_0124_B.png,0,1,1449,810,1,1617,300,0,0.2163
595,CE4_GRAS_PCAML-C-003_SCI_N_20201218131000_20201218131000_0162_B.png,CE4_GRAS_PCAMR-C-005_SCI_N_20200329051453_20200329051453_0124_B.png,1,0,577,586,1,808,1434,1,0.2163
595,CE4_GRAS_PCAML-C-003_SCI_N_20201218131000_20201218131000_0162_B.png,CE4_GRAS_PCAMR-C-005_SCI_N_20200329051453_20200329051453_0124_B.png,2,1,1753,601,0,1753,223,-1,0.2163
596,CE4_GRAS_PCAML-C-005_SCI_N_20190110212053_20190110212053_0002_B.png,CE4_GRAS_PCAMR-C-027_SCI_N_20230417055011_20230417055011_0288_B.png,0,0,1711,609,0,1333,1211,-1,0.1614
596,CE4_GRAS_PCAML-C-005_SCI_N_20190110212053_20190110212053_0002_B.png,CE4_GRAS_PCAMR-C-027_SCI_N_20230417055011_20230417055011_0288_B.png,1,1,976,1141,0,1743,216,-1,0.1614
596,CE4_GRAS_PCAML-C-005_SCI_N_20190110212053_20190110212053_0002_B.png,CE4_GRAS_PCAMR-C-027_SCI_N_20230417055011_20230417055011_0288_B.png,2,0,924,1149,0,1060,848,0,0.1614
597,CE4_GRAS_PCAML-C-010_SCI_N_20230615034600_20230615034600_0296_B.png,CE4_GRAS_PCAMR-C-038_SCI_N_20230615044702_20230615044702_0296_B.png,0,0,378,756,1,1722,1319,1,0.2079
597,CE4_GRAS_PCAML-C-010_SCI_N_20230615034600_20230615034600_0296_B.png,CE4_GRAS_PCAMR-C-038_SCI_N_20230615044702_20230615044702_0296_B.png,1,1,1260,1026,0,1491,987,-1,0.2079
597,CE4_GRAS_PCAML-C-010_SCI_N_20230615034600_20230615034600_0296_B.png,CE4_GRAS_PCAMR-C-038_SCI_N_20230615044702_20230615044702_0296_B.png,2,0,1963,362,0,514,1164,1,0.2079
598,CE4_GRAS_PCAML-C-006_SCI_N_20210207091223_20210207091223_0172_B.png,CE4_GRAS_PCAML-C-040_SCI_N_20230417061445_20230417061445_0288_B.png,0,0,1480,948,1,1932,1188,0,0.2744
598,CE4_GRAS_PCAML-C-006_SCI_N_20210207091223_20210207091223_0172_B.png,CE4_GRAS_PCAML-C-040_SCI_N_20230417061445_20230417061445_0288_B.png,1,0,1638,1396,1,651,347,0,0.2744
598,CE4_GRAS_PCAML-C-006_SCI_N_20210207091223_20210207091223_0172_B.png,CE4_GRAS_PCAML-C-040_SCI_N_20230417061445_20230417061445_0288_B.png,2,1,1218,316,1,1512,1342,1,0.2744
599,CE4_GRAS_PCAML-C-011_SCI_N_20211010060013_20211010060013_0213_B.png,CE4_GRAS_PCAMR-C-037_SCI_N_20220106123849_20220106123849_0226_B.png,0,1,1323,1157,0,1575,547,0,0.1994
599,CE4_GRAS_PCAML-C-011_SCI_N_20211010060013_20211010060013_0213_B.png,CE4_GRAS_PCAMR-C-037_SCI_N_20220106123849_20220106123849_0226_B.png,1,0,1554,208,1,1869,655,0,0.1994
599,CE4_GRAS_PCAML-C-011_SCI_N_20211010060013_20211010060013_0213_B.png,CE4_GRAS_PCAMR-C-037_SCI_N_20220106123849_20220106123849_0226_B.png,2,1,735,308,0,420,1218,1,0.1994
600,CE4_GRAS_PCAMR-C-002_SCI_N_20220922061335_20220922061335_0258_B.png,CE4_GRAS_PCAMR-C-003_SCI_N_20210208064651_20210208064651_0173_B.png,0,0,1669,424,0,588,1026,1,0.1956
600,CE4_GRAS_PCAMR-C-002_SCI_N_20220922061335_20220922061335_0258_B.png,CE4_GRAS_PCAMR-C-003_SCI_N_20210208064651_20210208064651_0173_B.png,1,0,2058,1211,1,745,1203,-1,0.1956
600,CE4_GRAS_PCAMR-C-002_SCI_N_20220922061335_20220922061335_0258_B.png,CE4_GRAS_PCAMR-C-003_SCI_N_20210208064651_20210208064651_0173_B.png,2,1,483,370,1,1008,331,0,0.1956
601,CE4_GRAS_PCAML-C-004_SCI_N_20210507055828_20210507055828_0187_B.png,CE4_GRAS_PCAMR-C-000_SCI_N_20210811100026_20210811100026_0203_B.png,0,1,2110,1026,1,1449,401,0,0.1341
601,CE4_GRAS_PCAML-C-004_SCI_N_20210507055828_20210507055828_0187_B.png,CE4_GRAS_PCAMR-C-000_SCI_N_20210811100026_20210811100026_0203_B.png,1,0,1743,1218,1,1365,1434,-1,0.1341
601,CE4_GRAS_PCAML-C-004_SCI_N_20210507055828_20210507055828_0187_B.png,CE4_GRAS_PCAMR-C-000_SCI_N_20210811100026_20210811100026_0203_B.png,2,0,1291,1226,1,420,1118,1,0.1341
602,CE4_GRAS_PCAML-C-021_SCI_N_20221127092404_20221127092404_0269_B.png,CE4_GRAS_PCAMR-C-000_SCI_N_20190903091446_20190903091446_0061_B.png,0,0,409,578,1,1659,1272,1,0.0780
602,CE4_GRAS_PCAML-C-021_SCI_N_20221127092404_20221127092404_0269_B.png,CE4_GRAS_PCAMR-C-000_SCI_N_20190903091446_20190903091446_0061_B.png,1,0,819,586,0,1837,300,1,0.0780
602,CE4_GRAS_PCAML-C-021_SCI_N_20221127092404_20221127092404_0269_B.png,CE4_GRAS_PCAMR-C-000_SCI_N_20190903091446_20190903091446_0061_B.png,2,1,2100,663,1,1018,632,0,0.0780
603,CE4_GRAS_PCAML-C-013_SCI_N_20201211041135_20201211041135_0161_B.png,CE4_GRAS_PCAMR-C-004_SCI_N_20190708044110_20190708044110_0048_B.png,0,0,577,347,1,2079,1342,0,0.1310
603,CE4_GRAS_PCAML-C-013_SCI_N_20201211041135_20201211041135_0161_B.png,CE4_GRAS_PCAMR-C-004_SCI_N_20190708044110_20190708044110_0048_B.png,1,1,766,1188,1,1302,285,0,0.1310
603,CE4_GRAS_PCAML-C-013_SCI_N_20201211041135_20201211041135_0161_B.png,CE4_GRAS_PCAMR-C-004_SCI_N_20190708044110_20190708044110_0048_B.png,2,1,1921,972,0,1554,1373,1,0.1310
604,CE4_GRAS_PCAML-C-021_SCI_N_20190228085155_20190228085155_0011_B.png,CE4_GRAS_PCAMR-C-010_SCI_N_20220831073809_20220831073809_0255_B.png,0,0,262,1041,1,1270,1095,-1,0.1634
604,CE4_GRAS_PCAML-C-021_SCI_N_20190228085155_20190228085155_0011_B.png,CE4_GRAS_PCAMR-C-010_SCI_N_20220831073809_20220831073809_0255_B.png,1,1,231,246,1,493,416,1,0.1634
604,CE4_GRAS_PCAML-C-021_SCI_N_20190228085155_20190228085155_0011_B.png,CE4_GRAS_PCAMR-C-010_SCI_N_20220831073809_20220831073809_0255_B.png,2,0,1963,216,0,1428,1018,0,0.1634
605,CE4_GRAS_PCAML-C-009_SCI_N_20200320093225_20200320093225_0123_B.png,CE4_GRAS_PCAMR-C-007_SCI_N_20210812043005_20210812043005_0204_B.png,0,0,987,871,1,567,1434,0,0.1838
605,CE4_GRAS_PCAML-C-009_SCI_N_20200320093225_20200320093225_0123_B.png,CE4_GRAS_PCAMR-C-007_SCI_N_20210812043005_20210812043005_0204_B.png,1,0,409,1542,1,1753,879,0,0.1838
605,CE4_GRAS_PCAML-C-009_SCI_N_20200320093225_20200320093225_0123_B.png,CE4_GRAS_PCAMR-C-007_SCI_N_20210812043005_20210812043005_0204_B.png,2,1,1260,856,1,546,1110,0,0.1838
606,CE4_GRAS_PCAMR-C-007_SCI_N_20211010055035_20211010055035_0213_B.png,CE4_GRAS_PCAMR-C-031_SCI_N_20190925041627_20190925041627_0076_B.png,0,1,2100,709,0,241,1234,0,0.1879
606,CE4_GRAS_PCAMR-C-007_SCI_N_20211010055035_20211010055035_0213_B.png,CE4_GRAS_PCAMR-C-031_SCI_N_20190925041627_20190925041627_0076_B.png,1,1,273,655,1,798,655,0,0.1879
606,CE4_GRAS_PCAMR-C-007_SCI_N_20211010055035_20211010055035_0213_B.png,CE4_GRAS_PCAMR-C-031_SCI_N_20190925041627_20190925041627_0076_B.png,2,0,2079,316,1,714,1411,1,0.1879
607,CE4_GRAS_PCAML-C-011_SCI_N_20220329085436_20220329085436_0238_B.png,CE4_GRAS_PCAMR-C-002_SCI_N_20210812041925_20210812041925_0204_B.png,0,0,1396,216,1,903,393,0,0.3056
607,CE4_GRAS_PCAML-C-011_SCI_N_20220329085436_20220329085436_0238_B.png,CE4_GRAS_PCAMR-C-002_SCI_N_20210812041925_20210812041925_0204_B.png,1,0,1039,817,0,819,169,0,0.3056
607,CE4_GRAS_PCAML-C-011_SCI_N_20220329085436_20220329085436_0238_B.png,CE4_GRAS_PCAMR-C-002_SCI_N_20210812041925_20210812041925_0204_B.png,2,0,1071,1404,0,1092,362,0,0.3056
608,CE4_GRAS_PCAML-C-010_SCI_N_20200227113903_20200227113903_0121_B.png,CE4_GRAS_PCAMR-C-030_SCI_N_20230417055820_20230417055820_0288_B.png,0,0,1396,408,0,808,424,0,0.3533
608,CE4_GRAS_PCAML-C-010_SCI_N_20200227113903_20200227113903_0121_B.png,CE4_GRAS_PCAMR-C-030_SCI_N_20230417055820_20230417055820_0288_B.png,1,0,1501,1110,0,1722,933,0,0.3533
608,CE4_GRAS_PCAML-C-010_SCI_N_20200227113903_20200227113903_0121_B.png,CE4_GRAS_PCAMR-C-030_SCI_N_20230417055820_20230417055820_0288_B.png,2,0,546,293,0,798,1211,0,0.3533
609,CE4_GRAS_PCAML-C-003_SCI_N_20220920064341_20220920064341_0256_B.png,CE4_GRAS_PCAMR-C-005_SCI_N_20210507055941_20210507055941_0187_B.png,0,1,1764,1419,1,640,439,-1,0.2584
609,CE4_GRAS_PCAML-C-003_SCI_N_20220920064341_20220920064341_0256_B.png,CE4_GRAS_PCAMR-C-005_SCI_N_20210507055941_20210507055941_0187_B.png,1,0,1008,1002,0,378,1334,-1,0.2584
609,CE4_GRAS_PCAML-C-003_SCI_N_20220920064341_20220920064341_0256_B.png,CE4_GRAS_PCAMR-C-005_SCI_N_20210507055941_20210507055941_0187_B.png,2,0,966,1319,0,1270,177,-1,0.2584
610,CE4_GRAS_PCAMR-C-003_SCI_N_20190228081903_20190228081903_0011_B.png,CE4_GRAS_PCAMR-C-012_SCI_N_20190925033423_20190925033423_0076_B.png,0,0,1816,192,0,1963,1550,0,0.0131
610,CE4_GRAS_PCAMR-C-003_SCI_N_20190228081903_20190228081903_0011_B.png,CE4_GRAS_PCAMR-C-012_SCI_N_20190925033423_20190925033423_0076_B.png,1,0,892,1180,1,1323,300,-1,0.0131
610,CE4_GRAS_PCAMR-C-003_SCI_N_20190228081903_20190228081903_0011_B.png,CE4_GRAS_PCAMR-C-012_SCI_N_20190925033423_20190925033423_0076_B.png,2,0,1543,324,0,1879,1010,0,0.0131
611,CE4_GRAS_PCAML-C-008_SCI_N_20200320093056_20200320093056_0123_B.png,CE4_GRAS_PCAMR-C-037_SCI_N_20230417060957_20230417060957_0288_B.png,0,1,1081,540,0,2005,694,0,0.2898
611,CE4_GRAS_PCAML-C-008_SCI_N_20200320093056_20200320093056_0123_B.png,CE4_GRAS_PCAMR-C-037_SCI_N_20230417060957_20230417060957_0288_B.png,1,1,1827,648,0,1302,663,0,0.2898
611,CE4_GRAS_PCAML-C-008_SCI_N_20200320093056_20200320093056_0123_B.png,CE4_GRAS_PCAMR-C-037_SCI_N_20230417060957_20230417060957_0288_B.png,2,0,987,555,0,987,1072,0,0.2898
612,CE4_GRAS_PCAMR-C-003_SCI_N_20201012043606_20201012043606_0148_B.png,CE4_GRAS_PCAMR-C-005_SCI_N_20191221121546_20191221121546_0099_B.png,0,0,1480,1326,0,1480,941,-1,0.2515
612,CE4_GRAS_PCAMR-C-003_SCI_N_20201012043606_20201012043606_0148_B.png,CE4_GRAS_PCAMR-C-005_SCI_N_20191221121546_20191221121546_0099_B.png,1,1,1932,408,1,924,532,-1,0.2515
612,CE4_GRAS_PCAMR-C-003_SCI_N_20201012043606_20201012043606_0148_B.png,CE4_GRAS_PCAMR-C-005_SCI_N_20191221121546_20191221121546_0099_B.png,2,1,483,1149,0,2110,594,-1,0.2515
613,CE4_GRAS_PCAML-C-007_SCI_N_20201211040241_20201211040241_0161_B.png,CE4_GRAS_PCAMR-C-005_SCI_N_20200428093643_20200428093643_0128_B.png,0,1,1260,1002,0,241,948,1,0.1112
613,CE4_GRAS_PCAML-C-007_SCI_N_20201211040241_20201211040241_0161_B.png,CE4_GRAS_PCAMR-C-005_SCI_N_20200428093643_20200428093643_0128_B.png,1,0,703,1049,0,1260,887,0,0.1112
613,CE4_GRAS_PCAML-C-007_SCI_N_20201211040241_20201211040241_0161_B.png,CE4_GRAS_PCAMR-C-005_SCI_N_20200428093643_20200428093643_0128_B.png,2,0,1155,1334,1,388,462,0,0.1112
614,CE4_GRAS_PCAMR-C-001_SCI_N_20190729012002_20190729012002_0050_B.png,CE4_GRAS_PCAMR-C-019_SCI_N_20220106120635_20220106120635_0226_B.png,0,0,640,1519,1,1585,563,0,0.0691
614,CE4_GRAS_PCAMR-C-001_SCI_N_20190729012002_20190729012002_0050_B.png,CE4_GRAS_PCAMR-C-019_SCI_N_20220106120635_20220106120635_0226_B.png,1,1,1333,393,0,1806,1350,1,0.0691
614,CE4_GRAS_PCAMR-C-001_SCI_N_20190729012002_20190729012002_0050_B.png,CE4_GRAS_PCAMR-C-019_SCI_N_20220106120635_20220106120635_0226_B.png,2,1,483,239,1,1869,1203,1,0.0691
615,CE4_GRAS_PCAML-C-017_SCI_N_20230417053212_20230417053212_0288_B.png,CE4_GRAS_PCAMR-C-002_SCI_N_20220604061130_20220604061130_0249_B.png,0,1,462,501,1,819,925,0,0.1771
615,CE4_GRAS_PCAML-C-017_SCI_N_20230417053212_20230417053212_0288_B.png,CE4_GRAS_PCAMR-C-002_SCI_N_20220604061130_20220604061130_0249_B.png,1,0,640,1458,1,1218,1056,-1,0.1771
615,CE4_GRAS_PCAML-C-017_SCI_N_20230417053212_20230417053212_0288_B.png,CE4_GRAS_PCAMR-C-002_SCI_N_20220604061130_20220604061130_0249_B.png,2,0,556,300,1,1890,578,0,0.1771
616,CE4_GRAS_PCAML-C-010_SCI_N_20220920065533_20220920065533_0256_B.png,CE4_GRAS_PCAML-C-043_SCI_N_20220106134753_20220106134753_0226_B.png,0,1,619,563,1,682,840,0,0.1014
616,CE4_GRAS_PCAML-C-010_SCI_N_20220920065533_20220920065533_0256_B.png,CE4_GRAS_PCAML-C-043_SCI_N_20220106134753_20220106134753_0226_B.png,1,1,1743,378,1,304,1365,0,0.1014
616,CE4_GRAS_PCAML-C-010_SCI_N_20220920065533_20220920065533_0256_B.png,CE4_GRAS_PCAML-C-043_SCI_N_20220106134753_20220106134753_0226_B.png,2,1,934,1172,1,1953,694,0,0.1014
617,CE4_GRAS_PCAML-C-000_SCI_N_20191221120837_20191221120837_0099_B.png,CE4_GRAS_PCAMR-C-009_SCI_N_20210507061754_20210507061754_0187_B.png,0,1,672,810,0,1543,817,0,0.0959
617,CE4_GRAS_PCAML-C-000_SCI_N_20191221120837_20191221120837_0099_B.png,CE4_GRAS_PCAMR-C-009_SCI_N_20210507061754_20210507061754_0187_B.png,1,0,871,725,1,724,1087,0,0.0959
617,CE4_GRAS_PCAML-C-000_SCI_N_20191221120837_20191221120837_0099_B.png,CE4_GRAS_PCAMR-C-009_SCI_N_20210507061754_20210507061754_0187_B.png,2,0,2100,1388,1,378,563,0,0.0959
618,CE4_GRAS_PCAML-C-000_SCI_N_20190925031838_20190925031838_0076_B.png,CE4_GRAS_PCAMR-C-006_SCI_N_20201218131411_20201218131411_0162_B.png,0,1,1071,331,1,1701,979,1,0.1684
618,CE4_GRAS_PCAML-C-000_SCI_N_20190925031838_20190925031838_0076_B.png,CE4_GRAS_PCAMR-C-006_SCI_N_20201218131411_20201218131411_0162_B.png,1,1,556,1149,0,1806,1203,1,0.1684
618,CE4_GRAS_PCAML-C-000_SCI_N_20190925031838_20190925031838_0076_B.png,CE4_GRAS_PCAMR-C-006_SCI_N_20201218131411_20201218131411_0162_B.png,2,0,1239,362,1,1942,524,0,0.1684
619,CE4_GRAS_PCAML-C-001_SCI_N_20190903112931_20190903112931_0061_B.png,CE4_GRAS_PCAML-C-005_SCI_N_20230417050823_20230417050823_0288_B.png,0,0,577,1203,1,1081,694,-1,0.1721
619,CE4_GRAS_PCAML-C-001_SCI_N_20190903112931_20190903112931_0061_B.png,CE4_GRAS_PCAML-C-005_SCI_N_20230417050823_20230417050823_0288_B.png,1,1,882,1512,0,871,493,0,0.1721
619,CE4_GRAS_PCAML-C-001_SCI_N_20190903112931_20190903112931_0061_B.png,CE4_GRAS_PCAML-C-005_SCI_N_20230417050823_20230417050823_0288_B.png,2,1,2037,817,1,2100,1095,1,0.1721
620,CE4_GRAS_PCAML-C-000_SCI_N_20220603072815_20220603072815_0248_B.png,CE4_GRAS_PCAMR-C-006_SCI_N_20211230070330_20211230070330_0225_B.png,0,0,1218,547,0,357,702,0,0.1718
620,CE4_GRAS_PCAML-C-000_SCI_N_20220603072815_20220603072815_0248_B.png,CE4_GRAS_PCAMR-C-006_SCI_N_20211230070330_20211230070330_0225_B.png,1,0,1323,1535,0,766,648,-1,0.1718
620,CE4_GRAS_PCAML-C-000_SCI_N_20220603072815_20220603072815_0248_B.png,CE4_GRAS_PCAMR-C-006_SCI_N_20211230070330_20211230070330_0225_B.png,2,1,682,208,0,2016,1303,-1,0.1718
621,CE4_GRAS_PCAMR-C-004_SCI_N_20210811100622_20210811100622_0203_B.png,CE4_GRAS_PCAMR-C-013_SCI_N_20220930062533_20220930062533_0260_B.png,0,0,1186,686,1,346,439,1,0.3485
621,CE4_GRAS_PCAMR-C-004_SCI_N_20210811100622_20210811100622_0203_B.png,CE4_GRAS_PCAMR-C-013_SCI_N_20220930062533_20220930062533_0260_B.png,1,1,315,856,1,1774,617,1,0.3485
621,CE4_GRAS_PCAMR-C-004_SCI_N_20210811100622_20210811100622_0203_B.png,CE4_GRAS_PCAMR-C-013_SCI_N_20220930062533_20220930062533_0260_B.png,2,1,945,486,1,1680,1103,0,0.3485
622,CE4_GRAS_PCAML-C-048_SCI_N_20190925044857_20190925044857_0076_B.png,CE4_GRAS_PCAMR-C-002_SCI_N_20190112101059_20190112101059_0003_B.png,0,0,1732,293,0,1911,1010,0,0.2627
622,CE4_GRAS_PCAML-C-048_SCI_N_20190925044857_20190925044857_0076_B.png,CE4_GRAS_PCAMR-C-002_SCI_N_20190112101059_20190112101059_0003_B.png,1,1,777,840,0,430,439,1,0.2627
622,CE4_GRAS_PCAML-C-048_SCI_N_20190925044857_20190925044857_0076_B.png,CE4_GRAS_PCAMR-C-002_SCI_N_20190112101059_20190112101059_0003_B.png,2,1,2079,941,1,1806,702,0,0.2627
623,CE4_GRAS_PCAMR-C-000_SCI_N_20220328085010_20220328085010_0237_B.png,CE4_GRAS_PCAMR-C-015_SCI_N_20220106120039_20220106120039_0226_B.png,0,1,1722,1126,1,1659,293,-1,0.2619
623,CE4_GRAS_PCAMR-C-000_SCI_N_20220328085010_20220328085010_0237_B.png,CE4_GRAS_PCAMR-C-015_SCI_N_20220106120039_20220106120039_0226_B.png,1,1,1438,1496,1,997,262,-1,0.2619
623,CE4_GRAS_PCAMR-C-000_SCI_N_20220328085010_20220328085010_0237_B.png,CE4_GRAS_PCAMR-C-015_SCI_N_20220106120039_20220106120039_0226_B.png,2,1,1543,794,1,567,887,1,0.2619
624,CE4_GRAS_PCAML-C-010_SCI_N_20220128101323_20220128101323_0230_B.png,CE4_GRAS_PCAML-C-018_SCI_N_20220106120522_20220106120522_0226_B.png,0,1,1312,501,1,640,470,0,0.3418
624,CE4_GRAS_PCAML-C-010_SCI_N_20220128101323_20220128101323_0230_B.png,CE4_GRAS_PCAML-C-018_SCI_N_20220106120522_20220106120522_0226_B.png,1,0,829,1504,0,1312,1064,-1,0.3418
624,CE4_GRAS_PCAML-C-010_SCI_N_20220128101323_20220128101323_0230_B.png,CE4_GRAS_PCAML-C-018_SCI_N_20220106120522_20220106120522_0226_B.png,2,1,1417,1103,1,1344,1535,-1,0.3418
625,CE4_GRAS_PCAML-C-011_SCI_N_20190111034924_20190111034924_0002_B.png,CE4_GRAS_PCAMR-C-017_SCI_N_20230615040632_20230615040632_0296_B.png,0,0,1018,1064,0,1722,941,-1,0.2008
625,CE4_GRAS_PCAML-C-011_SCI_N_20190111034924_20190111034924_0002_B.png,CE4_GRAS_PCAMR-C-017_SCI_N_20230615040632_20230615040632_0296_B.png,1,0,1291,786,1,1386,1265,0,0.2008
625,CE4_GRAS_PCAML-C-011_SCI_N_20190111034924_20190111034924_0002_B.png,CE4_GRAS_PCAMR-C-017_SCI_N_20230615040632_20230615040632_0296_B.png,2,0,2100,1010,1,378,293,-1,0.2008
626,CE4_GRAS_PCAML-C-033_SCI_N_20190925041923_20190925041923_0076_B.png,CE4_GRAS_PCAMR-C-012_SCI_N_20220128101606_20220128101606_0230_B.png,0,1,1186,1488,0,1050,1033,1,0.0221
626,CE4_GRAS_PCAML-C-033_SCI_N_20190925041923_20190925041923_0076_B.png,CE4_GRAS_PCAMR-C-012_SCI_N_20220128101606_20220128101606_0230_B.png,1,1,231,1380,0,1953,316,1,0.0221
626,CE4_GRAS_PCAML-C-033_SCI_N_20190925041923_20190925041923_0076_B.png,CE4_GRAS_PCAMR-C-012_SCI_N_20220128101606_20220128101606_0230_B.png,2,1,1890,979,0,1575,277,1,0.0221
627,CE4_GRAS_PCAMR-C-005_SCI_N_20201218131242_20201218131242_0162_B.png,CE4_GRAS_PCAMR-C-008_SCI_N_20230615034246_20230615034246_0296_B.png,0,1,1848,1103,1,399,1496,0,0.3386
627,CE4_GRAS_PCAMR-C-005_SCI_N_20201218131242_20201218131242_0162_B.png,CE4_GRAS_PCAMR-C-008_SCI_N_20230615034246_20230615034246_0296_B.png,1,1,1974,763,1,1365,1334,1,0.3386
627,CE4_GRAS_PCAMR-C-005_SCI_N_20201218131242_20201218131242_0162_B.png,CE4_GRAS_PCAMR-C-008_SCI_N_20230615034246_20230615034246_0296_B.png,2,0,798,1458,1,2079,1265,0,0.3386
628,CE4_GRAS_PCAML-C-004_SCI_N_20220106114417_20220106114417_0226_B.png,CE4_GRAS_PCAMR-C-001_SCI_N_20190112100940_20190112100940_0003_B.png,0,0,1207,424,1,378,779,0,0.0528
628,CE4_GRAS_PCAML-C-004_SCI_N_20220106114417_20220106114417_0226_B.png,CE4_GRAS_PCAMR-C-001_SCI_N_20190112100940_20190112100940_0003_B.png,1,0,1092,1141,1,1155,1303,0,0.0528
628,CE4_GRAS_PCAML-C-004_SCI_N_20220106114417_20220106114417_0226_B.png,CE4_GRAS_PCAMR-C-001_SCI_N_20190112100940_20190112100940_0003_B.png,2,0,1638,1512,0,420,316,0,0.0528
629,CE4_GRAS_PCAML-C-004_SCI_N_20191202052704_20191202052704_0097_B.png,CE4_GRAS_PCAMR-C-000_SCI_N_20190827051940_20190827051940_0059_B.png,0,1,1459,1126,1,1113,1342,0,0.2808
629,CE4_GRAS_PCAML-C-004_SCI_N_20191202052704_20191202052704_0097_B.png,CE4_GRAS_PCAMR-C-000_SCI_N_20190827051940_20190827051940_0059_B.png,1,0,1743,1049,1,1858,810,1,0.2808
629,CE4_GRAS_PCAML-C-004_SCI_N_20191202052704_20191202052704_0097_B.png,CE4_GRAS_PCAMR-C-000_SCI_N_20190827051940_20190827051940_0059_B.png,2,0,462,192,0,273,1149,1,0.2808
630,CE4_GRAS_PCAML-C-004_SCI_N_20211229080050_20211229080050_0224_B.png,CE4_GRAS_PCAMR-C-015_SCI_N_20230615040334_20230615040334_0296_B.png,0,0,1218,231,0,1354,1203,1,0.1130
630,CE4_GRAS_PCAML-C-004_SCI_N_20211229080050_20211229080050_0224_B.png,CE4_GRAS_PCAMR-C-015_SCI_N_20230615040334_20230615040334_0296_B.png,1,1,1512,840,0,1113,840,1,0.1130
630,CE4_GRAS_PCAML-C-004_SCI_N_20211229080050_20211229080050_0224_B.png,CE4_GRAS_PCAMR-C-015_SCI_N_20230615040334_20230615040334_0296_B.png,2,1,861,925,1,976,470,-1,0.1130
631,CE4_GRAS_PCAMR-C-011_SCI_N_20220920065646_20220920065646_0256_B.png,CE4_GRAS_PCAMR-C-029_SCI_N_20230615043341_20230615043341_0296_B.png,0,0,252,1026,0,1669,1180,1,0.1795
631,CE4_GRAS_PCAMR-C-011_SCI_N_20220920065646_20220920065646_0256_B.png,CE4_GRAS_PCAMR-C-029_SCI_N_20230615043341_20230615043341_0296_B.png,1,0,903,339,0,630,1334,1,0.1795
631,CE4_GRAS_PCAMR-C-011_SCI_N_20220920065646_20220920065646_0256_B.png,CE4_GRAS_PCAMR-C-029_SCI_N_20230615043341_20230615043341_0296_B.png,2,0,1354,987,1,1659,192,0,0.1795
632,CE4_GRAS_PCAML-C-003_SCI_N_20190110211813_20190110211813_0002_B.png,CE4_GRAS_PCAMR-C-013_SCI_N_20201211041119_20201211041119_0161_B.png,0,0,819,817,1,1606,324,1,0.2838
632,CE4_GRAS_PCAML-C-003_SCI_N_20190110211813_20190110211813_0002_B.png,CE4_GRAS_PCAMR-C-013_SCI_N_20201211041119_20201211041119_0161_B.png,1,0,987,1481,0,588,586,-1,0.2838
632,CE4_GRAS_PCAML-C-003_SCI_N_20190110211813_20190110211813_0002_B.png,CE4_GRAS_PCAMR-C-013_SCI_N_20201211041119_20201211041119_0161_B.png,2,1,1375,1188,0,1365,1488,0,0.2838
633,CE4_GRAS_PCAML-C-005_SCI_N_20211229080629_20211229080629_0224_B.png,CE4_GRAS_PCAMR-C-005_SCI_N_20200320092347_20200320092347_0123_B.png,0,1,609,1396,0,1029,833,1,0.1321
633,CE4_GRAS_PCAML-C-005_SCI_N_20211229080629_20211229080629_0224_B.png,CE4_GRAS_PCAMR-C-005_SCI_N_20200320092347_20200320092347_0123_B.png,1,0,535,1404,0,1375,177,0,0.1321
633,CE4_GRAS_PCAML-C-005_SCI_N_20211229080629_20211229080629_0224_B.png,CE4_GRAS_PCAMR-C-005_SCI_N_20200320092347_20200320092347_0123_B.png,2,0,1774,293,1,1659,362,-1,0.1321
634,CE4_GRAS_PCAML-C-052_SCI_N_20190228100033_20190228100033_0011_B.png,CE4_GRAS_PCAMR-C-011_SCI_N_20190925033303_20190925033303_0076_B.png,0,0,1659,678,1,1480,1103,1,0.0891
634,CE4_GRAS_PCAML-C-052_SCI_N_20190228100033_20190228100033_0011_B.png,CE4_GRAS_PCAMR-C-011_SCI_N_20190925033303_20190925033303_0076_B.png,1,0,1071,1458,1,745,1465,1,0.0891
634,CE4_GRAS_PCAML-C-052_SCI_N_20190228100033_20190228100033_0011_B.png,CE4_GRAS_PCAMR-C-011_SCI_N_20190925033303_20190925033303_0076_B.png,2,0,1617,1242,1,787,347,-1,0.0891
635,CE4_GRAS_PCAML-C-001_SCI_N_20200922125400_20200922125400_0147_B.png,CE4_GRAS_PCAML-C-033_SCI_N_20230615043952_20230615043952_0296_B.png,0,1,409,354,0,430,1434,0,0.2805
635,CE4_GRAS_PCAML-C-001_SCI_N_20200922125400_20200922125400_0147_B.png,CE4_GRAS_PCAML-C-033_SCI_N_20230615043952_20230615043952_0296_B.png,1,1,1155,1049,0,1564,1234,0,0.2805
635,CE4_GRAS_PCAML-C-001_SCI_N_20200922125400_20200922125400_0147_B.png,CE4_GRAS_PCAML-C-033_SCI_N_20230615043952_20230615043952_0296_B.png,2,0,1207,817,1,745,1411,1,0.2805
636,CE4_GRAS_PCAMR-C-008_SCI_N_20230417051405_20230417051405_0288_B.png,CE4_GRAS_PCAMR-C-010_SCI_N_20220106115314_20220106115314_0226_B.png,0,0,1375,408,0,1638,871,1,0.1017
636,CE4_GRAS_PCAMR-C-008_SCI_N_20230417051405_20230417051405_0288_B.png,CE4_GRAS_PCAMR-C-010_SCI_N_20220106115314_20220106115314_0226_B.png,1,0,1911,1180,0,1102,594,-1,0.1017
636,CE4_GRAS_PCAMR-C-008_SCI_N_20230417051405_20230417051405_0288_B.png,CE4_GRAS_PCAMR-C-010_SCI_N_20220106115314_20220106115314_0226_B.png,2,0,1060,840,1,441,1496,1,0.1017
637,CE4_GRAS_PCAMR-C-008_SCI_N_20210812043134_20210812043134_0204_B.png,CE4_GRAS_PCAMR-C-042_SCI_N_20190925044042_20190925044042_0076_B.png,0,1,1627,339,0,1722,1180,0,0.0560
637,CE4_GRAS_PCAMR-C-008_SCI_N_20210812043134_20210812043134_0204_B.png,CE4_GRAS_PCAMR-C-042_SCI_N_20190925044042_20190925044042_0076_B.png,1,1,1060,1535,0,1963,339,0,0.0560
637,CE4_GRAS_PCAMR-C-008_SCI_N_20210812043134_20210812043134_0204_B.png,CE4_GRAS_PCAMR-C-042_SCI_N_20190925044042_20190925044042_0076_B.png,2,1,1890,501,1,1344,702,-1,0.0560
638,CE4_GRAS_PCAML-C-001_SCI_N_20220604061017_20220604061017_0249_B.png,CE4_GRAS_PCAML-C-013_SCI_N_20220930062549_20220930062549_0260_B.png,0,1,945,262,0,640,833,-1,0.1300
638,CE4_GRAS_PCAML-C-001_SCI_N_20220604061017_20220604061017_0249_B.png,CE4_GRAS_PCAML-C-013_SCI_N_20220930062549_20220930062549_0260_B.png,1,0,1512,972,0,1144,1272,1,0.1300
638,CE4_GRAS_PCAML-C-001_SCI_N_20220604061017_20220604061017_0249_B.png,CE4_GRAS_PCAML-C-013_SCI_N_20220930062549_20220930062549_0260_B.png,2,0,1585,223,0,966,972,0,0.1300
639,CE4_GRAS_PCAML-C-012_SCI_N_20190228083119_20190228083119_0011_B.png,CE4_GRAS_PCAMR-C-006_SCI_N_20210207091208_20210207091208_0172_B.png,0,0,1102,995,0,1743,524,0,0.1504
639,CE4_GRAS_PCAML-C-012_SCI_N_20190228083119_20190228083119_0011_B.png,CE4_GRAS_PCAMR-C-006_SCI_N_20210207091208_20210207091208_0172_B.png,1,0,609,1157,0,1627,1442,0,0.1504
639,CE4_GRAS_PCAML-C-012_SCI_N_20190228083119_20190228083119_0011_B.png,CE4_GRAS_PCAMR-C-006_SCI_N_20210207091208_20210207091208_0172_B.png,2,1,609,964,0,2089,717,-1,0.1504
640,CE4_GRAS_PCAML-C-012_SCI_N_20201012045325_20201012045325_0148_B.png,CE4_GRAS_PCAMR-C-001_SCI_N_20200329050341_20200329050341_0124_B.png,0,0,1596,239,1,2058,1342,0,0.1165
640,CE4_GRAS_PCAML-C-012_SCI_N_20201012045325_20201012045325_0148_B.png,CE4_GRAS_PCAMR-C-001_SCI_N_20200329050341_20200329050341_0124_B.png,1,0,504,1388,1,388,1319,1,0.1165
640,CE4_GRAS_PCAML-C-012_SCI_N_20201012045325_20201012045325_0148_B.png,CE4_GRAS_PCAMR-C-001_SCI_N_20200329050341_20200329050341_0124_B.png,2,0,1501,547,0,388,478,-1,0.1165
641,CE4_GRAS_PCAMR-C-001_SCI_N_20190508023739_20190508023739_0035_B.png,CE4_GRAS_PCAMR-C-009_SCI_N_20221127085200_20221127085200_0269_B.png,0,1,451,447,0,1365,1334,0,0.1662
641,CE4_GRAS_PCAMR-C-001_SCI_N_20190508023739_20190508023739_0035_B.png,CE4_GRAS_PCAMR-C-009_SCI_N_20221127085200_20221127085200_0269_B.png,1,1,1480,1373,0,903,254,-1,0.1662
641,CE4_GRAS_PCAMR-C-001_SCI_N_20190508023739_20190508023739_0035_B.png,CE4_GRAS_PCAMR-C-009_SCI_N_20221127085200_20221127085200_0269_B.png,2,0,1837,694,0,1092,1103,1,0.1662
642,CE4_GRAS_PCAML-C-013_SCI_N_20211010060311_20211010060311_0213_B.png,CE4_GRAS_PCAMR-C-000_SCI_N_20200922125215_20200922125215_0147_B.png,0,1,2058,655,0,1953,1288,0,0.3568
642,CE4_GRAS_PCAML-C-013_SCI_N_20211010060311_20211010060311_0213_B.png,CE4_GRAS_PCAMR-C-000_SCI_N_20200922125215_20200922125215_0147_B.png,1,0,336,1072,1,1816,208,1,0.3568
642,CE4_GRAS_PCAML-C-013_SCI_N_20211010060311_20211010060311_0213_B.png,CE4_GRAS_PCAMR-C-000_SCI_N_20200922125215_20200922125215_0147_B.png,2,1,1249,254,1,1071,1041,1,0.3568
643,CE4_GRAS_PCAML-C-022_SCI_N_20190228085315_20190228085315_0011_B.png,CE4_GRAS_PCAMR-C-048_SCI_N_20230417062940_20230417062940_0288_B.png,0,1,1144,493,1,2079,956,0,0.4082
643,CE4_GRAS_PCAML-C-022_SCI_N_20190228085315_20190228085315_0011_B.png,CE4_GRAS_PCAMR-C-048_SCI_N_20230417062940_20230417062940_0288_B.png,1,0,1932,223,1,262,632,1,0.4082
643,CE4_GRAS_PCAML-C-022_SCI_N_20190228085315_20190228085315_0011_B.png,CE4_GRAS_PCAMR-C-048_SCI_N_20230417062940_20230417062940_0288_B.png,2,0,861,1141,0,766,339,1,0.4082
644,CE4_GRAS_PCAML-C-022_SCI_N_20230417054215_20230417054215_0288_B.png,CE4_GRAS_PCAMR-C-000_SCI_N_20220329083748_20220329083748_0238_B.png,0,1,1890,671,1,346,671,0,0.0367
644,CE4_GRAS_PCAML-C-022_SCI_N_20230417054215_20230417054215_0288_B.png,CE4_GRAS_PCAMR-C-000_SCI_N_20220329083748_20220329083748_0238_B.png,1,1,2100,933,0,682,1365,1,0.0367
644,CE4_GRAS_PCAML-C-022_SCI_N_20230417054215_20230417054215_0288_B.png,CE4_GRAS_PCAMR-C-000_SCI_N_20220329083748_20220329083748_0238_B.png,2,1,1260,192,1,1302,763,0,0.0367
645,CE4_GRAS_PCAML-C-007_SCI_N_20210208065727_20210208065727_0173_B.png,CE4_GRAS_PCAMR-C-023_SCI_N_20190925035441_20190925035441_0076_B.png,0,1,1428,1211,1,1837,1550,1,0.1577
645,CE4_GRAS_PCAML-C-007_SCI_N_20210208065727_20210208065727_0173_B.png,CE4_GRAS_PCAMR-C-023_SCI_N_20190925035441_20190925035441_0076_B.png,1,0,588,1010,1,1543,1434,0,0.1577
645,CE4_GRAS_PCAML-C-007_SCI_N_20210208065727_20210208065727_0173_B.png,CE4_GRAS_PCAMR-C-023_SCI_N_20190925035441_20190925035441_0076_B.png,2,0,1732,941,0,2058,756,0,0.1577
646,CE4_GRAS_PCAMR-C-007_SCI_N_20220128100803_20220128100803_0230_B.png,CE4_GRAS_PCAMR-C-011_SCI_N_20230615034713_20230615034713_0296_B.png,0,0,1144,640,1,1134,1126,0,0.3869
646,CE4_GRAS_PCAMR-C-007_SCI_N_20220128100803_20220128100803_0230_B.png,CE4_GRAS_PCAMR-C-011_SCI_N_20230615034713_20230615034713_0296_B.png,1,0,1764,1326,1,546,1249,-1,0.3869
646,CE4_GRAS_PCAMR-C-007_SCI_N_20220128100803_20220128100803_0230_B.png,CE4_GRAS_PCAMR-C-011_SCI_N_20230615034713_20230615034713_0296_B.png,2,0,472,470,0,1638,385,0,0.3869
647,CE4_GRAS_PCAML-C-003_SCI_N_20191221121303_20191221121303_0099_B.png,CE4_GRAS_PCAMR-C-001_SCI_N_20211229075607_20211229075607_0224_B.png,0,1,1480,833,0,630,833,1,0.3335
647,CE4_GRAS_PCAML-C-003_SCI_N_20191221121303_20191221121303_0099_B.png,CE4_GRAS_PCAMR-C-001_SCI_N_20211229075607_20211229075607_0224_B.png,1,0,2100,1519,0,1344,424,1,0.3335
647,CE4_GRAS_PCAML-C-003_SCI_N_20191221121303_20191221121303_0099_B.png,CE4_GRAS_PCAMR-C-001_SCI_N_20211229075607_20211229075607_0224_B.png,2,1,987,1473,1,2068,1134,-1,0.3335
648,CE4_GRAS_PCAML-C-002_SCI_N_20190228081759_20190228081759_0011_B.png,CE4_GRAS_PCAML-C-019_SCI_N_20230615040946_20230615040946_0296_B.png,0,0,1186,1064,0,1932,833,0,0.1910
648,CE4_GRAS_PCAML-C-002_SCI_N_20190228081759_20190228081759_0011_B.png,CE4_GRAS_PCAML-C-019_SCI_N_20230615040946_20230615040946_0296_B.png,1,0,840,254,0,1732,185,0,0.1910
648,CE4_GRAS_PCAML-C-002_SCI_N_20190228081759_20190228081759_0011_B.png,CE4_GRAS_PCAML-C-019_SCI_N_20230615040946_20230615040946_0296_B.png,2,0,378,486,1,735,964,1,0.1910
649,CE4_GRAS_PCAML-C-008_SCI_N_20210811101543_20210811101543_0203_B.png,CE4_GRAS_PCAMR-C-003_SCI_N_20200120082742_20200120082742_0112_B.png,0,1,493,794,0,283,1134,0,0.1682
649,CE4_GRAS_PCAML-C-008_SCI_N_20210811101543_20210811101543_0203_B.png,CE4_GRAS_PCAMR-C-003_SCI_N_20200120082742_20200120082742_0112_B.png,1,0,1701,709,1,903,655,0,0.1682
649,CE4_GRAS_PCAML-C-008_SCI_N_20210811101543_20210811101543_0203_B.png,CE4_GRAS_PCAMR-C-003_SCI_N_20200120082742_20200120082742_0112_B.png,2,1,1554,1126,1,1459,609,-1,0.1682
650,CE4_GRAS_PCAML-C-002_SCI_N_20220930060518_20220930060518_0260_B.png,CE4_GRAS_PCAML-C-010_SCI_N_20201218132421_20201218132421_0162_B.png,0,0,997,1018,1,1911,1388,0,0.2521
650,CE4_GRAS_PCAML-C-002_SCI_N_20220930060518_20220930060518_0260_B.png,CE4_GRAS_PCAML-C-010_SCI_N_20201218132421_20201218132421_0162_B.png,1,1,598,1203,1,735,262,0,0.2521
650,CE4_GRAS_PCAML-C-002_SCI_N_20220930060518_20220930060518_0260_B.png,CE4_GRAS_PCAML-C-010_SCI_N_20201218132421_20201218132421_0162_B.png,2,1,672,1519,1,1092,995,0,0.2521
651,CE4_GRAS_PCAMR-C-001_SCI_N_20190827094354_20190827094354_0060_B.png,CE4_GRAS_PCAMR-C-011_SCI_N_20190429145617_20190429145617_0033_B.png,0,0,1354,393,1,514,547,1,0.2451
651,CE4_GRAS_PCAMR-C-001_SCI_N_20190827094354_20190827094354_0060_B.png,CE4_GRAS_PCAMR-C-011_SCI_N_20190429145617_20190429145617_0033_B.png,1,1,1585,956,0,745,1357,-1,0.2451
651,CE4_GRAS_PCAMR-C-001_SCI_N_20190827094354_20190827094354_0060_B.png,CE4_GRAS_PCAMR-C-011_SCI_N_20190429145617_20190429145617_0033_B.png,2,1,1113,1041,1,1638,1527,0,0.2451
652,CE4_GRAS_PCAML-C-002_SCI_N_20210812041940_20210812041940_0204_B.png,CE4_GRAS_PCAML-C-008_SCI_N_20220831073527_20220831073527_0255_B.png,0,1,1071,802,1,493,617,-1,0.2473
652,CE4_GRAS_PCAML-C-002_SCI_N_20210812041940_20210812041940_0204_B.png,CE4_GRAS_PCAML-C-008_SCI_N_20220831073527_20220831073527_0255_B.png,1,1,1512,1002,1,1648,1342,0,0.2473
652,CE4_GRAS_PCAML-C-002_SCI_N_20210812041940_20210812041940_0204_B.png,CE4_GRAS_PCAML-C-008_SCI_N_20220831073527_20220831073527_0255_B.png,2,0,2110,200,1,577,1095,-1,0.2473
653,CE4_GRAS_PCAMR-C-002_SCI_N_20190905072100_20190905072100_0067_B.png,CE4_GRAS_PCAMR-C-048_SCI_N_20230615050624_20230615050624_0296_B.png,0,0,1291,516,1,1176,462,0,0.3615
653,CE4_GRAS_PCAMR-C-002_SCI_N_20190905072100_20190905072100_0067_B.png,CE4_GRAS_PCAMR-C-048_SCI_N_20230615050624_20230615050624_0296_B.png,1,1,661,370,0,1596,316,0,0.3615
653,CE4_GRAS_PCAMR-C-002_SCI_N_20190905072100_20190905072100_0067_B.png,CE4_GRAS_PCAMR-C-048_SCI_N_20230615050624_20230615050624_0296_B.png,2,1,1113,1512,1,1648,385,0,0.3615
654,CE4_GRAS_PCAMR-C-006_SCI_N_20210811101229_20210811101229_0203_B.png,CE4_GRAS_PCAMR-C-013_SCI_N_20201218132833_20201218132833_0162_B.png,0,0,1102,779,0,735,894,-1,0.4387
654,CE4_GRAS_PCAMR-C-006_SCI_N_20210811101229_20210811101229_0203_B.png,CE4_GRAS_PCAMR-C-013_SCI_N_20201218132833_20201218132833_0162_B.png,1,0,241,1242,1,1060,185,0,0.4387
654,CE4_GRAS_PCAMR-C-006_SCI_N_20210811101229_20210811101229_0203_B.png,CE4_GRAS_PCAMR-C-013_SCI_N_20201218132833_20201218132833_0162_B.png,2,1,1816,933,0,346,293,0,0.4387
655,CE4_GRAS_PCAML-C-000_SCI_N_20210207084724_20210207084724_0172_B.png,CE4_GRAS_PCAML-C-009_SCI_N_20220128101154_20220128101154_0230_B.png,0,0,1543,856,0,1543,300,1,0.1337
655,CE4_GRAS_PCAML-C-000_SCI_N_20210207084724_20210207084724_0172_B.png,CE4_GRAS_PCAML-C-009_SCI_N_20220128101154_20220128101154_0230_B.png,1,0,1323,578,0,1554,1164,0,0.1337
655,CE4_GRAS_PCAML-C-000_SCI_N_20210207084724_20210207084724_0172_B.png,CE4_GRAS_PCAML-C-009_SCI_N_20220128101154_20220128101154_0230_B.png,2,0,850,208,0,2068,524,0,0.1337
656,CE4_GRAS_PCAML-C-017_SCI_N_20220329090330_20220329090330_0238_B.png,CE4_GRAS_PCAMR-C-004_SCI_N_20220328090149_20220328090149_0237_B.png,0,1,1690,594,0,1375,1326,-1,0.2394
656,CE4_GRAS_PCAML-C-017_SCI_N_20220329090330_20220329090330_0238_B.png,CE4_GRAS_PCAMR-C-004_SCI_N_20220328090149_20220328090149_0237_B.png,1,0,1722,262,0,903,1249,0,0.2394
656,CE4_GRAS_PCAML-C-017_SCI_N_20220329090330_20220329090330_0238_B.png,CE4_GRAS_PCAMR-C-004_SCI_N_20220328090149_20220328090149_0237_B.png,2,0,1921,1002,1,1008,925,-1,0.2394
657,CE4_GRAS_PCAMR-C-000_SCI_N_20190208204531_20190208204531_0007_B.png,CE4_GRAS_PCAMR-C-003_SCI_N_20200130071528_20200130071528_0115_B.png,0,0,567,925,1,262,1280,1,0.1453
657,CE4_GRAS_PCAMR-C-000_SCI_N_20190208204531_20190208204531_0007_B.png,CE4_GRAS_PCAMR-C-003_SCI_N_20200130071528_20200130071528_0115_B.png,1,1,1060,1118,0,1879,671,-1,0.1453
657,CE4_GRAS_PCAMR-C-000_SCI_N_20190208204531_20190208204531_0007_B.png,CE4_GRAS_PCAMR-C-003_SCI_N_20200130071528_20200130071528_0115_B.png,2,0,997,825,1,598,1195,1,0.1453
658,CE4_GRAS_PCAML-C-000_SCI_N_20190827094241_20190827094241_0060_B.png,CE4_GRAS_PCAML-C-047_SCI_N_20190228095353_20190228095353_0011_B.png,0,1,409,717,0,1596,1550,0,0.1996
658,CE4_GRAS_PCAML-C-000_SCI_N_20190827094241_20190827094241_0060_B.png,CE4_GRAS_PCAML-C-047_SCI_N_20190228095353_20190228095353_0011_B.png,1,1,1795,956,1,882,794,-1,0.1996
658,CE4_GRAS_PCAML-C-000_SCI_N_20190827094241_20190827094241_0060_B.png,CE4_GRAS_PCAML-C-047_SCI_N_20190228095353_20190228095353_0011_B.png,2,1,976,1064,1,1281,509,0,0.1996
659,CE4_GRAS_PCAMR-C-000_SCI_N_20201012043139_20201012043139_0148_B.png,CE4_GRAS_PCAMR-C-009_SCI_N_20200428094659_20200428094659_0128_B.png,0,0,1218,1326,0,262,316,-1,0.3617
659,CE4_GRAS_PCAMR-C-000_SCI_N_20201012043139_20201012043139_0148_B.png,CE4_GRAS_PCAMR-C-009_SCI_N_20200428094659_20200428094659_0128_B.png,1,1,399,763,1,1281,1404,1,0.3617
659,CE4_GRAS_PCAMR-C-000_SCI_N_20201012043139_20201012043139_0148_B.png,CE4_GRAS_PCAMR-C-009_SCI_N_20200428094659_20200428094659_0128_B.png,2,1,367,192,1,609,540,0,0.3617
660,CE4_GRAS_PCAML-C-001_SCI_N_20210208064408_20210208064408_0173_B.png,CE4_GRAS_PCAMR-C-001_SCI_N_20200130070519_20200130070519_0115_B.png,0,0,1869,640,1,1081,1411,1,0.1602
660,CE4_GRAS_PCAML-C-001_SCI_N_20210208064408_20210208064408_0173_B.png,CE4_GRAS_PCAMR-C-001_SCI_N_20200130070519_20200130070519_0115_B.png,1,0,336,1434,1,315,948,0,0.1602
660,CE4_GRAS_PCAML-C-001_SCI_N_20210208064408_20210208064408_0173_B.png,CE4_GRAS_PCAMR-C-001_SCI_N_20200130070519_20200130070519_0115_B.png,2,0,714,725,0,682,470,-1,0.1602
661,CE4_GRAS_PCAML-C-007_SCI_N_20190925032758_20190925032758_0076_B.png,CE4_GRAS_PCAML-C-011_SCI_N_20220831073954_20220831073954_0255_B.png,0,1,787,331,0,1039,563,-1,0.3434
661,CE4_GRAS_PCAML-C-007_SCI_N_20190925032758_20190925032758_0076_B.png,CE4_GRAS_PCAML-C-011_SCI_N_20220831073954_20220831073954_0255_B.png,1,0,1480,424,1,577,655,1,0.3434
661,CE4_GRAS_PCAML-C-007_SCI_N_20190925032758_20190925032758_0076_B.png,CE4_GRAS_PCAML-C-011_SCI_N_20220831073954_20220831073954_0255_B.png,2,0,703,1064,0,462,285,0,0.3434
662,CE4_GRAS_PCAMR-C-007_SCI_N_20200320092911_20200320092911_0123_B.png,CE4_GRAS_PCAMR-C-009_SCI_N_20220922062430_20220922062430_0258_B.png,0,0,567,1141,1,1470,987,0,0.0786
662,CE4_GRAS_PCAMR-C-007_SCI_N_20200320092911_20200320092911_0123_B.png,CE4_GRAS_PCAMR-C-009_SCI_N_20220922062430_20220922062430_0258_B.png,1,1,294,802,0,1470,1080,0,0.0786
662,CE4_GRAS_PCAMR-C-007_SCI_N_20200320092911_20200320092911_0123_B.png,CE4_GRAS_PCAMR-C-009_SCI_N_20220922062430_20220922062430_0258_B.png,2,0,1470,462,0,1270,1288,0,0.0786
663,CE4_GRAS_PCAML-C-012_SCI_N_20210507062237_20210507062237_0187_B.png,CE4_GRAS_PCAMR-C-010_SCI_N_20200320093338_20200320093338_0123_B.png,0,0,2100,763,1,346,432,0,0.0354
663,CE4_GRAS_PCAML-C-012_SCI_N_20210507062237_20210507062237_0187_B.png,CE4_GRAS_PCAMR-C-010_SCI_N_20200320093338_20200320093338_0123_B.png,1,0,2016,277,1,966,655,0,0.0354
663,CE4_GRAS_PCAML-C-012_SCI_N_20210507062237_20210507062237_0187_B.png,CE4_GRAS_PCAMR-C-010_SCI_N_20200320093338_20200320093338_0123_B.png,2,1,1732,1334,1,1690,902,0,0.0354
664,CE4_GRAS_PCAMR-C-004_SCI_N_20210507055812_20210507055812_0187_B.png,CE4_GRAS_PCAMR-C-013_SCI_N_20221127091118_20221127091118_0269_B.png,0,0,1606,702,0,640,1180,1,0.0872
664,CE4_GRAS_PCAMR-C-004_SCI_N_20210507055812_20210507055812_0187_B.png,CE4_GRAS_PCAMR-C-013_SCI_N_20221127091118_20221127091118_0269_B.png,1,1,903,925,1,1470,1303,1,0.0872
664,CE4_GRAS_PCAMR-C-004_SCI_N_20210507055812_20210507055812_0187_B.png,CE4_GRAS_PCAMR-C-013_SCI_N_20221127091118_20221127091118_0269_B.png,2,1,1123,509,1,2100,825,0,0.0872
665,CE4_GRAS_PCAML-C-009_SCI_N_20190925033038_20190925033038_0076_B.png,CE4_GRAS_PCAMR-C-013_SCI_N_20211010060255_20211010060255_0213_B.png,0,0,1680,1072,1,378,1442,-1,0.2070
665,CE4_GRAS_PCAML-C-009_SCI_N_20190925033038_20190925033038_0076_B.png,CE4_GRAS_PCAMR-C-013_SCI_N_20211010060255_20211010060255_0213_B.png,1,0,462,1180,0,2016,586,-1,0.2070
665,CE4_GRAS_PCAML-C-009_SCI_N_20190925033038_20190925033038_0076_B.png,CE4_GRAS_PCAMR-C-013_SCI_N_20211010060255_20211010060255_0213_B.png,2,0,1081,1535,0,535,671,-1,0.2070
666,CE4_GRAS_PCAML-C-006_SCI_N_20191202053352_20191202053352_0097_B.png,CE4_GRAS_PCAMR-C-005_SCI_N_20210811100751_20210811100751_0203_B.png,0,1,2068,532,1,367,1427,1,0.2528
666,CE4_GRAS_PCAML-C-006_SCI_N_20191202053352_20191202053352_0097_B.png,CE4_GRAS_PCAMR-C-005_SCI_N_20210811100751_20210811100751_0203_B.png,1,1,724,1033,1,945,362,-1,0.2528
666,CE4_GRAS_PCAML-C-006_SCI_N_20191202053352_20191202053352_0097_B.png,CE4_GRAS_PCAMR-C-005_SCI_N_20210811100751_20210811100751_0203_B.png,2,0,1911,972,1,283,578,0,0.2528
667,CE4_GRAS_PCAML-C-004_SCI_N_20220128100352_20220128100352_0230_B.png,CE4_GRAS_PCAMR-C-004_SCI_N_20210208065244_20210208065244_0173_B.png,0,1,1575,972,0,1764,740,1,0.1700
667,CE4_GRAS_PCAML-C-004_SCI_N_20220128100352_20220128100352_0230_B.png,CE4_GRAS_PCAMR-C-004_SCI_N_20210208065244_20210208065244_0173_B.png,1,1,1123,277,1,1396,1242,0,0.1700
667,CE4_GRAS_PCAML-C-004_SCI_N_20220128100352_20220128100352_0230_B.png,CE4_GRAS_PCAMR-C-004_SCI_N_20210208065244_20210208065244_0173_B.png,2,0,2058,1373,1,1543,208,1,0.1700
668,CE4_GRAS_PCAMR-C-011_SCI_N_20200227114016_20200227114016_0121_B.png,CE4_GRAS_PCAMR-C-019_SCI_N_20230417053509_20230417053509_0288_B.png,0,0,493,648,1,1942,640,-1,0.0736
668,CE4_GRAS_PCAMR-C-011_SCI_N_20200227114016_20200227114016_0121_B.png,CE4_GRAS_PCAMR-C-019_SCI_N_20230417053509_20230417053509_0288_B.png,1,0,1449,1103,1,640,717,-1,0.0736
668,CE4_GRAS_PCAMR-C-011_SCI_N_20200227114016_20200227114016_0121_B.png,CE4_GRAS_PCAMR-C-019_SCI_N_20230417053509_20230417053509_0288_B.png,2,0,1123,239,1,1501,1110,0,0.0736
669,CE4_GRAS_PCAMR-C-006_SCI_N_20220329084642_20220329084642_0238_B.png,CE4_GRAS_PCAMR-C-012_SCI_N_20210812043730_20210812043730_0204_B.png,0,0,1900,601,1,1480,246,0,0.2157
669,CE4_GRAS_PCAMR-C-006_SCI_N_20220329084642_20220329084642_0238_B.png,CE4_GRAS_PCAMR-C-012_SCI_N_20210812043730_20210812043730_0204_B.png,1,0,1575,925,0,252,1249,1,0.2157
669,CE4_GRAS_PCAMR-C-006_SCI_N_20220329084642_20220329084642_0238_B.png,CE4_GRAS_PCAMR-C-012_SCI_N_20210812043730_20210812043730_0204_B.png,2,0,367,493,0,451,817,0,0.2157
670,CE4_GRAS_PCAML-C-054_SCI_N_20230417063947_20230417063947_0288_B.png,CE4_GRAS_PCAMR-C-001_SCI_N_20200101040133_20200101040133_0111_B.png,0,0,609,1149,0,2068,1527,1,0.3355
670,CE4_GRAS_PCAML-C-054_SCI_N_20230417063947_20230417063947_0288_B.png,CE4_GRAS_PCAMR-C-001_SCI_N_20200101040133_20200101040133_0111_B.png,1,0,1638,1242,1,1690,416,0,0.3355
670,CE4_GRAS_PCAML-C-054_SCI_N_20230417063947_20230417063947_0288_B.png,CE4_GRAS_PCAMR-C-001_SCI_N_20200101040133_20200101040133_0111_B.png,2,1,1050,1512,0,2016,555,0,0.3355
671,CE4_GRAS_PCAML-C-007_SCI_N_20230615034133_20230615034133_0296_B.png,CE4_GRAS_PCAMR-C-011_SCI_N_20200329101502_20200329101502_0124_B.png,0,0,577,192,0,955,447,1,0.2848
671,CE4_GRAS_PCAML-C-007_SCI_N_20230615034133_20230615034133_0296_B.png,CE4_GRAS_PCAMR-C-011_SCI_N_20200329101502_20200329101502_0124_B.png,1,0,1795,262,0,378,1242,1,0.2848
671,CE4_GRAS_PCAML-C-007_SCI_N_20230615034133_20230615034133_0296_B.png,CE4_GRAS_PCAMR-C-011_SCI_N_20200329101502_20200329101502_0124_B.png,2,0,1606,717,1,1081,532,0,0.2848
672,CE4_GRAS_PCAML-C-005_SCI_N_20190806114320_20190806114320_0053_B.png,CE4_GRAS_PCAMR-C-006_SCI_N_20201012044033_20201012044033_0148_B.png,0,1,1459,1311,0,987,254,0,0.1902
672,CE4_GRAS_PCAML-C-005_SCI_N_20190806114320_20190806114320_0053_B.png,CE4_GRAS_PCAMR-C-006_SCI_N_20201012044033_20201012044033_0148_B.png,1,1,724,1149,0,1008,1326,1,0.1902
672,CE4_GRAS_PCAML-C-005_SCI_N_20190806114320_20190806114320_0053_B.png,CE4_GRAS_PCAMR-C-006_SCI_N_20201012044033_20201012044033_0148_B.png,2,0,787,933,1,1869,270,-1,0.1902
673,CE4_GRAS_PCAMR-C-004_SCI_N_20190429144238_20190429144238_0033_B.png,CE4_GRAS_PCAMR-C-005_SCI_N_20190827094949_20190827094949_0060_B.png,0,0,273,902,0,1396,640,1,0.3198
673,CE4_GRAS_PCAMR-C-004_SCI_N_20190429144238_20190429144238_0033_B.png,CE4_GRAS_PCAMR-C-005_SCI_N_20190827094949_20190827094949_0060_B.png,1,1,1323,825,1,1932,663,0,0.3198
673,CE4_GRAS_PCAMR-C-004_SCI_N_20190429144238_20190429144238_0033_B.png,CE4_GRAS_PCAMR-C-005_SCI_N_20190827094949_20190827094949_0060_B.png,2,1,808,817,1,2058,393,0,0.3198
674,CE4_GRAS_PCAML-C-002_SCI_N_20220824053352_20220824053352_0253_B.png,CE4_GRAS_PCAMR-C-000_SCI_N_20200130070350_20200130070350_0115_B.png,0,0,357,1095,1,535,547,-1,0.0831
674,CE4_GRAS_PCAML-C-002_SCI_N_20220824053352_20220824053352_0253_B.png,CE4_GRAS_PCAMR-C-000_SCI_N_20200130070350_20200130070350_0115_B.png,1,0,1963,277,0,861,347,1,0.0831
674,CE4_GRAS_PCAML-C-002_SCI_N_20220824053352_20220824053352_0253_B.png,CE4_GRAS_PCAMR-C-000_SCI_N_20200130070350_20200130070350_0115_B.png,2,1,1575,570,1,357,1195,1,0.0831
675,CE4_GRAS_PCAML-C-008_SCI_N_20210812043150_20210812043150_0204_B.png,CE4_GRAS_PCAMR-C-011_SCI_N_20201012045140_20201012045140_0148_B.png,0,0,640,933,1,2037,1033,-1,0.8511
675,CE4_GRAS_PCAML-C-008_SCI_N_20210812043150_20210812043150_0204_B.png,CE4_GRAS_PCAMR-C-011_SCI_N_20201012045140_20201012045140_0148_B.png,1,0,672,1188,0,1638,1411,0,0.8511
675,CE4_GRAS_PCAML-C-008_SCI_N_20210812043150_20210812043150_0204_B.png,CE4_GRAS_PCAMR-C-011_SCI_N_20201012045140_20201012045140_0148_B.png,2,0,1438,1064,0,577,408,-1,0.8511
676,CE4_GRAS_PCAML-C-003_SCI_N_20220527055637_20220527055637_0247_B.png,CE4_GRAS_PCAMR-C-007_SCI_N_20220831073342_20220831073342_0255_B.png,0,0,1260,308,0,304,1134,1,0.3223
676,CE4_GRAS_PCAML-C-003_SCI_N_20220527055637_20220527055637_0247_B.png,CE4_GRAS_PCAMR-C-007_SCI_N_20220831073342_20220831073342_0255_B.png,1,1,304,254,0,1260,1203,0,0.3223
676,CE4_GRAS_PCAML-C-003_SCI_N_20220527055637_20220527055637_0247_B.png,CE4_GRAS_PCAMR-C-007_SCI_N_20220831073342_20220831073342_0255_B.png,2,0,735,362,0,1491,1519,1,0.3223
677,CE4_GRAS_PCAML-C-012_SCI_N_20220930062420_20220930062420_0260_B.png,CE4_GRAS_PCAMR-C-005_SCI_N_20200120083040_20200120083040_0112_B.png,0,1,2068,1519,0,693,216,-1,0.0501
677,CE4_GRAS_PCAML-C-012_SCI_N_20220930062420_20220930062420_0260_B.png,CE4_GRAS_PCAMR-C-005_SCI_N_20200120083040_20200120083040_0112_B.png,1,1,1722,169,1,1806,1388,1,0.0501
677,CE4_GRAS_PCAML-C-012_SCI_N_20220930062420_20220930062420_0260_B.png,CE4_GRAS_PCAMR-C-005_SCI_N_20200120083040_20200120083040_0112_B.png,2,0,945,601,1,2089,856,0,0.0501
678,CE4_GRAS_PCAML-C-013_SCI_N_20220329085734_20220329085734_0238_B.png,CE4_GRAS_PCAML-C-034_SCI_N_20230417060515_20230417060515_0288_B.png,0,0,1491,740,0,1039,840,0,0.3782
678,CE4_GRAS_PCAML-C-013_SCI_N_20220329085734_20220329085734_0238_B.png,CE4_GRAS_PCAML-C-034_SCI_N_20230417060515_20230417060515_0288_B.png,1,0,703,1296,1,1092,1550,0,0.3782
678,CE4_GRAS_PCAML-C-013_SCI_N_20220329085734_20220329085734_0238_B.png,CE4_GRAS_PCAML-C-034_SCI_N_20230417060515_20230417060515_0288_B.png,2,1,976,840,1,2100,1504,0,0.3782
679,CE4_GRAS_PCAMR-C-002_SCI_N_20190827094523_20190827094523_0060_B.png,CE4_GRAS_PCAMR-C-009_SCI_N_20200329052049_20200329052049_0124_B.png,0,0,798,1458,0,1869,470,1,0.0362
679,CE4_GRAS_PCAMR-C-002_SCI_N_20190827094523_20190827094523_0060_B.png,CE4_GRAS_PCAMR-C-009_SCI_N_20200329052049_20200329052049_0124_B.png,1,0,1522,1134,0,409,300,1,0.0362
679,CE4_GRAS_PCAMR-C-002_SCI_N_20190827094523_20190827094523_0060_B.png,CE4_GRAS_PCAMR-C-009_SCI_N_20200329052049_20200329052049_0124_B.png,2,1,630,1195,1,241,223,1,0.0362
680,CE4_GRAS_PCAML-C-003_SCI_N_20220328090035_20220328090035_0237_B.png,CE4_GRAS_PCAML-C-006_SCI_N_20220128100650_20220128100650_0230_B.png,0,0,1564,208,1,1617,1095,0,0.0108
680,CE4_GRAS_PCAML-C-003_SCI_N_20220328090035_20220328090035_0237_B.png,CE4_GRAS_PCAML-C-006_SCI_N_20220128100650_20220128100650_0230_B.png,1,0,241,200,1,955,1218,1,0.0108
680,CE4_GRAS_PCAML-C-003_SCI_N_20220328090035_20220328090035_0237_B.png,CE4_GRAS_PCAML-C-006_SCI_N_20220128100650_20220128100650_0230_B.png,2,1,588,1296,1,1459,216,1,0.0108
681,CE4_GRAS_PCAML-C-010_SCI_N_20220527060753_20220527060753_0247_B.png,CE4_GRAS_PCAMR-C-011_SCI_N_20220106115443_20220106115443_0226_B.png,0,0,2100,1087,0,1092,324,0,0.0338
681,CE4_GRAS_PCAML-C-010_SCI_N_20220527060753_20220527060753_0247_B.png,CE4_GRAS_PCAMR-C-011_SCI_N_20220106115443_20220106115443_0226_B.png,1,0,304,239,0,766,1388,0,0.0338
681,CE4_GRAS_PCAML-C-010_SCI_N_20220527060753_20220527060753_0247_B.png,CE4_GRAS_PCAMR-C-011_SCI_N_20220106115443_20220106115443_0226_B.png,2,1,252,1211,0,693,1026,0,0.0338
682,CE4_GRAS_PCAML-C-001_SCI_N_20191202052237_20191202052237_0097_B.png,CE4_GRAS_PCAML-C-007_SCI_N_20211010055051_20211010055051_0213_B.png,0,0,2100,1080,1,1858,1380,-1,0.0169
682,CE4_GRAS_PCAML-C-001_SCI_N_20191202052237_20191202052237_0097_B.png,CE4_GRAS_PCAML-C-007_SCI_N_20211010055051_20211010055051_0213_B.png,1,0,1071,1542,0,966,470,-1,0.0169
682,CE4_GRAS_PCAML-C-001_SCI_N_20191202052237_20191202052237_0097_B.png,CE4_GRAS_PCAML-C-007_SCI_N_20211010055051_20211010055051_0213_B.png,2,0,567,1434,0,1974,439,-1,0.0169
683,CE4_GRAS_PCAMR-C-015_SCI_N_20190228084339_20190228084339_0011_B.png,CE4_GRAS_PCAMR-C-042_SCI_N_20230417062023_20230417062023_0288_B.png,0,1,483,1218,0,451,632,-1,0.1738
683,CE4_GRAS_PCAMR-C-015_SCI_N_20190228084339_20190228084339_0011_B.png,CE4_GRAS_PCAMR-C-042_SCI_N_20230417062023_20230417062023_0288_B.png,1,1,903,771,1,924,1473,0,0.1738
683,CE4_GRAS_PCAMR-C-015_SCI_N_20190228084339_20190228084339_0011_B.png,CE4_GRAS_PCAMR-C-042_SCI_N_20230417062023_20230417062023_0288_B.png,2,1,409,177,1,945,416,-1,0.1738
684,CE4_GRAS_PCAML-C-008_SCI_N_20230615034302_20230615034302_0296_B.png,CE4_GRAS_PCAMR-C-043_SCI_N_20230417062159_20230417062159_0288_B.png,0,0,871,686,1,1942,1126,1,0.4203
684,CE4_GRAS_PCAML-C-008_SCI_N_20230615034302_20230615034302_0296_B.png,CE4_GRAS_PCAMR-C-043_SCI_N_20230417062159_20230417062159_0288_B.png,1,1,1480,987,0,462,617,0,0.4203
684,CE4_GRAS_PCAML-C-008_SCI_N_20230615034302_20230615034302_0296_B.png,CE4_GRAS_PCAMR-C-043_SCI_N_20230417062159_20230417062159_0288_B.png,2,0,2026,501,1,2005,239,1,0.4203
685,CE4_GRAS_PCAMR-C-003_SCI_N_20220922061504_20220922061504_0258_B.png,CE4_GRAS_PCAMR-C-004_SCI_N_20230615033650_20230615033650_0296_B.png,0,1,1753,1141,1,252,578,-1,0.0567
685,CE4_GRAS_PCAMR-C-003_SCI_N_20220922061504_20220922061504_0258_B.png,CE4_GRAS_PCAMR-C-004_SCI_N_20230615033650_20230615033650_0296_B.png,1,1,346,1195,1,1354,632,-1,0.0567
685,CE4_GRAS_PCAMR-C-003_SCI_N_20220922061504_20220922061504_0258_B.png,CE4_GRAS_PCAMR-C-004_SCI_N_20230615033650_20230615033650_0296_B.png,2,1,441,1488,0,441,601,-1,0.0567
686,CE4_GRAS_PCAML-C-017_SCI_N_20190228084635_20190228084635_0011_B.png,CE4_GRAS_PCAMR-C-007_SCI_N_20200329051751_20200329051751_0124_B.png,0,0,609,802,0,787,177,0,0.1865
686,CE4_GRAS_PCAML-C-017_SCI_N_20190228084635_20190228084635_0011_B.png,CE4_GRAS_PCAMR-C-007_SCI_N_20200329051751_20200329051751_0124_B.png,1,0,1470,1519,1,1900,1249,0,0.1865
686,CE4_GRAS_PCAML-C-017_SCI_N_20190228084635_20190228084635_0011_B.png,CE4_GRAS_PCAMR-C-007_SCI_N_20200329051751_20200329051751_0124_B.png,2,0,325,1049,1,493,879,0,0.1865
687,CE4_GRAS_PCAML-C-006_SCI_N_20201218131427_20201218131427_0162_B.png,CE4_GRAS_PCAML-C-012_SCI_N_20201218132719_20201218132719_0162_B.png,0,1,1711,1041,0,976,748,0,0.3414
687,CE4_GRAS_PCAML-C-006_SCI_N_20201218131427_20201218131427_0162_B.png,CE4_GRAS_PCAML-C-012_SCI_N_20201218132719_20201218132719_0162_B.png,1,1,1144,1134,0,1459,671,0,0.3414
687,CE4_GRAS_PCAML-C-006_SCI_N_20201218131427_20201218131427_0162_B.png,CE4_GRAS_PCAML-C-012_SCI_N_20201218132719_20201218132719_0162_B.png,2,1,798,601,0,556,1527,0,0.3414
688,CE4_GRAS_PCAML-C-001_SCI_N_20210117043500_20210117043500_0166_B.png,CE4_GRAS_PCAMR-C-001_SCI_N_20210507055345_20210507055345_0187_B.png,0,0,556,871,0,619,1350,0,0.4166
688,CE4_GRAS_PCAML-C-001_SCI_N_20210117043500_20210117043500_0166_B.png,CE4_GRAS_PCAMR-C-001_SCI_N_20210507055345_20210507055345_0187_B.png,1,0,1459,1164,1,766,671,0,0.4166
688,CE4_GRAS_PCAML-C-001_SCI_N_20210117043500_20210117043500_0166_B.png,CE4_GRAS_PCAMR-C-001_SCI_N_20210507055345_20210507055345_0187_B.png,2,1,808,208,0,262,601,1,0.4166
689,CE4_GRAS_PCAMR-C-004_SCI_N_20220831072843_20220831072843_0255_B.png,CE4_GRAS_PCAMR-C-022_SCI_N_20190925035321_20190925035321_0076_B.png,0,0,1218,1450,1,556,910,1,0.1509
689,CE4_GRAS_PCAMR-C-004_SCI_N_20220831072843_20220831072843_0255_B.png,CE4_GRAS_PCAMR-C-022_SCI_N_20190925035321_20190925035321_0076_B.png,1,0,1491,771,1,1995,1303,1,0.1509
689,CE4_GRAS_PCAMR-C-004_SCI_N_20220831072843_20220831072843_0255_B.png,CE4_GRAS_PCAMR-C-022_SCI_N_20190925035321_20190925035321_0076_B.png,2,1,1365,246,1,934,1010,0,0.1509
690,CE4_GRAS_PCAML-C-055_SCI_N_20190925045817_20190925045817_0076_B.png,CE4_GRAS_PCAMR-C-001_SCI_N_20190905071931_20190905071931_0067_B.png,0,1,262,424,1,1281,570,0,0.1897
690,CE4_GRAS_PCAML-C-055_SCI_N_20190925045817_20190925045817_0076_B.png,CE4_GRAS_PCAMR-C-001_SCI_N_20190905071931_20190905071931_0067_B.png,1,1,1564,779,1,1659,1303,-1,0.1897
690,CE4_GRAS_PCAML-C-055_SCI_N_20190925045817_20190925045817_0076_B.png,CE4_GRAS_PCAMR-C-001_SCI_N_20190905071931_20190905071931_0067_B.png,2,1,693,362,0,640,1226,0,0.1897
691,CE4_GRAS_PCAML-C-000_SCI_N_20200922125231_20200922125231_0147_B.png,CE4_GRAS_PCAML-C-017_SCI_N_20211030023052_20211030023052_0215_B.png,0,0,1764,956,0,2037,632,0,0.1305
691,CE4_GRAS_PCAML-C-000_SCI_N_20200922125231_20200922125231_0147_B.png,CE4_GRAS_PCAML-C-017_SCI_N_20211030023052_20211030023052_0215_B.png,1,1,525,794,1,1176,1033,0,0.1305
691,CE4_GRAS_PCAML-C-000_SCI_N_20200922125231_20200922125231_0147_B.png,CE4_GRAS_PCAML-C-017_SCI_N_20211030023052_20211030023052_0215_B.png,2,0,441,1427,1,1816,192,0,0.1305
692,CE4_GRAS_PCAML-C-007_SCI_N_20211229080927_20211229080927_0224_B.png,CE4_GRAS_PCAML-C-035_SCI_N_20190228092919_20190228092919_0011_B.png,0,1,1827,1010,0,1260,339,0,0.0868
692,CE4_GRAS_PCAML-C-007_SCI_N_20211229080927_20211229080927_0224_B.png,CE4_GRAS_PCAML-C-035_SCI_N_20190228092919_20190228092919_0011_B.png,1,1,682,902,0,997,840,0,0.0868
692,CE4_GRAS_PCAML-C-007_SCI_N_20211229080927_20211229080927_0224_B.png,CE4_GRAS_PCAML-C-035_SCI_N_20190228092919_20190228092919_0011_B.png,2,1,1575,617,0,462,601,0,0.0868
693,CE4_GRAS_PCAML-C-010_SCI_N_20190429145514_20190429145514_0033_B.png,CE4_GRAS_PCAML-C-028_SCI_N_20190925040933_20190925040933_0076_B.png,0,0,955,316,1,766,1002,-1,0.0510
693,CE4_GRAS_PCAML-C-010_SCI_N_20190429145514_20190429145514_0033_B.png,CE4_GRAS_PCAML-C-028_SCI_N_20190925040933_20190925040933_0076_B.png,1,1,1354,678,0,1155,1303,0,0.0510
693,CE4_GRAS_PCAML-C-010_SCI_N_20190429145514_20190429145514_0033_B.png,CE4_GRAS_PCAML-C-028_SCI_N_20190925040933_20190925040933_0076_B.png,2,0,850,1535,0,1816,817,0,0.0510
694,CE4_GRAS_PCAML-C-030_SCI_N_20190228092239_20190228092239_0011_B.png,CE4_GRAS_PCAMR-C-011_SCI_N_20220831073938_20220831073938_0255_B.png,0,0,483,655,1,472,1126,-1,0.0951
694,CE4_GRAS_PCAML-C-030_SCI_N_20190228092239_20190228092239_0011_B.png,CE4_GRAS_PCAMR-C-011_SCI_N_20220831073938_20220831073938_0255_B.png,1,1,1974,1488,0,231,1334,1,0.0951
694,CE4_GRAS_PCAML-C-030_SCI_N_20190228092239_20190228092239_0011_B.png,CE4_GRAS_PCAMR-C-011_SCI_N_20220831073938_20220831073938_0255_B.png,2,0,1029,555,1,2089,640,-1,0.0951
695,CE4_GRAS_PCAML-C-009_SCI_N_20200428094715_20200428094715_0128_B.png,CE4_GRAS_PCAML-C-010_SCI_N_20210812043448_20210812043448_0204_B.png,0,0,798,1172,0,1806,1512,1,0.1053
695,CE4_GRAS_PCAML-C-009_SCI_N_20200428094715_20200428094715_0128_B.png,CE4_GRAS_PCAML-C-010_SCI_N_20210812043448_20210812043448_0204_B.png,1,1,1134,1527,1,357,1010,1,0.1053
695,CE4_GRAS_PCAML-C-009_SCI_N_20200428094715_20200428094715_0128_B.png,CE4_GRAS_PCAML-C-010_SCI_N_20210812043448_20210812043448_0204_B.png,2,0,336,547,0,1375,1110,0,0.1053
696,CE4_GRAS_PCAML-C-001_SCI_N_20200131013256_20200131013256_0116_B.png,CE4_GRAS_PCAMR-C-028_SCI_N_20190925040917_20190925040917_0076_B.png,0,1,1480,216,1,609,177,0,0.4545
696,CE4_GRAS_PCAML-C-001_SCI_N_20200131013256_20200131013256_0116_B.png,CE4_GRAS_PCAMR-C-028_SCI_N_20190925040917_20190925040917_0076_B.png,1,0,241,840,1,724,1342,1,0.4545
696,CE4_GRAS_PCAML-C-001_SCI_N_20200131013256_20200131013256_0116_B.png,CE4_GRAS_PCAMR-C-028_SCI_N_20190925040917_20190925040917_0076_B.png,2,1,357,810,0,861,864,-1,0.4545
697,CE4_GRAS_PCAMR-C-000_SCI_N_20220824053038_20220824053038_0253_B.png,CE4_GRAS_PCAMR-C-048_SCI_N_20190228095458_20190228095458_0011_B.png,0,1,378,424,1,934,910,0,0.4048
697,CE4_GRAS_PCAMR-C-000_SCI_N_20220824053038_20220824053038_0253_B.png,CE4_GRAS_PCAMR-C-048_SCI_N_20190228095458_20190228095458_0011_B.png,1,0,1554,594,1,1470,1095,-1,0.4048
697,CE4_GRAS_PCAMR-C-000_SCI_N_20220824053038_20220824053038_0253_B.png,CE4_GRAS_PCAMR-C-048_SCI_N_20190228095458_20190228095458_0011_B.png,2,1,819,1319,0,1092,594,0,0.4048
698,CE4_GRAS_PCAML-C-006_SCI_N_20190111034051_20190111034051_0002_B.png,CE4_GRAS_PCAMR-C-028_SCI_N_20190228091633_20190228091633_0011_B.png,0,1,1753,609,0,1543,995,-1,0.2121
698,CE4_GRAS_PCAML-C-006_SCI_N_20190111034051_20190111034051_0002_B.png,CE4_GRAS_PCAMR-C-028_SCI_N_20190228091633_20190228091633_0011_B.png,1,1,2100,1535,0,1921,972,-1,0.2121
698,CE4_GRAS_PCAML-C-006_SCI_N_20190111034051_20190111034051_0002_B.png,CE4_GRAS_PCAMR-C-028_SCI_N_20190228091633_20190228091633_0011_B.png,2,1,1407,956,0,2068,624,-1,0.2121
699,CE4_GRAS_PCAML-C-010_SCI_N_20210507061939_20210507061939_0187_B.png,CE4_GRAS_PCAMR-C-001_SCI_N_20220329083917_20220329083917_0238_B.png,0,1,1123,1396,1,1165,678,-1,0.1380
699,CE4_GRAS_PCAML-C-010_SCI_N_20210507061939_20210507061939_0187_B.png,CE4_GRAS_PCAMR-C-001_SCI_N_20220329083917_20220329083917_0238_B.png,1,1,1008,177,1,745,779,1,0.1380
699,CE4_GRAS_PCAML-C-010_SCI_N_20210507061939_20210507061939_0187_B.png,CE4_GRAS_PCAMR-C-001_SCI_N_20220329083917_20220329083917_0238_B.png,2,0,1627,1203,1,1816,285,-1,0.1380
700,CE4_GRAS_PCAMR-C-006_SCI_N_20190104084544_20190104084544_0001_B.png,CE4_GRAS_PCAMR-C-022_SCI_N_20230417054159_20230417054159_0288_B.png,0,0,1186,864,0,1722,1272,0,0.0354
700,CE4_GRAS_PCAMR-C-006_SCI_N_20190104084544_20190104084544_0001_B.png,CE4_GRAS_PCAMR-C-022_SCI_N_20230417054159_20230417054159_0288_B.png,1,0,1260,1319,1,504,270,1,0.0354
700,CE4_GRAS_PCAMR-C-006_SCI_N_20190104084544_20190104084544_0001_B.png,CE4_GRAS_PCAMR-C-022_SCI_N_20230417054159_20230417054159_0288_B.png,2,1,1648,347,0,2026,1527,-1,0.0354
701,CE4_GRAS_PCAML-C-045_SCI_N_20230615050213_20230615050213_0296_B.png,CE4_GRAS_PCAMR-C-014_SCI_N_20190925034241_20190925034241_0076_B.png,0,1,1858,470,0,2026,1465,1,0.1897
701,CE4_GRAS_PCAML-C-045_SCI_N_20230615050213_20230615050213_0296_B.png,CE4_GRAS_PCAMR-C-014_SCI_N_20190925034241_20190925034241_0076_B.png,1,1,399,1242,1,1596,1126,0,0.1897
701,CE4_GRAS_PCAML-C-045_SCI_N_20230615050213_20230615050213_0296_B.png,CE4_GRAS_PCAMR-C-014_SCI_N_20190925034241_20190925034241_0076_B.png,2,1,756,1242,0,703,609,0,0.1897
702,CE4_GRAS_PCAML-C-001_SCI_N_20220328085155_20220328085155_0237_B.png,CE4_GRAS_PCAMR-C-008_SCI_N_20190925032903_20190925032903_0076_B.png,0,1,871,316,0,325,516,1,0.0362
702,CE4_GRAS_PCAML-C-001_SCI_N_20220328085155_20220328085155_0237_B.png,CE4_GRAS_PCAMR-C-008_SCI_N_20190925032903_20190925032903_0076_B.png,1,1,1428,1072,0,241,270,0,0.0362
702,CE4_GRAS_PCAML-C-001_SCI_N_20220328085155_20220328085155_0237_B.png,CE4_GRAS_PCAMR-C-008_SCI_N_20190925032903_20190925032903_0076_B.png,2,1,1701,354,0,2100,779,1,0.0362
703,CE4_GRAS_PCAML-C-014_SCI_N_20220106115926_20220106115926_0226_B.png,CE4_GRAS_PCAMR-C-002_SCI_N_20190228081743_20190228081743_0011_B.png,0,1,1144,1026,0,1123,524,1,0.0788
703,CE4_GRAS_PCAML-C-014_SCI_N_20220106115926_20220106115926_0226_B.png,CE4_GRAS_PCAMR-C-002_SCI_N_20190228081743_20190228081743_0011_B.png,1,1,556,1419,0,357,1488,1,0.0788
703,CE4_GRAS_PCAML-C-014_SCI_N_20220106115926_20220106115926_0226_B.png,CE4_GRAS_PCAMR-C-002_SCI_N_20190228081743_20190228081743_0011_B.png,2,1,2089,1018,1,1428,478,0,0.0788
704,CE4_GRAS_PCAML-C-047_SCI_N_20230417062823_20230417062823_0288_B.png,CE4_GRAS_PCAMR-C-030_SCI_N_20230615043510_20230615043510_0296_B.png,0,1,850,316,0,514,524,0,0.1458
704,CE4_GRAS_PCAML-C-047_SCI_N_20230417062823_20230417062823_0288_B.png,CE4_GRAS_PCAMR-C-030_SCI_N_20230615043510_20230615043510_0296_B.png,1,1,1155,1265,0,1701,740,1,0.1458
704,CE4_GRAS_PCAML-C-047_SCI_N_20230417062823_20230417062823_0288_B.png,CE4_GRAS_PCAMR-C-030_SCI_N_20230615043510_20230615043510_0296_B.png,2,1,1932,748,0,829,1234,0,0.1458
705,CE4_GRAS_PCAML-C-001_SCI_N_20220128095925_20220128095925_0230_B.png,CE4_GRAS_PCAML-C-005_SCI_N_20190228082159_20190228082159_0011_B.png,0,1,903,1450,0,1596,601,1,0.3766
705,CE4_GRAS_PCAML-C-001_SCI_N_20220128095925_20220128095925_0230_B.png,CE4_GRAS_PCAML-C-005_SCI_N_20190228082159_20190228082159_0011_B.png,1,1,976,331,0,1512,887,1,0.3766
705,CE4_GRAS_PCAML-C-001_SCI_N_20220128095925_20220128095925_0230_B.png,CE4_GRAS_PCAML-C-005_SCI_N_20190228082159_20190228082159_0011_B.png,2,0,882,532,0,1848,1512,-1,0.3766
706,CE4_GRAS_PCAMR-C-010_SCI_N_20201211040652_20201211040652_0161_B.png,CE4_GRAS_PCAMR-C-023_SCI_N_20221127092646_20221127092646_0269_B.png,0,1,535,586,1,2047,1404,1,0.0396
706,CE4_GRAS_PCAMR-C-010_SCI_N_20201211040652_20201211040652_0161_B.png,CE4_GRAS_PCAMR-C-023_SCI_N_20221127092646_20221127092646_0269_B.png,1,1,1333,1018,0,1071,408,1,0.0396
706,CE4_GRAS_PCAMR-C-010_SCI_N_20201211040652_20201211040652_0161_B.png,CE4_GRAS_PCAMR-C-023_SCI_N_20221127092646_20221127092646_0269_B.png,2,0,1029,1326,0,451,354,0,0.0396
707,CE4_GRAS_PCAMR-C-003_SCI_N_20220930060631_20220930060631_0260_B.png,CE4_GRAS_PCAMR-C-034_SCI_N_20220106123422_20220106123422_0226_B.png,0,1,273,339,1,1165,378,0,0.0814
707,CE4_GRAS_PCAMR-C-003_SCI_N_20220930060631_20220930060631_0260_B.png,CE4_GRAS_PCAMR-C-034_SCI_N_20220106123422_20220106123422_0226_B.png,1,0,472,1288,1,882,254,0,0.0814
707,CE4_GRAS_PCAMR-C-003_SCI_N_20220930060631_20220930060631_0260_B.png,CE4_GRAS_PCAMR-C-034_SCI_N_20220106123422_20220106123422_0226_B.png,2,1,1963,540,1,1575,1380,0,0.0814
708,CE4_GRAS_PCAML-C-000_SCI_N_20210507055232_20210507055232_0187_B.png,CE4_GRAS_PCAMR-C-032_SCI_N_20230417060130_20230417060130_0288_B.png,0,0,1743,779,1,1228,347,0,0.1731
708,CE4_GRAS_PCAML-C-000_SCI_N_20210507055232_20210507055232_0187_B.png,CE4_GRAS_PCAMR-C-032_SCI_N_20230417060130_20230417060130_0288_B.png,1,0,2016,1535,0,262,763,-1,0.1731
708,CE4_GRAS_PCAML-C-000_SCI_N_20210507055232_20210507055232_0187_B.png,CE4_GRAS_PCAMR-C-032_SCI_N_20230417060130_20230417060130_0288_B.png,2,1,1407,756,0,1932,1203,-1,0.1731
709,CE4_GRAS_PCAML-C-006_SCI_N_20220920064937_20220920064937_0256_B.png,CE4_GRAS_PCAMR-C-003_SCI_N_20210507055643_20210507055643_0187_B.png,0,1,2037,810,0,829,740,1,0.2091
709,CE4_GRAS_PCAML-C-006_SCI_N_20220920064937_20220920064937_0256_B.png,CE4_GRAS_PCAMR-C-003_SCI_N_20210507055643_20210507055643_0187_B.png,1,1,1921,270,0,1648,671,1,0.2091
709,CE4_GRAS_PCAML-C-006_SCI_N_20220920064937_20220920064937_0256_B.png,CE4_GRAS_PCAMR-C-003_SCI_N_20210507055643_20210507055643_0187_B.png,2,1,1018,1342,1,388,802,0,0.2091
710,CE4_GRAS_PCAML-C-013_SCI_N_20221127091134_20221127091134_0269_B.png,CE4_GRAS_PCAMR-C-010_SCI_N_20200428094828_20200428094828_0128_B.png,0,0,1344,1188,0,1186,362,-1,0.2025
710,CE4_GRAS_PCAML-C-013_SCI_N_20221127091134_20221127091134_0269_B.png,CE4_GRAS_PCAMR-C-010_SCI_N_20200428094828_20200428094828_0128_B.png,1,0,1984,694,0,430,1334,1,0.2025
710,CE4_GRAS_PCAML-C-013_SCI_N_20221127091134_20221127091134_0269_B.png,CE4_GRAS_PCAMR-C-010_SCI_N_20200428094828_20200428094828_0128_B.png,2,1,336,200,0,661,732,-1,0.2025
711,CE4_GRAS_PCAML-C-003_SCI_N_20201012043621_20201012043621_0148_B.png,CE4_GRAS_PCAMR-C-007_SCI_N_20190111034156_20190111034156_0002_B.png,0,1,1554,1265,0,798,316,1,0.1927
711,CE4_GRAS_PCAML-C-003_SCI_N_20201012043621_20201012043621_0148_B.png,CE4_GRAS_PCAMR-C-007_SCI_N_20190111034156_20190111034156_0002_B.png,1,1,598,1365,1,2047,540,-1,0.1927
711,CE4_GRAS_PCAML-C-003_SCI_N_20201012043621_20201012043621_0148_B.png,CE4_GRAS_PCAMR-C-007_SCI_N_20190111034156_20190111034156_0002_B.png,2,1,1092,887,0,1837,300,1,0.1927
712,CE4_GRAS_PCAML-C-000_SCI_N_20190429143738_20190429143738_0033_B.png,CE4_GRAS_PCAML-C-048_SCI_N_20190228095513_20190228095513_0011_B.png,0,0,1827,925,1,2110,455,-1,0.0796
712,CE4_GRAS_PCAML-C-000_SCI_N_20190429143738_20190429143738_0033_B.png,CE4_GRAS_PCAML-C-048_SCI_N_20190228095513_20190228095513_0011_B.png,1,0,409,1458,1,1617,540,-1,0.0796
712,CE4_GRAS_PCAML-C-000_SCI_N_20190429143738_20190429143738_0033_B.png,CE4_GRAS_PCAML-C-048_SCI_N_20190228095513_20190228095513_0011_B.png,2,1,903,432,0,1480,1280,1,0.0796
713,CE4_GRAS_PCAML-C-010_SCI_N_20191202053947_20191202053947_0097_B.png,CE4_GRAS_PCAMR-C-020_SCI_N_20221127092219_20221127092219_0269_B.png,0,0,1008,1026,1,1596,702,0,0.0506
713,CE4_GRAS_PCAML-C-010_SCI_N_20191202053947_20191202053947_0097_B.png,CE4_GRAS_PCAMR-C-020_SCI_N_20221127092219_20221127092219_0269_B.png,1,0,2016,439,0,1008,671,-1,0.0506
713,CE4_GRAS_PCAML-C-010_SCI_N_20191202053947_20191202053947_0097_B.png,CE4_GRAS_PCAMR-C-020_SCI_N_20221127092219_20221127092219_0269_B.png,2,0,1722,1218,1,1648,169,0,0.0506
714,CE4_GRAS_PCAMR-C-001_SCI_N_20210208064353_20210208064353_0173_B.png,CE4_GRAS_PCAMR-C-031_SCI_N_20190228092343_20190228092343_0011_B.png,0,0,1543,324,1,745,833,1,0.2399
714,CE4_GRAS_PCAMR-C-001_SCI_N_20210208064353_20210208064353_0173_B.png,CE4_GRAS_PCAMR-C-031_SCI_N_20190228092343_20190228092343_0011_B.png,1,0,1753,1396,1,955,1303,0,0.2399
714,CE4_GRAS_PCAMR-C-001_SCI_N_20210208064353_20210208064353_0173_B.png,CE4_GRAS_PCAMR-C-031_SCI_N_20190228092343_20190228092343_0011_B.png,2,0,1911,432,0,798,570,1,0.2399
715,CE4_GRAS_PCAMR-C-021_SCI_N_20190228085139_20190228085139_0011_B.png,CE4_GRAS_PCAMR-C-025_SCI_N_20230615041824_20230615041824_0296_B.png,0,0,1953,246,1,1732,293,-1,0.3156
715,CE4_GRAS_PCAMR-C-021_SCI_N_20190228085139_20190228085139_0011_B.png,CE4_GRAS_PCAMR-C-025_SCI_N_20230615041824_20230615041824_0296_B.png,1,1,1648,894,0,1008,223,1,0.3156
715,CE4_GRAS_PCAMR-C-021_SCI_N_20190228085139_20190228085139_0011_B.png,CE4_GRAS_PCAMR-C-025_SCI_N_20230615041824_20230615041824_0296_B.png,2,1,283,1481,0,598,1280,-1,0.3156
716,CE4_GRAS_PCAMR-C-017_SCI_N_20200227114910_20200227114910_0121_B.png,CE4_GRAS_PCAMR-C-029_SCI_N_20190228092103_20190228092103_0011_B.png,0,0,462,540,1,556,1326,1,0.1829
716,CE4_GRAS_PCAMR-C-017_SCI_N_20200227114910_20200227114910_0121_B.png,CE4_GRAS_PCAMR-C-029_SCI_N_20190228092103_20190228092103_0011_B.png,1,0,703,1242,0,1827,300,0,0.1829
716,CE4_GRAS_PCAMR-C-017_SCI_N_20200227114910_20200227114910_0121_B.png,CE4_GRAS_PCAMR-C-029_SCI_N_20190228092103_20190228092103_0011_B.png,2,1,808,262,1,2037,786,0,0.1829
717,CE4_GRAS_PCAMR-C-001_SCI_N_20220920064027_20220920064027_0256_B.png,CE4_GRAS_PCAMR-C-007_SCI_N_20220922062132_20220922062132_0258_B.png,0,1,1669,1180,0,357,717,-1,0.3331
717,CE4_GRAS_PCAMR-C-001_SCI_N_20220920064027_20220920064027_0256_B.png,CE4_GRAS_PCAMR-C-007_SCI_N_20220922062132_20220922062132_0258_B.png,1,1,1522,300,1,1995,671,0,0.3331
717,CE4_GRAS_PCAMR-C-001_SCI_N_20220920064027_20220920064027_0256_B.png,CE4_GRAS_PCAMR-C-007_SCI_N_20220922062132_20220922062132_0258_B.png,2,0,1407,385,0,2047,563,0,0.3331
718,CE4_GRAS_PCAMR-C-001_SCI_N_20200320091751_20200320091751_0123_B.png,CE4_GRAS_PCAMR-C-009_SCI_N_20220128101139_20220128101139_0230_B.png,0,0,766,1226,0,1711,570,-1,0.3784
718,CE4_GRAS_PCAMR-C-001_SCI_N_20200320091751_20200320091751_0123_B.png,CE4_GRAS_PCAMR-C-009_SCI_N_20220128101139_20220128101139_0230_B.png,1,0,1113,1458,0,913,447,-1,0.3784
718,CE4_GRAS_PCAMR-C-001_SCI_N_20200320091751_20200320091751_0123_B.png,CE4_GRAS_PCAMR-C-009_SCI_N_20220128101139_20220128101139_0230_B.png,2,1,1459,1211,0,1449,1018,0,0.3784
719,CE4_GRAS_PCAML-C-005_SCI_N_20220527055935_20220527055935_0247_B.png,CE4_GRAS_PCAMR-C-008_SCI_N_20191202053634_20191202053634_0097_B.png,0,0,934,1211,0,1795,786,-1,0.1281
719,CE4_GRAS_PCAML-C-005_SCI_N_20220527055935_20220527055935_0247_B.png,CE4_GRAS_PCAMR-C-008_SCI_N_20191202053634_20191202053634_0097_B.png,1,0,409,964,1,399,1242,-1,0.1281
719,CE4_GRAS_PCAML-C-005_SCI_N_20220527055935_20220527055935_0247_B.png,CE4_GRAS_PCAMR-C-008_SCI_N_20191202053634_20191202053634_0097_B.png,2,1,1764,848,0,756,300,-1,0.1281
720,CE4_GRAS_PCAML-C-045_SCI_N_20190925044457_20190925044457_0076_B.png,CE4_GRAS_PCAMR-C-042_SCI_N_20220106134608_20220106134608_0226_B.png,0,1,1407,1242,0,819,1134,0,0.0137
720,CE4_GRAS_PCAML-C-045_SCI_N_20190925044457_20190925044457_0076_B.png,CE4_GRAS_PCAMR-C-042_SCI_N_20220106134608_20220106134608_0226_B.png,1,1,735,1288,1,1102,177,0,0.0137
720,CE4_GRAS_PCAML-C-045_SCI_N_20190925044457_20190925044457_0076_B.png,CE4_GRAS_PCAMR-C-042_SCI_N_20220106134608_20220106134608_0226_B.png,2,0,1669,293,0,1102,1303,0,0.0137
721,CE4_GRAS_PCAMR-C-004_SCI_N_20200227112508_20200227112508_0121_B.png,CE4_GRAS_PCAMR-C-011_SCI_N_20211010055957_20211010055957_0213_B.png,0,0,1711,1272,1,504,578,0,0.5223
721,CE4_GRAS_PCAMR-C-004_SCI_N_20200227112508_20200227112508_0121_B.png,CE4_GRAS_PCAMR-C-011_SCI_N_20211010055957_20211010055957_0213_B.png,1,1,1281,192,1,1522,956,1,0.5223
721,CE4_GRAS_PCAMR-C-004_SCI_N_20200227112508_20200227112508_0121_B.png,CE4_GRAS_PCAMR-C-011_SCI_N_20211010055957_20211010055957_0213_B.png,2,1,1522,655,1,1113,1195,0,0.5223
722,CE4_GRAS_PCAML-C-032_SCI_N_20220106123140_20220106123140_0226_B.png,CE4_GRAS_PCAMR-C-007_SCI_N_20220527060311_20220527060311_0247_B.png,0,1,1732,308,1,1396,1149,-1,0.4226
722,CE4_GRAS_PCAML-C-032_SCI_N_20220106123140_20220106123140_0226_B.png,CE4_GRAS_PCAMR-C-007_SCI_N_20220527060311_20220527060311_0247_B.png,1,0,871,324,1,766,941,0,0.4226
722,CE4_GRAS_PCAML-C-032_SCI_N_20220106123140_20220106123140_0226_B.png,CE4_GRAS_PCAMR-C-007_SCI_N_20220527060311_20220527060311_0247_B.png,2,1,2068,1126,0,1722,547,0,0.4226
723,CE4_GRAS_PCAML-C-005_SCI_N_20200227112653_20200227112653_0121_B.png,CE4_GRAS_PCAML-C-006_SCI_N_20210812042536_20210812042536_0204_B.png,0,1,430,1010,1,1470,277,1,0.4374
723,CE4_GRAS_PCAML-C-005_SCI_N_20200227112653_20200227112653_0121_B.png,CE4_GRAS_PCAML-C-006_SCI_N_20210812042536_20210812042536_0204_B.png,1,0,1890,408,0,1879,1434,0,0.4374
723,CE4_GRAS_PCAML-C-005_SCI_N_20200227112653_20200227112653_0121_B.png,CE4_GRAS_PCAML-C-006_SCI_N_20210812042536_20210812042536_0204_B.png,2,0,1029,902,1,1186,1488,1,0.4374
724,CE4_GRAS_PCAML-C-005_SCI_N_20200130071841_20200130071841_0115_B.png,CE4_GRAS_PCAMR-C-002_SCI_N_20211230065342_20211230065342_0225_B.png,0,0,1029,331,1,346,771,0,0.1880
724,CE4_GRAS_PCAML-C-005_SCI_N_20200130071841_20200130071841_0115_B.png,CE4_GRAS_PCAMR-C-002_SCI_N_20211230065342_20211230065342_0225_B.png,1,1,1060,1535,0,409,1512,0,0.1880
724,CE4_GRAS_PCAML-C-005_SCI_N_20200130071841_20200130071841_0115_B.png,CE4_GRAS_PCAMR-C-002_SCI_N_20211230065342_20211230065342_0225_B.png,2,1,1554,756,0,315,1242,1,0.1880
725,CE4_GRAS_PCAML-C-007_SCI_N_20191202053521_20191202053521_0097_B.png,CE4_GRAS_PCAMR-C-048_SCI_N_20220106135848_20220106135848_0226_B.png,0,1,2100,655,0,1449,1002,1,0.2265
725,CE4_GRAS_PCAML-C-007_SCI_N_20191202053521_20191202053521_0097_B.png,CE4_GRAS_PCAMR-C-048_SCI_N_20220106135848_20220106135848_0226_B.png,1,0,1281,177,0,1701,663,1,0.2265
725,CE4_GRAS_PCAML-C-007_SCI_N_20191202053521_20191202053521_0097_B.png,CE4_GRAS_PCAMR-C-048_SCI_N_20220106135848_20220106135848_0226_B.png,2,0,1165,1188,1,1081,609,-1,0.2265
726,CE4_GRAS_PCAML-C-001_SCI_N_20190208204706_20190208204706_0007_B.png,CE4_GRAS_PCAMR-C-010_SCI_N_20200329100940_20200329100940_0124_B.png,0,1,1806,439,1,304,1272,1,0.1535
726,CE4_GRAS_PCAML-C-001_SCI_N_20190208204706_20190208204706_0007_B.png,CE4_GRAS_PCAMR-C-010_SCI_N_20200329100940_20200329100940_0124_B.png,1,0,2016,570,0,966,1226,1,0.1535
726,CE4_GRAS_PCAML-C-001_SCI_N_20190208204706_20190208204706_0007_B.png,CE4_GRAS_PCAMR-C-010_SCI_N_20200329100940_20200329100940_0124_B.png,2,0,1207,748,0,1921,1218,1,0.1535
727,CE4_GRAS_PCAMR-C-006_SCI_N_20210507060110_20210507060110_0187_B.png,CE4_GRAS_PCAMR-C-052_SCI_N_20190228100018_20190228100018_0011_B.png,0,1,1008,1404,0,777,578,-1,0.1839
727,CE4_GRAS_PCAMR-C-006_SCI_N_20210507060110_20210507060110_0187_B.png,CE4_GRAS_PCAMR-C-052_SCI_N_20190228100018_20190228100018_0011_B.png,1,0,609,239,0,2068,840,1,0.1839
727,CE4_GRAS_PCAMR-C-006_SCI_N_20210507060110_20210507060110_0187_B.png,CE4_GRAS_PCAMR-C-052_SCI_N_20190228100018_20190228100018_0011_B.png,2,1,640,300,1,1585,624,-1,0.1839
728,CE4_GRAS_PCAML-C-009_SCI_N_20190429145355_20190429145355_0033_B.png,CE4_GRAS_PCAML-C-039_SCI_N_20220106124203_20220106124203_0226_B.png,0,1,1491,1265,1,735,632,1,0.2254
728,CE4_GRAS_PCAML-C-009_SCI_N_20190429145355_20190429145355_0033_B.png,CE4_GRAS_PCAML-C-039_SCI_N_20220106124203_20220106124203_0226_B.png,1,1,955,1002,1,1942,663,0,0.2254
728,CE4_GRAS_PCAML-C-009_SCI_N_20190429145355_20190429145355_0033_B.png,CE4_GRAS_PCAML-C-039_SCI_N_20220106124203_20220106124203_0226_B.png,2,1,346,231,0,871,447,0,0.2254
729,CE4_GRAS_PCAML-C-003_SCI_N_20190827094707_20190827094707_0060_B.png,CE4_GRAS_PCAML-C-014_SCI_N_20220128101919_20220128101919_0230_B.png,0,0,1764,972,1,357,864,-1,0.3985
729,CE4_GRAS_PCAML-C-003_SCI_N_20190827094707_20190827094707_0060_B.png,CE4_GRAS_PCAML-C-014_SCI_N_20220128101919_20220128101919_0230_B.png,1,1,1942,1095,0,1449,1164,1,0.3985
729,CE4_GRAS_PCAML-C-003_SCI_N_20190827094707_20190827094707_0060_B.png,CE4_GRAS_PCAML-C-014_SCI_N_20220128101919_20220128101919_0230_B.png,2,1,1785,594,1,493,1234,1,0.3985
730,CE4_GRAS_PCAML-C-001_SCI_N_20230615033239_20230615033239_0296_B.png,CE4_GRAS_PCAML-C-007_SCI_N_20220922062148_20220922062148_0258_B.png,0,1,1302,509,0,1963,1350,-1,0.3351
730,CE4_GRAS_PCAML-C-001_SCI_N_20230615033239_20230615033239_0296_B.png,CE4_GRAS_PCAML-C-007_SCI_N_20220922062148_20220922062148_0258_B.png,1,0,1396,177,1,882,555,1,0.3351
730,CE4_GRAS_PCAML-C-001_SCI_N_20230615033239_20230615033239_0296_B.png,CE4_GRAS_PCAML-C-007_SCI_N_20220922062148_20220922062148_0258_B.png,2,0,2110,1064,1,2026,663,-1,0.3351
731,CE4_GRAS_PCAML-C-027_SCI_N_20190925040017_20190925040017_0076_B.png,CE4_GRAS_PCAMR-C-005_SCI_N_20190708044229_20190708044229_0048_B.png,0,0,483,185,1,871,1396,1,0.1838
731,CE4_GRAS_PCAML-C-027_SCI_N_20190925040017_20190925040017_0076_B.png,CE4_GRAS_PCAMR-C-005_SCI_N_20190708044229_20190708044229_0048_B.png,1,1,1722,416,1,1039,609,0,0.1838
731,CE4_GRAS_PCAML-C-027_SCI_N_20190925040017_20190925040017_0076_B.png,CE4_GRAS_PCAMR-C-005_SCI_N_20190708044229_20190708044229_0048_B.png,2,0,1197,1080,0,1480,177,-1,0.1838
732,CE4_GRAS_PCAML-C-035_SCI_N_20220106123607_20220106123607_0226_B.png,CE4_GRAS_PCAMR-C-000_SCI_N_20220831072247_20220831072247_0255_B.png,0,0,777,779,1,535,686,-1,0.3327
732,CE4_GRAS_PCAML-C-035_SCI_N_20220106123607_20220106123607_0226_B.png,CE4_GRAS_PCAMR-C-000_SCI_N_20220831072247_20220831072247_0255_B.png,1,0,630,1311,1,1827,524,-1,0.3327
732,CE4_GRAS_PCAML-C-035_SCI_N_20220106123607_20220106123607_0226_B.png,CE4_GRAS_PCAMR-C-000_SCI_N_20220831072247_20220831072247_0255_B.png,2,1,1449,1427,1,1039,671,-1,0.3327
733,CE4_GRAS_PCAML-C-001_SCI_N_20190110211249_20190110211249_0002_B.png,CE4_GRAS_PCAML-C-048_SCI_N_20230417062956_20230417062956_0288_B.png,0,0,283,1303,0,850,493,-1,0.1067
733,CE4_GRAS_PCAML-C-001_SCI_N_20190110211249_20190110211249_0002_B.png,CE4_GRAS_PCAML-C-048_SCI_N_20230417062956_20230417062956_0288_B.png,1,0,1207,1033,0,1281,185,-1,0.1067
733,CE4_GRAS_PCAML-C-001_SCI_N_20190110211249_20190110211249_0002_B.png,CE4_GRAS_PCAML-C-048_SCI_N_20230417062956_20230417062956_0288_B.png,2,0,651,1195,0,409,192,-1,0.1067
734,CE4_GRAS_PCAMR-C-003_SCI_N_20200227112339_20200227112339_0121_B.png,CE4_GRAS_PCAMR-C-004_SCI_N_20220930060800_20220930060800_0260_B.png,0,0,1543,933,0,703,540,0,0.5075
734,CE4_GRAS_PCAMR-C-003_SCI_N_20200227112339_20200227112339_0121_B.png,CE4_GRAS_PCAMR-C-004_SCI_N_20220930060800_20220930060800_0260_B.png,1,1,304,1519,0,1228,216,0,0.5075
734,CE4_GRAS_PCAMR-C-003_SCI_N_20200227112339_20200227112339_0121_B.png,CE4_GRAS_PCAMR-C-004_SCI_N_20220930060800_20220930060800_0260_B.png,2,0,1512,1296,0,325,270,0,0.5075
735,CE4_GRAS_PCAML-C-000_SCI_N_20211010054028_20211010054028_0213_B.png,CE4_GRAS_PCAML-C-002_SCI_N_20230417050221_20230417050221_0288_B.png,0,1,913,1473,1,829,1018,-1,0.1474
735,CE4_GRAS_PCAML-C-000_SCI_N_20211010054028_20211010054028_0213_B.png,CE4_GRAS_PCAML-C-002_SCI_N_20230417050221_20230417050221_0288_B.png,1,0,1459,1180,0,1900,200,1,0.1474
735,CE4_GRAS_PCAML-C-000_SCI_N_20211010054028_20211010054028_0213_B.png,CE4_GRAS_PCAML-C-002_SCI_N_20230417050221_20230417050221_0288_B.png,2,0,388,1419,0,504,756,-1,0.1474
736,CE4_GRAS_PCAMR-C-000_SCI_N_20211030020141_20211030020141_0215_B.png,CE4_GRAS_PCAMR-C-006_SCI_N_20220106114659_20220106114659_0226_B.png,0,1,1396,709,1,2089,910,0,0.3086
736,CE4_GRAS_PCAMR-C-000_SCI_N_20211030020141_20211030020141_0215_B.png,CE4_GRAS_PCAMR-C-006_SCI_N_20220106114659_20220106114659_0226_B.png,1,1,388,1380,1,252,910,0,0.3086
736,CE4_GRAS_PCAMR-C-000_SCI_N_20211030020141_20211030020141_0215_B.png,CE4_GRAS_PCAMR-C-006_SCI_N_20220106114659_20220106114659_0226_B.png,2,0,1848,378,0,1627,979,1,0.3086
737,CE4_GRAS_PCAML-C-005_SCI_N_20220106114546_20220106114546_0226_B.png,CE4_GRAS_PCAML-C-006_SCI_N_20190429144958_20190429144958_0033_B.png,0,0,1743,979,0,1333,1334,0,0.0701
737,CE4_GRAS_PCAML-C-005_SCI_N_20220106114546_20220106114546_0226_B.png,CE4_GRAS_PCAML-C-006_SCI_N_20190429144958_20190429144958_0033_B.png,1,1,1438,293,1,2058,231,1,0.0701
737,CE4_GRAS_PCAML-C-005_SCI_N_20220106114546_20220106114546_0226_B.png,CE4_GRAS_PCAML-C-006_SCI_N_20190429144958_20190429144958_0033_B.png,2,0,1785,1350,0,346,1188,0,0.0701
738,CE4_GRAS_PCAML-C-011_SCI_N_20220930062251_20220930062251_0260_B.png,CE4_GRAS_PCAML-C-015_SCI_N_20211030022754_20211030022754_0215_B.png,0,0,840,709,1,1974,1388,0,0.2906
738,CE4_GRAS_PCAML-C-011_SCI_N_20220930062251_20220930062251_0260_B.png,CE4_GRAS_PCAML-C-015_SCI_N_20211030022754_20211030022754_0215_B.png,1,1,336,1188,0,336,1365,0,0.2906
738,CE4_GRAS_PCAML-C-011_SCI_N_20220930062251_20220930062251_0260_B.png,CE4_GRAS_PCAML-C-015_SCI_N_20211030022754_20211030022754_0215_B.png,2,1,1134,1141,0,682,1141,0,0.2906
739,CE4_GRAS_PCAML-C-005_SCI_N_20210811100807_20210811100807_0203_B.png,CE4_GRAS_PCAML-C-029_SCI_N_20230615043356_20230615043356_0296_B.png,0,1,336,1110,0,651,501,-1,0.2177
739,CE4_GRAS_PCAML-C-005_SCI_N_20210811100807_20210811100807_0203_B.png,CE4_GRAS_PCAML-C-029_SCI_N_20230615043356_20230615043356_0296_B.png,1,0,1113,655,0,504,1249,1,0.2177
739,CE4_GRAS_PCAML-C-005_SCI_N_20210811100807_20210811100807_0203_B.png,CE4_GRAS_PCAML-C-029_SCI_N_20230615043356_20230615043356_0296_B.png,2,0,1081,1311,0,1869,671,0,0.2177
740,CE4_GRAS_PCAML-C-025_SCI_N_20190228085715_20190228085715_0011_B.png,CE4_GRAS_PCAMR-C-016_SCI_N_20200227114741_20200227114741_0121_B.png,0,0,1365,1110,1,661,277,-1,0.2303
740,CE4_GRAS_PCAML-C-025_SCI_N_20190228085715_20190228085715_0011_B.png,CE4_GRAS_PCAMR-C-016_SCI_N_20200227114741_20200227114741_0121_B.png,1,0,1827,756,1,1281,833,0,0.2303
740,CE4_GRAS_PCAML-C-025_SCI_N_20190228085715_20190228085715_0011_B.png,CE4_GRAS_PCAMR-C-016_SCI_N_20200227114741_20200227114741_0121_B.png,2,0,1029,840,1,493,1535,1,0.2303
741,CE4_GRAS_PCAMR-C-000_SCI_N_20190827094225_20190827094225_0060_B.png,CE4_GRAS_PCAMR-C-002_SCI_N_20210117043613_20210117043613_0166_B.png,0,1,735,1126,1,1449,617,0,0.1882
741,CE4_GRAS_PCAMR-C-000_SCI_N_20190827094225_20190827094225_0060_B.png,CE4_GRAS_PCAMR-C-002_SCI_N_20210117043613_20210117043613_0166_B.png,1,1,882,671,1,1669,385,0,0.1882
741,CE4_GRAS_PCAMR-C-000_SCI_N_20190827094225_20190827094225_0060_B.png,CE4_GRAS_PCAMR-C-002_SCI_N_20210117043613_20210117043613_0166_B.png,2,0,273,972,1,472,617,0,0.1882
742,CE4_GRAS_PCAML-C-003_SCI_N_20220930060647_20220930060647_0260_B.png,CE4_GRAS_PCAMR-C-003_SCI_N_20221127084148_20221127084148_0269_B.png,0,1,1449,1365,0,651,1396,1,0.2186
742,CE4_GRAS_PCAML-C-003_SCI_N_20220930060647_20220930060647_0260_B.png,CE4_GRAS_PCAMR-C-003_SCI_N_20221127084148_20221127084148_0269_B.png,1,0,1774,1002,0,294,748,0,0.2186
742,CE4_GRAS_PCAML-C-003_SCI_N_20220930060647_20220930060647_0260_B.png,CE4_GRAS_PCAMR-C-003_SCI_N_20221127084148_20221127084148_0269_B.png,2,1,1249,1149,0,1564,1442,1,0.2186
743,CE4_GRAS_PCAML-C-016_SCI_N_20220106120224_20220106120224_0226_B.png,CE4_GRAS_PCAMR-C-005_SCI_N_20211010054737_20211010054737_0213_B.png,0,1,840,1257,0,1123,1041,0,0.3221
743,CE4_GRAS_PCAML-C-016_SCI_N_20220106120224_20220106120224_0226_B.png,CE4_GRAS_PCAMR-C-005_SCI_N_20211010054737_20211010054737_0213_B.png,1,1,882,779,0,1932,432,0,0.3221
743,CE4_GRAS_PCAML-C-016_SCI_N_20220106120224_20220106120224_0226_B.png,CE4_GRAS_PCAMR-C-005_SCI_N_20211010054737_20211010054737_0213_B.png,2,0,1449,462,0,1491,887,0,0.3221
744,CE4_GRAS_PCAML-C-006_SCI_N_20200227112822_20200227112822_0121_B.png,CE4_GRAS_PCAML-C-036_SCI_N_20190228093039_20190228093039_0011_B.png,0,0,829,956,1,672,339,1,0.3841
744,CE4_GRAS_PCAML-C-006_SCI_N_20200227112822_20200227112822_0121_B.png,CE4_GRAS_PCAML-C-036_SCI_N_20190228093039_20190228093039_0011_B.png,1,1,808,1434,1,1722,1496,-1,0.3841
744,CE4_GRAS_PCAML-C-006_SCI_N_20200227112822_20200227112822_0121_B.png,CE4_GRAS_PCAML-C-036_SCI_N_20190228093039_20190228093039_0011_B.png,2,1,1176,270,1,567,1272,0,0.3841
745,CE4_GRAS_PCAML-C-014_SCI_N_20220329085903_20220329085903_0238_B.png,CE4_GRAS_PCAMR-C-006_SCI_N_20190925032623_20190925032623_0076_B.png,0,0,672,1118,1,294,169,-1,0.0903
745,CE4_GRAS_PCAML-C-014_SCI_N_20220329085903_20220329085903_0238_B.png,CE4_GRAS_PCAMR-C-006_SCI_N_20190925032623_20190925032623_0076_B.png,1,1,357,833,1,1396,493,0,0.0903
745,CE4_GRAS_PCAML-C-014_SCI_N_20220329085903_20220329085903_0238_B.png,CE4_GRAS_PCAMR-C-006_SCI_N_20190925032623_20190925032623_0076_B.png,2,0,1470,408,0,1795,702,0,0.0903
746,CE4_GRAS_PCAMR-C-005_SCI_N_20190925032503_20190925032503_0076_B.png,CE4_GRAS_PCAMR-C-014_SCI_N_20220128101904_20220128101904_0230_B.png,0,1,1354,910,1,1438,632,-1,0.2030
746,CE4_GRAS_PCAMR-C-005_SCI_N_20190925032503_20190925032503_0076_B.png,CE4_GRAS_PCAMR-C-014_SCI_N_20220128101904_20220128101904_0230_B.png,1,1,1543,231,1,2068,871,0,0.2030
746,CE4_GRAS_PCAMR-C-005_SCI_N_20190925032503_20190925032503_0076_B.png,CE4_GRAS_PCAMR-C-014_SCI_N_20220128101904_20220128101904_0230_B.png,2,0,493,1095,1,1690,810,-1,0.2030
747,CE4_GRAS_PCAML-C-009_SCI_N_20220920065404_20220920065404_0256_B.png,CE4_GRAS_PCAMR-C-001_SCI_N_20190104041621_20190104041621_0001_B.png,0,0,1302,925,1,892,1218,-1,0.2293
747,CE4_GRAS_PCAML-C-009_SCI_N_20220920065404_20220920065404_0256_B.png,CE4_GRAS_PCAMR-C-001_SCI_N_20190104041621_20190104041621_0001_B.png,1,1,514,663,0,1134,470,1,0.2293
747,CE4_GRAS_PCAML-C-009_SCI_N_20220920065404_20220920065404_0256_B.png,CE4_GRAS_PCAMR-C-001_SCI_N_20190104041621_20190104041621_0001_B.png,2,1,2079,1103,1,1627,1242,0,0.2293
748,CE4_GRAS_PCAML-C-025_SCI_N_20230615041840_20230615041840_0296_B.png,CE4_GRAS_PCAMR-C-008_SCI_N_20211229081040_20211229081040_0224_B.png,0,0,787,524,1,1081,1326,1,0.1938
748,CE4_GRAS_PCAML-C-025_SCI_N_20230615041840_20230615041840_0296_B.png,CE4_GRAS_PCAMR-C-008_SCI_N_20211229081040_20211229081040_0224_B.png,1,0,1029,1311,1,1827,1319,0,0.1938
748,CE4_GRAS_PCAML-C-025_SCI_N_20230615041840_20230615041840_0296_B.png,CE4_GRAS_PCAMR-C-008_SCI_N_20211229081040_20211229081040_0224_B.png,2,1,2058,894,1,1260,864,0,0.1938
749,CE4_GRAS_PCAML-C-005_SCI_N_20210207091054_20210207091054_0172_B.png,CE4_GRAS_PCAML-C-010_SCI_N_20210811101841_20210811101841_0203_B.png,0,1,598,817,1,1795,516,0,0.2740
749,CE4_GRAS_PCAML-C-005_SCI_N_20210207091054_20210207091054_0172_B.png,CE4_GRAS_PCAML-C-010_SCI_N_20210811101841_20210811101841_0203_B.png,1,0,1207,192,0,399,1026,0,0.2740
749,CE4_GRAS_PCAML-C-005_SCI_N_20210207091054_20210207091054_0172_B.png,CE4_GRAS_PCAML-C-010_SCI_N_20210811101841_20210811101841_0203_B.png,2,1,987,840,1,1260,1195,0,0.2740
750,CE4_GRAS_PCAML-C-014_SCI_N_20190228084235_20190228084235_0011_B.png,CE4_GRAS_PCAMR-C-004_SCI_N_20211229080034_20211229080034_0224_B.png,0,1,934,285,1,1554,1388,1,0.3202
750,CE4_GRAS_PCAML-C-014_SCI_N_20190228084235_20190228084235_0011_B.png,CE4_GRAS_PCAMR-C-004_SCI_N_20211229080034_20211229080034_0224_B.png,1,1,850,509,1,798,1110,1,0.3202
750,CE4_GRAS_PCAML-C-014_SCI_N_20190228084235_20190228084235_0011_B.png,CE4_GRAS_PCAMR-C-004_SCI_N_20211229080034_20211229080034_0224_B.png,2,0,472,1118,0,1974,1280,-1,0.3202
751,CE4_GRAS_PCAML-C-005_SCI_N_20220329084528_20220329084528_0238_B.png,CE4_GRAS_PCAML-C-052_SCI_N_20230417063608_20230417063608_0288_B.png,0,0,1228,316,1,1092,316,1,0.2290
751,CE4_GRAS_PCAML-C-005_SCI_N_20220329084528_20220329084528_0238_B.png,CE4_GRAS_PCAML-C-052_SCI_N_20230417063608_20230417063608_0288_B.png,1,0,1638,1002,0,1806,478,-1,0.2290
751,CE4_GRAS_PCAML-C-005_SCI_N_20220329084528_20220329084528_0238_B.png,CE4_GRAS_PCAML-C-052_SCI_N_20230417063608_20230417063608_0288_B.png,2,0,1701,246,1,735,686,1,0.2290
752,CE4_GRAS_PCAML-C-026_SCI_N_20190228085835_20190228085835_0011_B.png,CE4_GRAS_PCAMR-C-004_SCI_N_20200120082911_20200120082911_0112_B.png,0,1,913,648,1,987,1342,0,0.3045
752,CE4_GRAS_PCAML-C-026_SCI_N_20190228085835_20190228085835_0011_B.png,CE4_GRAS_PCAMR-C-004_SCI_N_20200120082911_20200120082911_0112_B.png,1,0,609,663,1,1638,1157,0,0.3045
752,CE4_GRAS_PCAML-C-026_SCI_N_20190228085835_20190228085835_0011_B.png,CE4_GRAS_PCAMR-C-004_SCI_N_20200120082911_20200120082911_0112_B.png,2,1,2110,648,1,504,1118,0,0.3045
753,CE4_GRAS_PCAML-C-000_SCI_N_20201211034633_20201211034633_0161_B.png,CE4_GRAS_PCAMR-C-010_SCI_N_20211030022013_20211030022013_0215_B.png,0,1,1060,478,0,1018,840,-1,0.3464
753,CE4_GRAS_PCAML-C-000_SCI_N_20201211034633_20201211034633_0161_B.png,CE4_GRAS_PCAMR-C-010_SCI_N_20211030022013_20211030022013_0215_B.png,1,1,1071,1481,1,1491,192,0,0.3464
753,CE4_GRAS_PCAML-C-000_SCI_N_20201211034633_20201211034633_0161_B.png,CE4_GRAS_PCAMR-C-010_SCI_N_20211030022013_20211030022013_0215_B.png,2,0,1932,1350,0,1428,385,-1,0.3464
754,CE4_GRAS_PCAML-C-005_SCI_N_20210117044056_20210117044056_0166_B.png,CE4_GRAS_PCAML-C-006_SCI_N_20190905081132_20190905081132_0067_B.png,0,1,987,524,0,1575,1172,-1,0.0907
754,CE4_GRAS_PCAML-C-005_SCI_N_20210117044056_20210117044056_0166_B.png,CE4_GRAS_PCAML-C-006_SCI_N_20190905081132_20190905081132_0067_B.png,1,1,304,1550,1,1554,1411,1,0.0907
754,CE4_GRAS_PCAML-C-005_SCI_N_20210117044056_20210117044056_0166_B.png,CE4_GRAS_PCAML-C-006_SCI_N_20190905081132_20190905081132_0067_B.png,2,1,1837,246,1,1018,918,-1,0.0907
755,CE4_GRAS_PCAML-C-003_SCI_N_20200120082758_20200120082758_0112_B.png,CE4_GRAS_PCAML-C-006_SCI_N_20211230070346_20211230070346_0225_B.png,0,0,1386,640,1,903,1481,0,0.2584
755,CE4_GRAS_PCAML-C-003_SCI_N_20200120082758_20200120082758_0112_B.png,CE4_GRAS_PCAML-C-006_SCI_N_20211230070346_20211230070346_0225_B.png,1,0,1501,239,1,1606,555,0,0.2584
755,CE4_GRAS_PCAML-C-003_SCI_N_20200120082758_20200120082758_0112_B.png,CE4_GRAS_PCAML-C-006_SCI_N_20211230070346_20211230070346_0225_B.png,2,0,2079,1095,0,1008,1157,0,0.2584
756,CE4_GRAS_PCAML-C-000_SCI_N_20220328085026_20220328085026_0237_B.png,CE4_GRAS_PCAML-C-001_SCI_N_20211230065229_20211230065229_0225_B.png,0,1,483,810,0,1785,1388,1,0.3052
756,CE4_GRAS_PCAML-C-000_SCI_N_20220328085026_20220328085026_0237_B.png,CE4_GRAS_PCAML-C-001_SCI_N_20211230065229_20211230065229_0225_B.png,1,0,378,277,0,1638,455,0,0.3052
756,CE4_GRAS_PCAML-C-000_SCI_N_20220328085026_20220328085026_0237_B.png,CE4_GRAS_PCAML-C-001_SCI_N_20211230065229_20211230065229_0225_B.png,2,1,483,1080,1,1512,308,-1,0.3052
757,CE4_GRAS_PCAML-C-000_SCI_N_20210812041642_20210812041642_0204_B.png,CE4_GRAS_PCAML-C-039_SCI_N_20190228093439_20190228093439_0011_B.png,0,1,1648,702,1,840,324,1,0.0288
757,CE4_GRAS_PCAML-C-000_SCI_N_20210812041642_20210812041642_0204_B.png,CE4_GRAS_PCAML-C-039_SCI_N_20190228093439_20190228093439_0011_B.png,1,1,1491,910,1,535,385,0,0.0288
757,CE4_GRAS_PCAML-C-000_SCI_N_20210812041642_20210812041642_0204_B.png,CE4_GRAS_PCAML-C-039_SCI_N_20190228093439_20190228093439_0011_B.png,2,1,1333,663,0,1102,1527,1,0.0288
758,CE4_GRAS_PCAML-C-005_SCI_N_20191221121601_20191221121601_0099_B.png,CE4_GRAS_PCAMR-C-027_SCI_N_20190925040001_20190925040001_0076_B.png,0,1,787,948,1,1596,254,-1,0.1917
758,CE4_GRAS_PCAML-C-005_SCI_N_20191221121601_20191221121601_0099_B.png,CE4_GRAS_PCAMR-C-027_SCI_N_20190925040001_20190925040001_0076_B.png,1,1,892,1411,0,1764,177,0,0.1917
758,CE4_GRAS_PCAML-C-005_SCI_N_20191221121601_20191221121601_0099_B.png,CE4_GRAS_PCAMR-C-027_SCI_N_20190925040001_20190925040001_0076_B.png,2,1,1165,1280,0,1554,1033,0,0.1917
759,CE4_GRAS_PCAML-C-036_SCI_N_20230417060844_20230417060844_0288_B.png,CE4_GRAS_PCAMR-C-017_SCI_N_20220106120337_20220106120337_0226_B.png,0,1,1302,1080,1,1785,277,0,0.1017
759,CE4_GRAS_PCAML-C-036_SCI_N_20230417060844_20230417060844_0288_B.png,CE4_GRAS_PCAMR-C-017_SCI_N_20220106120337_20220106120337_0226_B.png,1,1,724,1080,0,2005,987,1,0.1017
759,CE4_GRAS_PCAML-C-036_SCI_N_20230417060844_20230417060844_0288_B.png,CE4_GRAS_PCAMR-C-017_SCI_N_20220106120337_20220106120337_0226_B.png,2,0,462,563,0,1659,1018,-1,0.1017
760,CE4_GRAS_PCAML-C-051_SCI_N_20230615051107_20230615051107_0296_B.png,CE4_GRAS_PCAMR-C-007_SCI_N_20220920065050_20220920065050_0256_B.png,0,0,2016,1049,0,966,671,0,0.2801
760,CE4_GRAS_PCAML-C-051_SCI_N_20230615051107_20230615051107_0296_B.png,CE4_GRAS_PCAMR-C-007_SCI_N_20220920065050_20220920065050_0256_B.png,1,1,1344,1357,1,336,956,0,0.2801
760,CE4_GRAS_PCAML-C-051_SCI_N_20230615051107_20230615051107_0296_B.png,CE4_GRAS_PCAMR-C-007_SCI_N_20220920065050_20220920065050_0256_B.png,2,0,630,177,0,483,601,0,0.2801
761,CE4_GRAS_PCAML-C-009_SCI_N_20230615034431_20230615034431_0296_B.png,CE4_GRAS_PCAMR-C-002_SCI_N_20201211034915_20201211034915_0161_B.png,0,1,2110,925,1,1144,177,0,0.1780
761,CE4_GRAS_PCAML-C-009_SCI_N_20230615034431_20230615034431_0296_B.png,CE4_GRAS_PCAMR-C-002_SCI_N_20201211034915_20201211034915_0161_B.png,1,0,1564,1033,0,1932,987,-1,0.1780
761,CE4_GRAS_PCAML-C-009_SCI_N_20230615034431_20230615034431_0296_B.png,CE4_GRAS_PCAMR-C-002_SCI_N_20201211034915_20201211034915_0161_B.png,2,0,1239,817,0,2026,254,-1,0.1780
762,CE4_GRAS_PCAML-C-002_SCI_N_20201012043452_20201012043452_0148_B.png,CE4_GRAS_PCAML-C-011_SCI_N_20221127085514_20221127085514_0269_B.png,0,1,1858,455,1,745,1126,1,0.1899
762,CE4_GRAS_PCAML-C-002_SCI_N_20201012043452_20201012043452_0148_B.png,CE4_GRAS_PCAML-C-011_SCI_N_20221127085514_20221127085514_0269_B.png,1,1,1596,717,0,1113,1488,0,0.1899
762,CE4_GRAS_PCAML-C-002_SCI_N_20201012043452_20201012043452_0148_B.png,CE4_GRAS_PCAML-C-011_SCI_N_20221127085514_20221127085514_0269_B.png,2,0,1008,1049,0,756,547,0,0.1899
763,CE4_GRAS_PCAML-C-042_SCI_N_20230615045746_20230615045746_0296_B.png,CE4_GRAS_PCAMR-C-003_SCI_N_20220527055621_20220527055621_0247_B.png,0,1,1869,509,1,997,871,1,0.3166
763,CE4_GRAS_PCAML-C-042_SCI_N_20230615045746_20230615045746_0296_B.png,CE4_GRAS_PCAMR-C-003_SCI_N_20220527055621_20220527055621_0247_B.png,1,0,1060,864,0,1344,416,0,0.3166
763,CE4_GRAS_PCAML-C-042_SCI_N_20230615045746_20230615045746_0296_B.png,CE4_GRAS_PCAMR-C-003_SCI_N_20220527055621_20220527055621_0247_B.png,2,0,567,239,1,777,1118,-1,0.3166
